state,fiscal_year,season,is_current_cycle,vendor,county,program,channel,fill_type,delivery_terms,price_unit,contracted_tons,price_per_ton,extended_value,price_costars,contract_no,record_type,measure_basis,tons_basis,source_doc,source_page,source_url,source_sha256,retrieved_at,entity,change_notice
MI,2027,2026/2027,True,Compass Minerals,Alcona,Early Fill,MDOT,early_fill,delivered,USD/short ton,2050.0,72.79,149219.5,,260000000713,award,price+volume,derived,MI_FY2027_CompassMinerals_260000000713.pdf,28,https://www.michigan.gov/dtmb/-/media/Project/Websites/dtmb/Procurement/Contracts/022/260000000713.pdf?rev=044d384e33124f69856ff95f406d8b63&hash=EDE0618298A9461C637E9129261588D0,b42001c1d85bb1aa8af53b05e4da59e2a811f76be17396a0792a82e3a7a14675,2026-09-09T13:34:00,Lincoln,
MI,2027,2026/2027,True,Compass Minerals,Alcona,Seasonal Back-Up,MDOT,seasonal_backup,delivered,USD/short ton,700.0,76.62,53634.0,,260000000713,award,price+volume,derived,MI_FY2027_CompassMinerals_260000000713.pdf,32,https://www.michigan.gov/dtmb/-/media/Project/Websites/dtmb/Procurement/Contracts/022/260000000713.pdf?rev=044d384e33124f69856ff95f406d8b63&hash=EDE0618298A9461C637E9129261588D0,b42001c1d85bb1aa8af53b05e4da59e2a811f76be17396a0792a82e3a7a14675,2026-09-09T13:34:00,Lincoln,
MI,2027,2026/2027,True,Compass Minerals,Alcona,Early Fill,MiDEAL / State Agency,early_fill,delivered,USD/short ton,2000.0,72.79,145580.0,,260000000713,award,price+volume,derived,MI_FY2027_CompassMinerals_260000000713.pdf,36,https://www.michigan.gov/dtmb/-/media/Project/Websites/dtmb/Procurement/Contracts/022/260000000713.pdf?rev=044d384e33124f69856ff95f406d8b63&hash=EDE0618298A9461C637E9129261588D0,b42001c1d85bb1aa8af53b05e4da59e2a811f76be17396a0792a82e3a7a14675,2026-09-09T13:34:00,ALCONA COUNTY ROAD COMMISSION,
MI,2027,2026/2027,True,Compass Minerals,Alger,Early Fill,MDOT,early_fill,delivered,USD/short ton,300.0,89.97,26991.0,,260000000713,award,price+volume,derived,MI_FY2027_CompassMinerals_260000000713.pdf,27,https://www.michigan.gov/dtmb/-/media/Project/Websites/dtmb/Procurement/Contracts/022/260000000713.pdf?rev=044d384e33124f69856ff95f406d8b63&hash=EDE0618298A9461C637E9129261588D0,b42001c1d85bb1aa8af53b05e4da59e2a811f76be17396a0792a82e3a7a14675,2026-09-09T13:34:00,Grand Marais,
MI,2027,2026/2027,True,Compass Minerals,Alger,Early Fill,MDOT,early_fill,delivered,USD/short ton,3300.0,89.97,296901.0,,260000000713,award,price+volume,derived,MI_FY2027_CompassMinerals_260000000713.pdf,27,https://www.michigan.gov/dtmb/-/media/Project/Websites/dtmb/Procurement/Contracts/022/260000000713.pdf?rev=044d384e33124f69856ff95f406d8b63&hash=EDE0618298A9461C637E9129261588D0,b42001c1d85bb1aa8af53b05e4da59e2a811f76be17396a0792a82e3a7a14675,2026-09-09T13:34:00,Limestone,
MI,2027,2026/2027,True,Compass Minerals,Alger,Early Fill,MDOT,early_fill,delivered,USD/short ton,2200.0,89.97,197934.0,,260000000713,award,price+volume,derived,MI_FY2027_CompassMinerals_260000000713.pdf,27,https://www.michigan.gov/dtmb/-/media/Project/Websites/dtmb/Procurement/Contracts/022/260000000713.pdf?rev=044d384e33124f69856ff95f406d8b63&hash=EDE0618298A9461C637E9129261588D0,b42001c1d85bb1aa8af53b05e4da59e2a811f76be17396a0792a82e3a7a14675,2026-09-09T13:34:00,Munising,
MI,2027,2026/2027,True,Compass Minerals,Alger,Seasonal Back-Up,MDOT,seasonal_backup,delivered,USD/short ton,250.0,88.68,22170.0,,260000000713,award,price+volume,derived,MI_FY2027_CompassMinerals_260000000713.pdf,30,https://www.michigan.gov/dtmb/-/media/Project/Websites/dtmb/Procurement/Contracts/022/260000000713.pdf?rev=044d384e33124f69856ff95f406d8b63&hash=EDE0618298A9461C637E9129261588D0,b42001c1d85bb1aa8af53b05e4da59e2a811f76be17396a0792a82e3a7a14675,2026-09-09T13:34:00,Grand Marais,
MI,2027,2026/2027,True,Compass Minerals,Alger,Seasonal Back-Up,MDOT,seasonal_backup,delivered,USD/short ton,300.0,88.68,26604.0,,260000000713,award,price+volume,derived,MI_FY2027_CompassMinerals_260000000713.pdf,30,https://www.michigan.gov/dtmb/-/media/Project/Websites/dtmb/Procurement/Contracts/022/260000000713.pdf?rev=044d384e33124f69856ff95f406d8b63&hash=EDE0618298A9461C637E9129261588D0,b42001c1d85bb1aa8af53b05e4da59e2a811f76be17396a0792a82e3a7a14675,2026-09-09T13:34:00,Limestone,
MI,2027,2026/2027,True,Compass Minerals,Alger,Seasonal Back-Up,MDOT,seasonal_backup,delivered,USD/short ton,1700.0,88.68,150756.0,,260000000713,award,price+volume,derived,MI_FY2027_CompassMinerals_260000000713.pdf,30,https://www.michigan.gov/dtmb/-/media/Project/Websites/dtmb/Procurement/Contracts/022/260000000713.pdf?rev=044d384e33124f69856ff95f406d8b63&hash=EDE0618298A9461C637E9129261588D0,b42001c1d85bb1aa8af53b05e4da59e2a811f76be17396a0792a82e3a7a14675,2026-09-09T13:34:00,Munising,
MI,2027,2026/2027,True,Compass Minerals,Alger,Early Fill,MiDEAL / State Agency,early_fill,delivered,USD/short ton,100.0,89.97,8997.0,,260000000713,award,price+volume,derived,MI_FY2027_CompassMinerals_260000000713.pdf,35,https://www.michigan.gov/dtmb/-/media/Project/Websites/dtmb/Procurement/Contracts/022/260000000713.pdf?rev=044d384e33124f69856ff95f406d8b63&hash=EDE0618298A9461C637E9129261588D0,b42001c1d85bb1aa8af53b05e4da59e2a811f76be17396a0792a82e3a7a14675,2026-09-09T13:34:00,"MUNISING, CITY OF",
MI,2027,2026/2027,True,Compass Minerals,Alger,Early Fill,MiDEAL / State Agency,early_fill,delivered,USD/short ton,350.0,89.97,31489.5,,260000000713,award,price+volume,derived,MI_FY2027_CompassMinerals_260000000713.pdf,35,https://www.michigan.gov/dtmb/-/media/Project/Websites/dtmb/Procurement/Contracts/022/260000000713.pdf?rev=044d384e33124f69856ff95f406d8b63&hash=EDE0618298A9461C637E9129261588D0,b42001c1d85bb1aa8af53b05e4da59e2a811f76be17396a0792a82e3a7a14675,2026-09-09T13:34:00,ALGER COUNTY ROAD COMMISSION,
MI,2027,2026/2027,True,Compass Minerals,Alger,Early Fill,MiDEAL / State Agency,early_fill,delivered,USD/short ton,250.0,89.97,22492.5,,260000000713,award,price+volume,derived,MI_FY2027_CompassMinerals_260000000713.pdf,35,https://www.michigan.gov/dtmb/-/media/Project/Websites/dtmb/Procurement/Contracts/022/260000000713.pdf?rev=044d384e33124f69856ff95f406d8b63&hash=EDE0618298A9461C637E9129261588D0,b42001c1d85bb1aa8af53b05e4da59e2a811f76be17396a0792a82e3a7a14675,2026-09-09T13:34:00,ALGER COUNTY ROAD COMMISSION,
MI,2027,2026/2027,True,Compass Minerals,Alger,Early Fill,MiDEAL / State Agency,early_fill,delivered,USD/short ton,50.0,89.97,4498.5,,260000000713,award,price+volume,derived,MI_FY2027_CompassMinerals_260000000713.pdf,35,https://www.michigan.gov/dtmb/-/media/Project/Websites/dtmb/Procurement/Contracts/022/260000000713.pdf?rev=044d384e33124f69856ff95f406d8b63&hash=EDE0618298A9461C637E9129261588D0,b42001c1d85bb1aa8af53b05e4da59e2a811f76be17396a0792a82e3a7a14675,2026-09-09T13:34:00,ALGER COUNTY ROAD COMMISSION,
MI,2027,2026/2027,True,Compass Minerals,Alger,Seasonal Back-Up,MiDEAL / State Agency,seasonal_backup,delivered,USD/short ton,350.0,88.68,31038.0,,260000000713,award,price+volume,derived,MI_FY2027_CompassMinerals_260000000713.pdf,38,https://www.michigan.gov/dtmb/-/media/Project/Websites/dtmb/Procurement/Contracts/022/260000000713.pdf?rev=044d384e33124f69856ff95f406d8b63&hash=EDE0618298A9461C637E9129261588D0,b42001c1d85bb1aa8af53b05e4da59e2a811f76be17396a0792a82e3a7a14675,2026-09-09T13:34:00,ALGER COUNTY ROAD COMMISSION,
MI,2027,2026/2027,True,Compass Minerals,Alger,Seasonal Back-Up,MiDEAL / State Agency,seasonal_backup,delivered,USD/short ton,250.0,88.68,22170.0,,260000000713,award,price+volume,derived,MI_FY2027_CompassMinerals_260000000713.pdf,38,https://www.michigan.gov/dtmb/-/media/Project/Websites/dtmb/Procurement/Contracts/022/260000000713.pdf?rev=044d384e33124f69856ff95f406d8b63&hash=EDE0618298A9461C637E9129261588D0,b42001c1d85bb1aa8af53b05e4da59e2a811f76be17396a0792a82e3a7a14675,2026-09-09T13:34:00,ALGER COUNTY ROAD COMMISSION,
MI,2027,2026/2027,True,Compass Minerals,Alger,Seasonal Back-Up,MiDEAL / State Agency,seasonal_backup,delivered,USD/short ton,50.0,88.68,4434.0,,260000000713,award,price+volume,derived,MI_FY2027_CompassMinerals_260000000713.pdf,38,https://www.michigan.gov/dtmb/-/media/Project/Websites/dtmb/Procurement/Contracts/022/260000000713.pdf?rev=044d384e33124f69856ff95f406d8b63&hash=EDE0618298A9461C637E9129261588D0,b42001c1d85bb1aa8af53b05e4da59e2a811f76be17396a0792a82e3a7a14675,2026-09-09T13:34:00,ALGER COUNTY ROAD COMMISSION,
MI,2027,2026/2027,True,Compass Minerals,Alger,Seasonal Back-Up,MiDEAL / State Agency,seasonal_backup,delivered,USD/short ton,700.0,88.68,62076.0,,260000000713,award,price+volume,derived,MI_FY2027_CompassMinerals_260000000713.pdf,38,https://www.michigan.gov/dtmb/-/media/Project/Websites/dtmb/Procurement/Contracts/022/260000000713.pdf?rev=044d384e33124f69856ff95f406d8b63&hash=EDE0618298A9461C637E9129261588D0,b42001c1d85bb1aa8af53b05e4da59e2a811f76be17396a0792a82e3a7a14675,2026-09-09T13:34:00,"MUNISING, CITY OF",
MI,2027,2026/2027,True,Compass Minerals,Allegan,Seasonal Back-Up,MDOT,seasonal_backup,delivered,USD/short ton,2000.0,75.26,150520.0,,260000000713,award,price+volume,derived,MI_FY2027_CompassMinerals_260000000713.pdf,33,https://www.michigan.gov/dtmb/-/media/Project/Websites/dtmb/Procurement/Contracts/022/260000000713.pdf?rev=044d384e33124f69856ff95f406d8b63&hash=EDE0618298A9461C637E9129261588D0,b42001c1d85bb1aa8af53b05e4da59e2a811f76be17396a0792a82e3a7a14675,2026-09-09T13:34:00,Fennville,
MI,2027,2026/2027,True,Compass Minerals,Allegan,Seasonal Back-Up,MDOT,seasonal_backup,delivered,USD/short ton,1500.0,75.26,112890.0,,260000000713,award,price+volume,derived,MI_FY2027_CompassMinerals_260000000713.pdf,33,https://www.michigan.gov/dtmb/-/media/Project/Websites/dtmb/Procurement/Contracts/022/260000000713.pdf?rev=044d384e33124f69856ff95f406d8b63&hash=EDE0618298A9461C637E9129261588D0,b42001c1d85bb1aa8af53b05e4da59e2a811f76be17396a0792a82e3a7a14675,2026-09-09T13:34:00,Plainwell,
MI,2027,2026/2027,True,Compass Minerals,Allegan,Seasonal Back-Up,MiDEAL / State Agency,seasonal_backup,delivered,USD/short ton,300.0,75.26,22578.0,,260000000713,award,price+volume,derived,MI_FY2027_CompassMinerals_260000000713.pdf,39,https://www.michigan.gov/dtmb/-/media/Project/Websites/dtmb/Procurement/Contracts/022/260000000713.pdf?rev=044d384e33124f69856ff95f406d8b63&hash=EDE0618298A9461C637E9129261588D0,b42001c1d85bb1aa8af53b05e4da59e2a811f76be17396a0792a82e3a7a14675,2026-09-09T13:34:00,"Douglas, City of",
MI,2027,2026/2027,True,Compass Minerals,Allegan,Seasonal Back-Up,MiDEAL / State Agency,seasonal_backup,delivered,USD/short ton,200.0,75.26,15052.0,,260000000713,award,price+volume,derived,MI_FY2027_CompassMinerals_260000000713.pdf,39,https://www.michigan.gov/dtmb/-/media/Project/Websites/dtmb/Procurement/Contracts/022/260000000713.pdf?rev=044d384e33124f69856ff95f406d8b63&hash=EDE0618298A9461C637E9129261588D0,b42001c1d85bb1aa8af53b05e4da59e2a811f76be17396a0792a82e3a7a14675,2026-09-09T13:34:00,"SAUGATUCK, CITY OF",
MI,2027,2026/2027,True,Compass Minerals,Allegan,Seasonal Back-Up,MiDEAL / State Agency,seasonal_backup,delivered,USD/short ton,100.0,75.26,7526.0,,260000000713,award,price+volume,derived,MI_FY2027_CompassMinerals_260000000713.pdf,39,https://www.michigan.gov/dtmb/-/media/Project/Websites/dtmb/Procurement/Contracts/022/260000000713.pdf?rev=044d384e33124f69856ff95f406d8b63&hash=EDE0618298A9461C637E9129261588D0,b42001c1d85bb1aa8af53b05e4da59e2a811f76be17396a0792a82e3a7a14675,2026-09-09T13:34:00,"PLAINWELL, CITY OF",
MI,2027,2026/2027,True,Compass Minerals,Allegan,Seasonal Back-Up,MiDEAL / State Agency,seasonal_backup,delivered,USD/short ton,50.0,75.26,3763.0,,260000000713,award,price+volume,derived,MI_FY2027_CompassMinerals_260000000713.pdf,39,https://www.michigan.gov/dtmb/-/media/Project/Websites/dtmb/Procurement/Contracts/022/260000000713.pdf?rev=044d384e33124f69856ff95f406d8b63&hash=EDE0618298A9461C637E9129261588D0,b42001c1d85bb1aa8af53b05e4da59e2a811f76be17396a0792a82e3a7a14675,2026-09-09T13:34:00,PLAINWELL COMMUNITY SCHOOLS,
MI,2027,2026/2027,True,Compass Minerals,Allegan,Seasonal Back-Up,MiDEAL / State Agency,seasonal_backup,delivered,USD/short ton,200.0,75.26,15052.0,,260000000713,award,price+volume,derived,MI_FY2027_CompassMinerals_260000000713.pdf,39,https://www.michigan.gov/dtmb/-/media/Project/Websites/dtmb/Procurement/Contracts/022/260000000713.pdf?rev=044d384e33124f69856ff95f406d8b63&hash=EDE0618298A9461C637E9129261588D0,b42001c1d85bb1aa8af53b05e4da59e2a811f76be17396a0792a82e3a7a14675,2026-09-09T13:34:00,"ALLEGAN, CITY OF",
MI,2027,2026/2027,True,Compass Minerals,Allegan,Seasonal Back-Up,MiDEAL / State Agency,seasonal_backup,delivered,USD/short ton,200.0,75.26,15052.0,,260000000713,award,price+volume,derived,MI_FY2027_CompassMinerals_260000000713.pdf,39,https://www.michigan.gov/dtmb/-/media/Project/Websites/dtmb/Procurement/Contracts/022/260000000713.pdf?rev=044d384e33124f69856ff95f406d8b63&hash=EDE0618298A9461C637E9129261588D0,b42001c1d85bb1aa8af53b05e4da59e2a811f76be17396a0792a82e3a7a14675,2026-09-09T13:34:00,"OTSEGO, CITY OF",
MI,2027,2026/2027,True,Compass Minerals,Allegan,Seasonal Back-Up,MiDEAL / State Agency,seasonal_backup,delivered,USD/short ton,50.0,75.26,3763.0,,260000000713,award,price+volume,derived,MI_FY2027_CompassMinerals_260000000713.pdf,39,https://www.michigan.gov/dtmb/-/media/Project/Websites/dtmb/Procurement/Contracts/022/260000000713.pdf?rev=044d384e33124f69856ff95f406d8b63&hash=EDE0618298A9461C637E9129261588D0,b42001c1d85bb1aa8af53b05e4da59e2a811f76be17396a0792a82e3a7a14675,2026-09-09T13:34:00,WAYLAND UNION SCHOOLS,
MI,2027,2026/2027,True,Compass Minerals,Allegan,Seasonal Back-Up,MiDEAL / State Agency,seasonal_backup,delivered,USD/short ton,50.0,75.26,3763.0,,260000000713,award,price+volume,derived,MI_FY2027_CompassMinerals_260000000713.pdf,39,https://www.michigan.gov/dtmb/-/media/Project/Websites/dtmb/Procurement/Contracts/022/260000000713.pdf?rev=044d384e33124f69856ff95f406d8b63&hash=EDE0618298A9461C637E9129261588D0,b42001c1d85bb1aa8af53b05e4da59e2a811f76be17396a0792a82e3a7a14675,2026-09-09T13:34:00,"FENNVILLE, CITY OF",
MI,2027,2026/2027,True,Compass Minerals,Allegan,Seasonal Back-Up,MiDEAL / State Agency,seasonal_backup,delivered,USD/short ton,600.0,75.26,45156.0,,260000000713,award,price+volume,derived,MI_FY2027_CompassMinerals_260000000713.pdf,39,https://www.michigan.gov/dtmb/-/media/Project/Websites/dtmb/Procurement/Contracts/022/260000000713.pdf?rev=044d384e33124f69856ff95f406d8b63&hash=EDE0618298A9461C637E9129261588D0,b42001c1d85bb1aa8af53b05e4da59e2a811f76be17396a0792a82e3a7a14675,2026-09-09T13:34:00,"WAYLAND, CITY OF",
MI,2027,2026/2027,True,Compass Minerals,Allegan,Seasonal Back-Up,MiDEAL / State Agency,seasonal_backup,delivered,USD/short ton,750.0,75.26,56445.0,,260000000713,award,price+volume,derived,MI_FY2027_CompassMinerals_260000000713.pdf,39,https://www.michigan.gov/dtmb/-/media/Project/Websites/dtmb/Procurement/Contracts/022/260000000713.pdf?rev=044d384e33124f69856ff95f406d8b63&hash=EDE0618298A9461C637E9129261588D0,b42001c1d85bb1aa8af53b05e4da59e2a811f76be17396a0792a82e3a7a14675,2026-09-09T13:34:00,ALLEGAN COUNTY ROAD COMMISSION,
MI,2027,2026/2027,True,Compass Minerals,Allegan,Seasonal Back-Up,MiDEAL / State Agency,seasonal_backup,delivered,USD/short ton,750.0,75.26,56445.0,,260000000713,award,price+volume,derived,MI_FY2027_CompassMinerals_260000000713.pdf,39,https://www.michigan.gov/dtmb/-/media/Project/Websites/dtmb/Procurement/Contracts/022/260000000713.pdf?rev=044d384e33124f69856ff95f406d8b63&hash=EDE0618298A9461C637E9129261588D0,b42001c1d85bb1aa8af53b05e4da59e2a811f76be17396a0792a82e3a7a14675,2026-09-09T13:34:00,ALLEGAN COUNTY ROAD COMMISSION,
MI,2027,2026/2027,True,Compass Minerals,Allegan,Seasonal Back-Up,MiDEAL / State Agency,seasonal_backup,delivered,USD/short ton,750.0,75.26,56445.0,,260000000713,award,price+volume,derived,MI_FY2027_CompassMinerals_260000000713.pdf,39,https://www.michigan.gov/dtmb/-/media/Project/Websites/dtmb/Procurement/Contracts/022/260000000713.pdf?rev=044d384e33124f69856ff95f406d8b63&hash=EDE0618298A9461C637E9129261588D0,b42001c1d85bb1aa8af53b05e4da59e2a811f76be17396a0792a82e3a7a14675,2026-09-09T13:34:00,ALLEGAN COUNTY ROAD COMMISSION,
MI,2027,2026/2027,True,Compass Minerals,Allegan,Seasonal Back-Up,MiDEAL / State Agency,seasonal_backup,delivered,USD/short ton,750.0,75.26,56445.0,,260000000713,award,price+volume,derived,MI_FY2027_CompassMinerals_260000000713.pdf,39,https://www.michigan.gov/dtmb/-/media/Project/Websites/dtmb/Procurement/Contracts/022/260000000713.pdf?rev=044d384e33124f69856ff95f406d8b63&hash=EDE0618298A9461C637E9129261588D0,b42001c1d85bb1aa8af53b05e4da59e2a811f76be17396a0792a82e3a7a14675,2026-09-09T13:34:00,ALLEGAN COUNTY ROAD COMMISSION,
MI,2027,2026/2027,True,Compass Minerals,Allegan,Seasonal Back-Up,MiDEAL / State Agency,seasonal_backup,delivered,USD/short ton,2500.0,75.26,188150.0,,260000000713,award,price+volume,derived,MI_FY2027_CompassMinerals_260000000713.pdf,39,https://www.michigan.gov/dtmb/-/media/Project/Websites/dtmb/Procurement/Contracts/022/260000000713.pdf?rev=044d384e33124f69856ff95f406d8b63&hash=EDE0618298A9461C637E9129261588D0,b42001c1d85bb1aa8af53b05e4da59e2a811f76be17396a0792a82e3a7a14675,2026-09-09T13:34:00,"HOLLAND, CITY OF",
MI,2027,2026/2027,True,Compass Minerals,Alpena,Early Fill,MDOT,early_fill,delivered,USD/short ton,2000.0,72.82,145640.0,,260000000713,award,price+volume,derived,MI_FY2027_CompassMinerals_260000000713.pdf,28,https://www.michigan.gov/dtmb/-/media/Project/Websites/dtmb/Procurement/Contracts/022/260000000713.pdf?rev=044d384e33124f69856ff95f406d8b63&hash=EDE0618298A9461C637E9129261588D0,b42001c1d85bb1aa8af53b05e4da59e2a811f76be17396a0792a82e3a7a14675,2026-09-09T13:34:00,Alpena,
MI,2027,2026/2027,True,Compass Minerals,Alpena,Seasonal Back-Up,MDOT,seasonal_backup,delivered,USD/short ton,1500.0,77.62,116430.0,,260000000713,award,price+volume,derived,MI_FY2027_CompassMinerals_260000000713.pdf,32,https://www.michigan.gov/dtmb/-/media/Project/Websites/dtmb/Procurement/Contracts/022/260000000713.pdf?rev=044d384e33124f69856ff95f406d8b63&hash=EDE0618298A9461C637E9129261588D0,b42001c1d85bb1aa8af53b05e4da59e2a811f76be17396a0792a82e3a7a14675,2026-09-09T13:34:00,Alpena,
MI,2027,2026/2027,True,Compass Minerals,Alpena,Early Fill,MiDEAL / State Agency,early_fill,delivered,USD/short ton,50.0,72.82,3641.0,,260000000713,award,price+volume,derived,MI_FY2027_CompassMinerals_260000000713.pdf,36,https://www.michigan.gov/dtmb/-/media/Project/Websites/dtmb/Procurement/Contracts/022/260000000713.pdf?rev=044d384e33124f69856ff95f406d8b63&hash=EDE0618298A9461C637E9129261588D0,b42001c1d85bb1aa8af53b05e4da59e2a811f76be17396a0792a82e3a7a14675,2026-09-09T13:34:00,ALPENA COMMUNITY COLLEGE,
MI,2027,2026/2027,True,Compass Minerals,Alpena,Early Fill,MiDEAL / State Agency,early_fill,delivered,USD/short ton,1800.0,72.82,131076.0,,260000000713,award,price+volume,derived,MI_FY2027_CompassMinerals_260000000713.pdf,36,https://www.michigan.gov/dtmb/-/media/Project/Websites/dtmb/Procurement/Contracts/022/260000000713.pdf?rev=044d384e33124f69856ff95f406d8b63&hash=EDE0618298A9461C637E9129261588D0,b42001c1d85bb1aa8af53b05e4da59e2a811f76be17396a0792a82e3a7a14675,2026-09-09T13:34:00,"ALPENA, CITY OF",
MI,2027,2026/2027,True,Compass Minerals,Alpena,Early Fill,MiDEAL / State Agency,early_fill,delivered,USD/short ton,1500.0,72.82,109230.0,,260000000713,award,price+volume,derived,MI_FY2027_CompassMinerals_260000000713.pdf,36,https://www.michigan.gov/dtmb/-/media/Project/Websites/dtmb/Procurement/Contracts/022/260000000713.pdf?rev=044d384e33124f69856ff95f406d8b63&hash=EDE0618298A9461C637E9129261588D0,b42001c1d85bb1aa8af53b05e4da59e2a811f76be17396a0792a82e3a7a14675,2026-09-09T13:34:00,ALPENA COUNTY ROAD COMMISSION,
MI,2027,2026/2027,True,Compass Minerals,Alpena,Seasonal Back-Up,MiDEAL / State Agency,seasonal_backup,delivered,USD/short ton,1000.0,77.62,77620.0,,260000000713,award,price+volume,derived,MI_FY2027_CompassMinerals_260000000713.pdf,38,https://www.michigan.gov/dtmb/-/media/Project/Websites/dtmb/Procurement/Contracts/022/260000000713.pdf?rev=044d384e33124f69856ff95f406d8b63&hash=EDE0618298A9461C637E9129261588D0,b42001c1d85bb1aa8af53b05e4da59e2a811f76be17396a0792a82e3a7a14675,2026-09-09T13:34:00,ALPENA COUNTY ROAD COMMISSION,
MI,2027,2026/2027,True,Compass Minerals,Alpena,Seasonal Back-Up,MiDEAL / State Agency,seasonal_backup,delivered,USD/short ton,50.0,77.62,3881.0,,260000000713,award,price+volume,derived,MI_FY2027_CompassMinerals_260000000713.pdf,38,https://www.michigan.gov/dtmb/-/media/Project/Websites/dtmb/Procurement/Contracts/022/260000000713.pdf?rev=044d384e33124f69856ff95f406d8b63&hash=EDE0618298A9461C637E9129261588D0,b42001c1d85bb1aa8af53b05e4da59e2a811f76be17396a0792a82e3a7a14675,2026-09-09T13:34:00,ALPENA COMMUNITY COLLEGE,
MI,2027,2026/2027,True,Compass Minerals,Alpena,Seasonal Back-Up,MiDEAL / State Agency,seasonal_backup,delivered,USD/short ton,800.0,77.62,62096.0,,260000000713,award,price+volume,derived,MI_FY2027_CompassMinerals_260000000713.pdf,38,https://www.michigan.gov/dtmb/-/media/Project/Websites/dtmb/Procurement/Contracts/022/260000000713.pdf?rev=044d384e33124f69856ff95f406d8b63&hash=EDE0618298A9461C637E9129261588D0,b42001c1d85bb1aa8af53b05e4da59e2a811f76be17396a0792a82e3a7a14675,2026-09-09T13:34:00,"ALPENA, CITY OF",
MI,2027,2026/2027,True,Compass Minerals,Alpena,Seasonal Back-Up,MiDEAL / State Agency,seasonal_backup,delivered,USD/short ton,50.0,77.62,3881.0,,260000000713,award,price+volume,derived,MI_FY2027_CompassMinerals_260000000713.pdf,38,https://www.michigan.gov/dtmb/-/media/Project/Websites/dtmb/Procurement/Contracts/022/260000000713.pdf?rev=044d384e33124f69856ff95f406d8b63&hash=EDE0618298A9461C637E9129261588D0,b42001c1d85bb1aa8af53b05e4da59e2a811f76be17396a0792a82e3a7a14675,2026-09-09T13:34:00,DMVA-AGENCY,
MI,2027,2026/2027,True,Compass Minerals,Antrim,Seasonal Back-Up,MDOT,seasonal_backup,delivered,USD/short ton,200.0,85.96,17192.0,,260000000713,award,price+volume,derived,MI_FY2027_CompassMinerals_260000000713.pdf,32,https://www.michigan.gov/dtmb/-/media/Project/Websites/dtmb/Procurement/Contracts/022/260000000713.pdf?rev=044d384e33124f69856ff95f406d8b63&hash=EDE0618298A9461C637E9129261588D0,b42001c1d85bb1aa8af53b05e4da59e2a811f76be17396a0792a82e3a7a14675,2026-09-09T13:34:00,Central Lake,
MI,2027,2026/2027,True,Compass Minerals,Antrim,Seasonal Back-Up,MDOT,seasonal_backup,delivered,USD/short ton,200.0,85.96,17192.0,,260000000713,award,price+volume,derived,MI_FY2027_CompassMinerals_260000000713.pdf,32,https://www.michigan.gov/dtmb/-/media/Project/Websites/dtmb/Procurement/Contracts/022/260000000713.pdf?rev=044d384e33124f69856ff95f406d8b63&hash=EDE0618298A9461C637E9129261588D0,b42001c1d85bb1aa8af53b05e4da59e2a811f76be17396a0792a82e3a7a14675,2026-09-09T13:34:00,Kewadin,
MI,2027,2026/2027,True,Compass Minerals,Antrim,Seasonal Back-Up,MDOT,seasonal_backup,delivered,USD/short ton,300.0,85.96,25788.0,,260000000713,award,price+volume,derived,MI_FY2027_CompassMinerals_260000000713.pdf,32,https://www.michigan.gov/dtmb/-/media/Project/Websites/dtmb/Procurement/Contracts/022/260000000713.pdf?rev=044d384e33124f69856ff95f406d8b63&hash=EDE0618298A9461C637E9129261588D0,b42001c1d85bb1aa8af53b05e4da59e2a811f76be17396a0792a82e3a7a14675,2026-09-09T13:34:00,Mancelona,
MI,2027,2026/2027,True,Compass Minerals,Antrim,Seasonal Back-Up,MiDEAL / State Agency,seasonal_backup,delivered,USD/short ton,200.0,85.96,17192.0,,260000000713,award,price+volume,derived,MI_FY2027_CompassMinerals_260000000713.pdf,38,https://www.michigan.gov/dtmb/-/media/Project/Websites/dtmb/Procurement/Contracts/022/260000000713.pdf?rev=044d384e33124f69856ff95f406d8b63&hash=EDE0618298A9461C637E9129261588D0,b42001c1d85bb1aa8af53b05e4da59e2a811f76be17396a0792a82e3a7a14675,2026-09-09T13:34:00,ANTRIM COUNTY ROAD COMMISSION,
MI,2027,2026/2027,True,Compass Minerals,Antrim,Seasonal Back-Up,MiDEAL / State Agency,seasonal_backup,delivered,USD/short ton,200.0,85.96,17192.0,,260000000713,award,price+volume,derived,MI_FY2027_CompassMinerals_260000000713.pdf,38,https://www.michigan.gov/dtmb/-/media/Project/Websites/dtmb/Procurement/Contracts/022/260000000713.pdf?rev=044d384e33124f69856ff95f406d8b63&hash=EDE0618298A9461C637E9129261588D0,b42001c1d85bb1aa8af53b05e4da59e2a811f76be17396a0792a82e3a7a14675,2026-09-09T13:34:00,ANTRIM COUNTY ROAD COMMISSION,
MI,2027,2026/2027,True,Compass Minerals,Antrim,Seasonal Back-Up,MiDEAL / State Agency,seasonal_backup,delivered,USD/short ton,100.0,85.96,8596.0,,260000000713,award,price+volume,derived,MI_FY2027_CompassMinerals_260000000713.pdf,38,https://www.michigan.gov/dtmb/-/media/Project/Websites/dtmb/Procurement/Contracts/022/260000000713.pdf?rev=044d384e33124f69856ff95f406d8b63&hash=EDE0618298A9461C637E9129261588D0,b42001c1d85bb1aa8af53b05e4da59e2a811f76be17396a0792a82e3a7a14675,2026-09-09T13:34:00,ANTRIM COUNTY ROAD COMMISSION,
MI,2027,2026/2027,True,Compass Minerals,Baraga,Early Fill,MDOT,early_fill,delivered,USD/short ton,5000.0,101.45,507250.0,,260000000713,award,price+volume,derived,MI_FY2027_CompassMinerals_260000000713.pdf,27,https://www.michigan.gov/dtmb/-/media/Project/Websites/dtmb/Procurement/Contracts/022/260000000713.pdf?rev=044d384e33124f69856ff95f406d8b63&hash=EDE0618298A9461C637E9129261588D0,b42001c1d85bb1aa8af53b05e4da59e2a811f76be17396a0792a82e3a7a14675,2026-09-09T13:34:00,Covington,
MI,2027,2026/2027,True,Compass Minerals,Baraga,Early Fill,MDOT,early_fill,delivered,USD/short ton,4000.0,101.45,405800.0,,260000000713,award,price+volume,derived,MI_FY2027_CompassMinerals_260000000713.pdf,27,https://www.michigan.gov/dtmb/-/media/Project/Websites/dtmb/Procurement/Contracts/022/260000000713.pdf?rev=044d384e33124f69856ff95f406d8b63&hash=EDE0618298A9461C637E9129261588D0,b42001c1d85bb1aa8af53b05e4da59e2a811f76be17396a0792a82e3a7a14675,2026-09-09T13:34:00,L'Anse,
MI,2027,2026/2027,True,Compass Minerals,Baraga,Seasonal Back-Up,MDOT,seasonal_backup,delivered,USD/short ton,50.0,113.67,5683.5,,260000000713,award,price+volume,derived,MI_FY2027_CompassMinerals_260000000713.pdf,30,https://www.michigan.gov/dtmb/-/media/Project/Websites/dtmb/Procurement/Contracts/022/260000000713.pdf?rev=044d384e33124f69856ff95f406d8b63&hash=EDE0618298A9461C637E9129261588D0,b42001c1d85bb1aa8af53b05e4da59e2a811f76be17396a0792a82e3a7a14675,2026-09-09T13:34:00,Covington,
MI,2027,2026/2027,True,Compass Minerals,Baraga,Seasonal Back-Up,MDOT,seasonal_backup,delivered,USD/short ton,50.0,113.67,5683.5,,260000000713,award,price+volume,derived,MI_FY2027_CompassMinerals_260000000713.pdf,30,https://www.michigan.gov/dtmb/-/media/Project/Websites/dtmb/Procurement/Contracts/022/260000000713.pdf?rev=044d384e33124f69856ff95f406d8b63&hash=EDE0618298A9461C637E9129261588D0,b42001c1d85bb1aa8af53b05e4da59e2a811f76be17396a0792a82e3a7a14675,2026-09-09T13:34:00,L'Anse,
MI,2027,2026/2027,True,Compass Minerals,Baraga,Early Fill,MiDEAL / State Agency,early_fill,delivered,USD/short ton,100.0,101.45,10145.0,,260000000713,award,price+volume,derived,MI_FY2027_CompassMinerals_260000000713.pdf,35,https://www.michigan.gov/dtmb/-/media/Project/Websites/dtmb/Procurement/Contracts/022/260000000713.pdf?rev=044d384e33124f69856ff95f406d8b63&hash=EDE0618298A9461C637E9129261588D0,b42001c1d85bb1aa8af53b05e4da59e2a811f76be17396a0792a82e3a7a14675,2026-09-09T13:34:00,BARAGA COUNTY RD. COMMISSION,
MI,2027,2026/2027,True,Compass Minerals,Baraga,Early Fill,MiDEAL / State Agency,early_fill,delivered,USD/short ton,200.0,101.45,20290.0,,260000000713,award,price+volume,derived,MI_FY2027_CompassMinerals_260000000713.pdf,35,https://www.michigan.gov/dtmb/-/media/Project/Websites/dtmb/Procurement/Contracts/022/260000000713.pdf?rev=044d384e33124f69856ff95f406d8b63&hash=EDE0618298A9461C637E9129261588D0,b42001c1d85bb1aa8af53b05e4da59e2a811f76be17396a0792a82e3a7a14675,2026-09-09T13:34:00,"LANSE, VILLAGE OF",
MI,2027,2026/2027,True,Compass Minerals,Baraga,Early Fill,MiDEAL / State Agency,early_fill,delivered,USD/short ton,250.0,101.45,25362.5,,260000000713,award,price+volume,derived,MI_FY2027_CompassMinerals_260000000713.pdf,35,https://www.michigan.gov/dtmb/-/media/Project/Websites/dtmb/Procurement/Contracts/022/260000000713.pdf?rev=044d384e33124f69856ff95f406d8b63&hash=EDE0618298A9461C637E9129261588D0,b42001c1d85bb1aa8af53b05e4da59e2a811f76be17396a0792a82e3a7a14675,2026-09-09T13:34:00,"BARAGA, VILLAGE OF",
MI,2027,2026/2027,True,Compass Minerals,Baraga,Early Fill,MiDEAL / State Agency,early_fill,delivered,USD/short ton,50.0,101.45,5072.5,,260000000713,award,price+volume,derived,MI_FY2027_CompassMinerals_260000000713.pdf,35,https://www.michigan.gov/dtmb/-/media/Project/Websites/dtmb/Procurement/Contracts/022/260000000713.pdf?rev=044d384e33124f69856ff95f406d8b63&hash=EDE0618298A9461C637E9129261588D0,b42001c1d85bb1aa8af53b05e4da59e2a811f76be17396a0792a82e3a7a14675,2026-09-09T13:34:00,BARAGA COUNTY RD. COMMISSION,
MI,2027,2026/2027,True,Compass Minerals,Baraga,Early Fill,MiDEAL / State Agency,early_fill,delivered,USD/short ton,100.0,101.45,10145.0,,260000000713,award,price+volume,derived,MI_FY2027_CompassMinerals_260000000713.pdf,35,https://www.michigan.gov/dtmb/-/media/Project/Websites/dtmb/Procurement/Contracts/022/260000000713.pdf?rev=044d384e33124f69856ff95f406d8b63&hash=EDE0618298A9461C637E9129261588D0,b42001c1d85bb1aa8af53b05e4da59e2a811f76be17396a0792a82e3a7a14675,2026-09-09T13:34:00,BARAGA COUNTY RD. COMMISSION,
MI,2027,2026/2027,True,Compass Minerals,Benzie,Early Fill,MDOT,early_fill,delivered,USD/short ton,1000.0,82.77,82770.0,,260000000713,award,price+volume,derived,MI_FY2027_CompassMinerals_260000000713.pdf,28,https://www.michigan.gov/dtmb/-/media/Project/Websites/dtmb/Procurement/Contracts/022/260000000713.pdf?rev=044d384e33124f69856ff95f406d8b63&hash=EDE0618298A9461C637E9129261588D0,b42001c1d85bb1aa8af53b05e4da59e2a811f76be17396a0792a82e3a7a14675,2026-09-09T13:34:00,Honor,
MI,2027,2026/2027,True,Compass Minerals,Benzie,Seasonal Back-Up,MDOT,seasonal_backup,delivered,USD/short ton,1000.0,80.66,80660.0,,260000000713,award,price+volume,derived,MI_FY2027_CompassMinerals_260000000713.pdf,32,https://www.michigan.gov/dtmb/-/media/Project/Websites/dtmb/Procurement/Contracts/022/260000000713.pdf?rev=044d384e33124f69856ff95f406d8b63&hash=EDE0618298A9461C637E9129261588D0,b42001c1d85bb1aa8af53b05e4da59e2a811f76be17396a0792a82e3a7a14675,2026-09-09T13:34:00,Honor,
MI,2027,2026/2027,True,Compass Minerals,Benzie,Early Fill,MiDEAL / State Agency,early_fill,delivered,USD/short ton,1000.0,82.77,82770.0,,260000000713,award,price+volume,derived,MI_FY2027_CompassMinerals_260000000713.pdf,36,https://www.michigan.gov/dtmb/-/media/Project/Websites/dtmb/Procurement/Contracts/022/260000000713.pdf?rev=044d384e33124f69856ff95f406d8b63&hash=EDE0618298A9461C637E9129261588D0,b42001c1d85bb1aa8af53b05e4da59e2a811f76be17396a0792a82e3a7a14675,2026-09-09T13:34:00,BENZIE COUNTY ROAD COMMISSION,
MI,2027,2026/2027,True,Compass Minerals,Benzie,Seasonal Back-Up,MiDEAL / State Agency,seasonal_backup,delivered,USD/short ton,800.0,80.66,64528.0,,260000000713,award,price+volume,derived,MI_FY2027_CompassMinerals_260000000713.pdf,38,https://www.michigan.gov/dtmb/-/media/Project/Websites/dtmb/Procurement/Contracts/022/260000000713.pdf?rev=044d384e33124f69856ff95f406d8b63&hash=EDE0618298A9461C637E9129261588D0,b42001c1d85bb1aa8af53b05e4da59e2a811f76be17396a0792a82e3a7a14675,2026-09-09T13:34:00,BENZIE COUNTY ROAD COMMISSION,
MI,2027,2026/2027,True,Compass Minerals,Charlevoix,Seasonal Back-Up,MDOT,seasonal_backup,delivered,USD/short ton,1000.0,85.39,85390.0,,260000000713,award,price+volume,derived,MI_FY2027_CompassMinerals_260000000713.pdf,32,https://www.michigan.gov/dtmb/-/media/Project/Websites/dtmb/Procurement/Contracts/022/260000000713.pdf?rev=044d384e33124f69856ff95f406d8b63&hash=EDE0618298A9461C637E9129261588D0,b42001c1d85bb1aa8af53b05e4da59e2a811f76be17396a0792a82e3a7a14675,2026-09-09T13:34:00,Boyne City,
MI,2027,2026/2027,True,Compass Minerals,Charlevoix,Seasonal Back-Up,MDOT,seasonal_backup,delivered,USD/short ton,1000.0,85.39,85390.0,,260000000713,award,price+volume,derived,MI_FY2027_CompassMinerals_260000000713.pdf,32,https://www.michigan.gov/dtmb/-/media/Project/Websites/dtmb/Procurement/Contracts/022/260000000713.pdf?rev=044d384e33124f69856ff95f406d8b63&hash=EDE0618298A9461C637E9129261588D0,b42001c1d85bb1aa8af53b05e4da59e2a811f76be17396a0792a82e3a7a14675,2026-09-09T13:34:00,Ironton,
MI,2027,2026/2027,True,Compass Minerals,Charlevoix,Seasonal Back-Up,MiDEAL / State Agency,seasonal_backup,delivered,USD/short ton,1500.0,85.39,128085.0,,260000000713,award,price+volume,derived,MI_FY2027_CompassMinerals_260000000713.pdf,38,https://www.michigan.gov/dtmb/-/media/Project/Websites/dtmb/Procurement/Contracts/022/260000000713.pdf?rev=044d384e33124f69856ff95f406d8b63&hash=EDE0618298A9461C637E9129261588D0,b42001c1d85bb1aa8af53b05e4da59e2a811f76be17396a0792a82e3a7a14675,2026-09-09T13:34:00,CHARLEVOIX COUNTY ROAD COMMISSION,
MI,2027,2026/2027,True,Compass Minerals,Charlevoix,Seasonal Back-Up,MiDEAL / State Agency,seasonal_backup,delivered,USD/short ton,1500.0,85.39,128085.0,,260000000713,award,price+volume,derived,MI_FY2027_CompassMinerals_260000000713.pdf,38,https://www.michigan.gov/dtmb/-/media/Project/Websites/dtmb/Procurement/Contracts/022/260000000713.pdf?rev=044d384e33124f69856ff95f406d8b63&hash=EDE0618298A9461C637E9129261588D0,b42001c1d85bb1aa8af53b05e4da59e2a811f76be17396a0792a82e3a7a14675,2026-09-09T13:34:00,CHARLEVOIX COUNTY ROAD COMMISSION,
MI,2027,2026/2027,True,Compass Minerals,Charlevoix,Seasonal Back-Up,MiDEAL / State Agency,seasonal_backup,delivered,USD/short ton,150.0,85.39,12808.5,,260000000713,award,price+volume,derived,MI_FY2027_CompassMinerals_260000000713.pdf,38,https://www.michigan.gov/dtmb/-/media/Project/Websites/dtmb/Procurement/Contracts/022/260000000713.pdf?rev=044d384e33124f69856ff95f406d8b63&hash=EDE0618298A9461C637E9129261588D0,b42001c1d85bb1aa8af53b05e4da59e2a811f76be17396a0792a82e3a7a14675,2026-09-09T13:34:00,"CHARLEVOIX, CITY OF",
MI,2027,2026/2027,True,Compass Minerals,Charlevoix,Seasonal Back-Up,MiDEAL / State Agency,seasonal_backup,delivered,USD/short ton,200.0,85.39,17078.0,,260000000713,award,price+volume,derived,MI_FY2027_CompassMinerals_260000000713.pdf,38,https://www.michigan.gov/dtmb/-/media/Project/Websites/dtmb/Procurement/Contracts/022/260000000713.pdf?rev=044d384e33124f69856ff95f406d8b63&hash=EDE0618298A9461C637E9129261588D0,b42001c1d85bb1aa8af53b05e4da59e2a811f76be17396a0792a82e3a7a14675,2026-09-09T13:34:00,BOYNE CITY,
MI,2027,2026/2027,True,Compass Minerals,Cheboygan,Early Fill,MDOT,early_fill,delivered,USD/short ton,1500.0,81.71,122565.0,,260000000713,award,price+volume,derived,MI_FY2027_CompassMinerals_260000000713.pdf,28,https://www.michigan.gov/dtmb/-/media/Project/Websites/dtmb/Procurement/Contracts/022/260000000713.pdf?rev=044d384e33124f69856ff95f406d8b63&hash=EDE0618298A9461C637E9129261588D0,b42001c1d85bb1aa8af53b05e4da59e2a811f76be17396a0792a82e3a7a14675,2026-09-09T13:34:00,Cheboygan,
MI,2027,2026/2027,True,Compass Minerals,Cheboygan,Early Fill,MDOT,early_fill,delivered,USD/short ton,100.0,81.71,8171.0,,260000000713,award,price+volume,derived,MI_FY2027_CompassMinerals_260000000713.pdf,28,https://www.michigan.gov/dtmb/-/media/Project/Websites/dtmb/Procurement/Contracts/022/260000000713.pdf?rev=044d384e33124f69856ff95f406d8b63&hash=EDE0618298A9461C637E9129261588D0,b42001c1d85bb1aa8af53b05e4da59e2a811f76be17396a0792a82e3a7a14675,2026-09-09T13:34:00,Tower,
MI,2027,2026/2027,True,Compass Minerals,Cheboygan,Early Fill,MDOT,early_fill,delivered,USD/short ton,5200.0,81.71,424892.0,,260000000713,award,price+volume,derived,MI_FY2027_CompassMinerals_260000000713.pdf,28,https://www.michigan.gov/dtmb/-/media/Project/Websites/dtmb/Procurement/Contracts/022/260000000713.pdf?rev=044d384e33124f69856ff95f406d8b63&hash=EDE0618298A9461C637E9129261588D0,b42001c1d85bb1aa8af53b05e4da59e2a811f76be17396a0792a82e3a7a14675,2026-09-09T13:34:00,Indian River,
MI,2027,2026/2027,True,Compass Minerals,Cheboygan,Seasonal Back-Up,MDOT,seasonal_backup,delivered,USD/short ton,1500.0,88.44,132660.0,,260000000713,award,price+volume,derived,MI_FY2027_CompassMinerals_260000000713.pdf,32,https://www.michigan.gov/dtmb/-/media/Project/Websites/dtmb/Procurement/Contracts/022/260000000713.pdf?rev=044d384e33124f69856ff95f406d8b63&hash=EDE0618298A9461C637E9129261588D0,b42001c1d85bb1aa8af53b05e4da59e2a811f76be17396a0792a82e3a7a14675,2026-09-09T13:34:00,Cheboygan,
MI,2027,2026/2027,True,Compass Minerals,Cheboygan,Seasonal Back-Up,MDOT,seasonal_backup,delivered,USD/short ton,550.0,88.44,48642.0,,260000000713,award,price+volume,derived,MI_FY2027_CompassMinerals_260000000713.pdf,32,https://www.michigan.gov/dtmb/-/media/Project/Websites/dtmb/Procurement/Contracts/022/260000000713.pdf?rev=044d384e33124f69856ff95f406d8b63&hash=EDE0618298A9461C637E9129261588D0,b42001c1d85bb1aa8af53b05e4da59e2a811f76be17396a0792a82e3a7a14675,2026-09-09T13:34:00,Tower,
MI,2027,2026/2027,True,Compass Minerals,Cheboygan,Seasonal Back-Up,MDOT,seasonal_backup,delivered,USD/short ton,1200.0,88.44,106128.0,,260000000713,award,price+volume,derived,MI_FY2027_CompassMinerals_260000000713.pdf,32,https://www.michigan.gov/dtmb/-/media/Project/Websites/dtmb/Procurement/Contracts/022/260000000713.pdf?rev=044d384e33124f69856ff95f406d8b63&hash=EDE0618298A9461C637E9129261588D0,b42001c1d85bb1aa8af53b05e4da59e2a811f76be17396a0792a82e3a7a14675,2026-09-09T13:34:00,Indian River,
MI,2027,2026/2027,True,Compass Minerals,Cheboygan,Early Fill,MiDEAL / State Agency,early_fill,delivered,USD/short ton,500.0,81.71,40855.0,,260000000713,award,price+volume,derived,MI_FY2027_CompassMinerals_260000000713.pdf,36,https://www.michigan.gov/dtmb/-/media/Project/Websites/dtmb/Procurement/Contracts/022/260000000713.pdf?rev=044d384e33124f69856ff95f406d8b63&hash=EDE0618298A9461C637E9129261588D0,b42001c1d85bb1aa8af53b05e4da59e2a811f76be17396a0792a82e3a7a14675,2026-09-09T13:34:00,"CHEBOYGAN, CITY OF",
MI,2027,2026/2027,True,Compass Minerals,Cheboygan,Early Fill,MiDEAL / State Agency,early_fill,delivered,USD/short ton,500.0,81.71,40855.0,,260000000713,award,price+volume,derived,MI_FY2027_CompassMinerals_260000000713.pdf,36,https://www.michigan.gov/dtmb/-/media/Project/Websites/dtmb/Procurement/Contracts/022/260000000713.pdf?rev=044d384e33124f69856ff95f406d8b63&hash=EDE0618298A9461C637E9129261588D0,b42001c1d85bb1aa8af53b05e4da59e2a811f76be17396a0792a82e3a7a14675,2026-09-09T13:34:00,CHEBOYGAN COUNTY ROAD COMMISSION,
MI,2027,2026/2027,True,Compass Minerals,Cheboygan,Early Fill,MiDEAL / State Agency,early_fill,delivered,USD/short ton,2200.0,81.71,179762.0,,260000000713,award,price+volume,derived,MI_FY2027_CompassMinerals_260000000713.pdf,36,https://www.michigan.gov/dtmb/-/media/Project/Websites/dtmb/Procurement/Contracts/022/260000000713.pdf?rev=044d384e33124f69856ff95f406d8b63&hash=EDE0618298A9461C637E9129261588D0,b42001c1d85bb1aa8af53b05e4da59e2a811f76be17396a0792a82e3a7a14675,2026-09-09T13:34:00,CHEBOYGAN COUNTY ROAD COMMISSION,
MI,2027,2026/2027,True,Compass Minerals,Cheboygan,Early Fill,MiDEAL / State Agency,early_fill,delivered,USD/short ton,300.0,81.71,24513.0,,260000000713,award,price+volume,derived,MI_FY2027_CompassMinerals_260000000713.pdf,36,https://www.michigan.gov/dtmb/-/media/Project/Websites/dtmb/Procurement/Contracts/022/260000000713.pdf?rev=044d384e33124f69856ff95f406d8b63&hash=EDE0618298A9461C637E9129261588D0,b42001c1d85bb1aa8af53b05e4da59e2a811f76be17396a0792a82e3a7a14675,2026-09-09T13:34:00,CHEBOYGAN COUNTY ROAD COMMISSION,
MI,2027,2026/2027,True,Compass Minerals,Cheboygan,Seasonal Back-Up,MiDEAL / State Agency,seasonal_backup,delivered,USD/short ton,350.0,88.44,30954.0,,260000000713,award,price+volume,derived,MI_FY2027_CompassMinerals_260000000713.pdf,38,https://www.michigan.gov/dtmb/-/media/Project/Websites/dtmb/Procurement/Contracts/022/260000000713.pdf?rev=044d384e33124f69856ff95f406d8b63&hash=EDE0618298A9461C637E9129261588D0,b42001c1d85bb1aa8af53b05e4da59e2a811f76be17396a0792a82e3a7a14675,2026-09-09T13:34:00,"CHEBOYGAN, CITY OF",
MI,2027,2026/2027,True,Compass Minerals,Cheboygan,Seasonal Back-Up,MiDEAL / State Agency,seasonal_backup,delivered,USD/short ton,2000.0,88.44,176880.0,,260000000713,award,price+volume,derived,MI_FY2027_CompassMinerals_260000000713.pdf,38,https://www.michigan.gov/dtmb/-/media/Project/Websites/dtmb/Procurement/Contracts/022/260000000713.pdf?rev=044d384e33124f69856ff95f406d8b63&hash=EDE0618298A9461C637E9129261588D0,b42001c1d85bb1aa8af53b05e4da59e2a811f76be17396a0792a82e3a7a14675,2026-09-09T13:34:00,CHEBOYGAN COUNTY ROAD COMMISSION,
MI,2027,2026/2027,True,Compass Minerals,Cheboygan,Seasonal Back-Up,MiDEAL / State Agency,seasonal_backup,delivered,USD/short ton,1200.0,88.44,106128.0,,260000000713,award,price+volume,derived,MI_FY2027_CompassMinerals_260000000713.pdf,38,https://www.michigan.gov/dtmb/-/media/Project/Websites/dtmb/Procurement/Contracts/022/260000000713.pdf?rev=044d384e33124f69856ff95f406d8b63&hash=EDE0618298A9461C637E9129261588D0,b42001c1d85bb1aa8af53b05e4da59e2a811f76be17396a0792a82e3a7a14675,2026-09-09T13:34:00,CHEBOYGAN COUNTY ROAD COMMISSION,
MI,2027,2026/2027,True,Compass Minerals,Cheboygan,Seasonal Back-Up,MiDEAL / State Agency,seasonal_backup,delivered,USD/short ton,550.0,88.44,48642.0,,260000000713,award,price+volume,derived,MI_FY2027_CompassMinerals_260000000713.pdf,38,https://www.michigan.gov/dtmb/-/media/Project/Websites/dtmb/Procurement/Contracts/022/260000000713.pdf?rev=044d384e33124f69856ff95f406d8b63&hash=EDE0618298A9461C637E9129261588D0,b42001c1d85bb1aa8af53b05e4da59e2a811f76be17396a0792a82e3a7a14675,2026-09-09T13:34:00,CHEBOYGAN COUNTY ROAD COMMISSION,
MI,2027,2026/2027,True,Compass Minerals,Chippewa,Seasonal Back-Up,MDOT,seasonal_backup,delivered,USD/short ton,100.0,112.68,11268.0,,260000000713,award,price+volume,derived,MI_FY2027_CompassMinerals_260000000713.pdf,30,https://www.michigan.gov/dtmb/-/media/Project/Websites/dtmb/Procurement/Contracts/022/260000000713.pdf?rev=044d384e33124f69856ff95f406d8b63&hash=EDE0618298A9461C637E9129261588D0,b42001c1d85bb1aa8af53b05e4da59e2a811f76be17396a0792a82e3a7a14675,2026-09-09T13:34:00,Goetzville,
MI,2027,2026/2027,True,Compass Minerals,Chippewa,Seasonal Back-Up,MDOT,seasonal_backup,delivered,USD/short ton,1250.0,112.68,140850.0,,260000000713,award,price+volume,derived,MI_FY2027_CompassMinerals_260000000713.pdf,30,https://www.michigan.gov/dtmb/-/media/Project/Websites/dtmb/Procurement/Contracts/022/260000000713.pdf?rev=044d384e33124f69856ff95f406d8b63&hash=EDE0618298A9461C637E9129261588D0,b42001c1d85bb1aa8af53b05e4da59e2a811f76be17396a0792a82e3a7a14675,2026-09-09T13:34:00,Kinross,
MI,2027,2026/2027,True,Compass Minerals,Chippewa,Seasonal Back-Up,MDOT,seasonal_backup,delivered,USD/short ton,350.0,112.68,39438.0,,260000000713,award,price+volume,derived,MI_FY2027_CompassMinerals_260000000713.pdf,30,https://www.michigan.gov/dtmb/-/media/Project/Websites/dtmb/Procurement/Contracts/022/260000000713.pdf?rev=044d384e33124f69856ff95f406d8b63&hash=EDE0618298A9461C637E9129261588D0,b42001c1d85bb1aa8af53b05e4da59e2a811f76be17396a0792a82e3a7a14675,2026-09-09T13:34:00,Eckerman,
MI,2027,2026/2027,True,Compass Minerals,Crawford,Seasonal Back-Up,MDOT,seasonal_backup,delivered,USD/short ton,2000.0,78.66,157320.0,,260000000713,award,price+volume,derived,MI_FY2027_CompassMinerals_260000000713.pdf,32,https://www.michigan.gov/dtmb/-/media/Project/Websites/dtmb/Procurement/Contracts/022/260000000713.pdf?rev=044d384e33124f69856ff95f406d8b63&hash=EDE0618298A9461C637E9129261588D0,b42001c1d85bb1aa8af53b05e4da59e2a811f76be17396a0792a82e3a7a14675,2026-09-09T13:34:00,Grayling,
MI,2027,2026/2027,True,Compass Minerals,Crawford,Seasonal Back-Up,MiDEAL / State Agency,seasonal_backup,delivered,USD/short ton,100.0,78.66,7866.0,,260000000713,award,price+volume,derived,MI_FY2027_CompassMinerals_260000000713.pdf,38,https://www.michigan.gov/dtmb/-/media/Project/Websites/dtmb/Procurement/Contracts/022/260000000713.pdf?rev=044d384e33124f69856ff95f406d8b63&hash=EDE0618298A9461C637E9129261588D0,b42001c1d85bb1aa8af53b05e4da59e2a811f76be17396a0792a82e3a7a14675,2026-09-09T13:34:00,DMVA-AGENCY,
MI,2027,2026/2027,True,Compass Minerals,Crawford,Seasonal Back-Up,MiDEAL / State Agency,seasonal_backup,delivered,USD/short ton,1700.0,78.66,133722.0,,260000000713,award,price+volume,derived,MI_FY2027_CompassMinerals_260000000713.pdf,38,https://www.michigan.gov/dtmb/-/media/Project/Websites/dtmb/Procurement/Contracts/022/260000000713.pdf?rev=044d384e33124f69856ff95f406d8b63&hash=EDE0618298A9461C637E9129261588D0,b42001c1d85bb1aa8af53b05e4da59e2a811f76be17396a0792a82e3a7a14675,2026-09-09T13:34:00,CRAWFORD COUNTY ROAD COMMISSION,
MI,2027,2026/2027,True,Compass Minerals,Delta,Early Fill,MDOT,early_fill,delivered,USD/short ton,3000.0,77.06,231180.0,,260000000713,award,price+volume,derived,MI_FY2027_CompassMinerals_260000000713.pdf,27,https://www.michigan.gov/dtmb/-/media/Project/Websites/dtmb/Procurement/Contracts/022/260000000713.pdf?rev=044d384e33124f69856ff95f406d8b63&hash=EDE0618298A9461C637E9129261588D0,b42001c1d85bb1aa8af53b05e4da59e2a811f76be17396a0792a82e3a7a14675,2026-09-09T13:34:00,Escanaba,
MI,2027,2026/2027,True,Compass Minerals,Delta,Early Fill,MDOT,early_fill,delivered,USD/short ton,2000.0,77.06,154120.0,,260000000713,award,price+volume,derived,MI_FY2027_CompassMinerals_260000000713.pdf,27,https://www.michigan.gov/dtmb/-/media/Project/Websites/dtmb/Procurement/Contracts/022/260000000713.pdf?rev=044d384e33124f69856ff95f406d8b63&hash=EDE0618298A9461C637E9129261588D0,b42001c1d85bb1aa8af53b05e4da59e2a811f76be17396a0792a82e3a7a14675,2026-09-09T13:34:00,Rapid River,
MI,2027,2026/2027,True,Compass Minerals,Delta,Seasonal Back-Up,MDOT,seasonal_backup,delivered,USD/short ton,2000.0,80.95,161900.0,,260000000713,award,price+volume,derived,MI_FY2027_CompassMinerals_260000000713.pdf,30,https://www.michigan.gov/dtmb/-/media/Project/Websites/dtmb/Procurement/Contracts/022/260000000713.pdf?rev=044d384e33124f69856ff95f406d8b63&hash=EDE0618298A9461C637E9129261588D0,b42001c1d85bb1aa8af53b05e4da59e2a811f76be17396a0792a82e3a7a14675,2026-09-09T13:34:00,Escanaba,
MI,2027,2026/2027,True,Compass Minerals,Delta,Seasonal Back-Up,MDOT,seasonal_backup,delivered,USD/short ton,1500.0,80.95,121425.0,,260000000713,award,price+volume,derived,MI_FY2027_CompassMinerals_260000000713.pdf,30,https://www.michigan.gov/dtmb/-/media/Project/Websites/dtmb/Procurement/Contracts/022/260000000713.pdf?rev=044d384e33124f69856ff95f406d8b63&hash=EDE0618298A9461C637E9129261588D0,b42001c1d85bb1aa8af53b05e4da59e2a811f76be17396a0792a82e3a7a14675,2026-09-09T13:34:00,Rapid River,
MI,2027,2026/2027,True,Compass Minerals,Delta,Early Fill,MiDEAL / State Agency,early_fill,delivered,USD/short ton,100.0,77.06,7706.0,,260000000713,award,price+volume,derived,MI_FY2027_CompassMinerals_260000000713.pdf,35,https://www.michigan.gov/dtmb/-/media/Project/Websites/dtmb/Procurement/Contracts/022/260000000713.pdf?rev=044d384e33124f69856ff95f406d8b63&hash=EDE0618298A9461C637E9129261588D0,b42001c1d85bb1aa8af53b05e4da59e2a811f76be17396a0792a82e3a7a14675,2026-09-09T13:34:00,OSF HEALTHCARE ST. FRANCIS HOSP AND MED GROUP,
MI,2027,2026/2027,True,Compass Minerals,Delta,Early Fill,MiDEAL / State Agency,early_fill,delivered,USD/short ton,50.0,77.06,3853.0,,260000000713,award,price+volume,derived,MI_FY2027_CompassMinerals_260000000713.pdf,35,https://www.michigan.gov/dtmb/-/media/Project/Websites/dtmb/Procurement/Contracts/022/260000000713.pdf?rev=044d384e33124f69856ff95f406d8b63&hash=EDE0618298A9461C637E9129261588D0,b42001c1d85bb1aa8af53b05e4da59e2a811f76be17396a0792a82e3a7a14675,2026-09-09T13:34:00,BAY DE NOC COMMUNITY COLLEGE,
MI,2027,2026/2027,True,Compass Minerals,Delta,Early Fill,MiDEAL / State Agency,early_fill,delivered,USD/short ton,800.0,77.06,61648.0,,260000000713,award,price+volume,derived,MI_FY2027_CompassMinerals_260000000713.pdf,35,https://www.michigan.gov/dtmb/-/media/Project/Websites/dtmb/Procurement/Contracts/022/260000000713.pdf?rev=044d384e33124f69856ff95f406d8b63&hash=EDE0618298A9461C637E9129261588D0,b42001c1d85bb1aa8af53b05e4da59e2a811f76be17396a0792a82e3a7a14675,2026-09-09T13:34:00,DELTA COUNTY ROAD COMMISSION,
MI,2027,2026/2027,True,Compass Minerals,Delta,Early Fill,MiDEAL / State Agency,early_fill,delivered,USD/short ton,1500.0,77.06,115590.0,,260000000713,award,price+volume,derived,MI_FY2027_CompassMinerals_260000000713.pdf,35,https://www.michigan.gov/dtmb/-/media/Project/Websites/dtmb/Procurement/Contracts/022/260000000713.pdf?rev=044d384e33124f69856ff95f406d8b63&hash=EDE0618298A9461C637E9129261588D0,b42001c1d85bb1aa8af53b05e4da59e2a811f76be17396a0792a82e3a7a14675,2026-09-09T13:34:00,DELTA COUNTY ROAD COMMISSION,
MI,2027,2026/2027,True,Compass Minerals,Delta,Early Fill,MiDEAL / State Agency,early_fill,delivered,USD/short ton,600.0,77.06,46236.0,,260000000713,award,price+volume,derived,MI_FY2027_CompassMinerals_260000000713.pdf,35,https://www.michigan.gov/dtmb/-/media/Project/Websites/dtmb/Procurement/Contracts/022/260000000713.pdf?rev=044d384e33124f69856ff95f406d8b63&hash=EDE0618298A9461C637E9129261588D0,b42001c1d85bb1aa8af53b05e4da59e2a811f76be17396a0792a82e3a7a14675,2026-09-09T13:34:00,"ESCANABA, CITY OF",
MI,2027,2026/2027,True,Compass Minerals,Delta,Early Fill,MiDEAL / State Agency,early_fill,delivered,USD/short ton,100.0,77.06,7706.0,,260000000713,award,price+volume,derived,MI_FY2027_CompassMinerals_260000000713.pdf,35,https://www.michigan.gov/dtmb/-/media/Project/Websites/dtmb/Procurement/Contracts/022/260000000713.pdf?rev=044d384e33124f69856ff95f406d8b63&hash=EDE0618298A9461C637E9129261588D0,b42001c1d85bb1aa8af53b05e4da59e2a811f76be17396a0792a82e3a7a14675,2026-09-09T13:34:00,"GLADSTONE, CITY OF",
MI,2027,2026/2027,True,Compass Minerals,Delta,Seasonal Back-Up,MiDEAL / State Agency,seasonal_backup,delivered,USD/short ton,150.0,80.95,12142.5,,260000000713,award,price+volume,derived,MI_FY2027_CompassMinerals_260000000713.pdf,38,https://www.michigan.gov/dtmb/-/media/Project/Websites/dtmb/Procurement/Contracts/022/260000000713.pdf?rev=044d384e33124f69856ff95f406d8b63&hash=EDE0618298A9461C637E9129261588D0,b42001c1d85bb1aa8af53b05e4da59e2a811f76be17396a0792a82e3a7a14675,2026-09-09T13:34:00,"GLADSTONE, CITY OF",
MI,2027,2026/2027,True,Compass Minerals,Delta,Seasonal Back-Up,MiDEAL / State Agency,seasonal_backup,delivered,USD/short ton,100.0,80.95,8095.0,,260000000713,award,price+volume,derived,MI_FY2027_CompassMinerals_260000000713.pdf,38,https://www.michigan.gov/dtmb/-/media/Project/Websites/dtmb/Procurement/Contracts/022/260000000713.pdf?rev=044d384e33124f69856ff95f406d8b63&hash=EDE0618298A9461C637E9129261588D0,b42001c1d85bb1aa8af53b05e4da59e2a811f76be17396a0792a82e3a7a14675,2026-09-09T13:34:00,OSF HEALTHCARE ST. FRANCIS HOSP AND MED GROUP,
MI,2027,2026/2027,True,Compass Minerals,Delta,Seasonal Back-Up,MiDEAL / State Agency,seasonal_backup,delivered,USD/short ton,600.0,80.95,48570.0,,260000000713,award,price+volume,derived,MI_FY2027_CompassMinerals_260000000713.pdf,38,https://www.michigan.gov/dtmb/-/media/Project/Websites/dtmb/Procurement/Contracts/022/260000000713.pdf?rev=044d384e33124f69856ff95f406d8b63&hash=EDE0618298A9461C637E9129261588D0,b42001c1d85bb1aa8af53b05e4da59e2a811f76be17396a0792a82e3a7a14675,2026-09-09T13:34:00,"ESCANABA, CITY OF",
MI,2027,2026/2027,True,Compass Minerals,Delta,Seasonal Back-Up,MiDEAL / State Agency,seasonal_backup,delivered,USD/short ton,500.0,80.95,40475.0,,260000000713,award,price+volume,derived,MI_FY2027_CompassMinerals_260000000713.pdf,38,https://www.michigan.gov/dtmb/-/media/Project/Websites/dtmb/Procurement/Contracts/022/260000000713.pdf?rev=044d384e33124f69856ff95f406d8b63&hash=EDE0618298A9461C637E9129261588D0,b42001c1d85bb1aa8af53b05e4da59e2a811f76be17396a0792a82e3a7a14675,2026-09-09T13:34:00,DELTA COUNTY ROAD COMMISSION,
MI,2027,2026/2027,True,Compass Minerals,Delta,Seasonal Back-Up,MiDEAL / State Agency,seasonal_backup,delivered,USD/short ton,1500.0,80.95,121425.0,,260000000713,award,price+volume,derived,MI_FY2027_CompassMinerals_260000000713.pdf,38,https://www.michigan.gov/dtmb/-/media/Project/Websites/dtmb/Procurement/Contracts/022/260000000713.pdf?rev=044d384e33124f69856ff95f406d8b63&hash=EDE0618298A9461C637E9129261588D0,b42001c1d85bb1aa8af53b05e4da59e2a811f76be17396a0792a82e3a7a14675,2026-09-09T13:34:00,DELTA COUNTY ROAD COMMISSION,
MI,2027,2026/2027,True,Compass Minerals,Dickinson,Early Fill,MDOT,early_fill,delivered,USD/short ton,2500.0,86.8,217000.0,,260000000713,award,price+volume,derived,MI_FY2027_CompassMinerals_260000000713.pdf,27,https://www.michigan.gov/dtmb/-/media/Project/Websites/dtmb/Procurement/Contracts/022/260000000713.pdf?rev=044d384e33124f69856ff95f406d8b63&hash=EDE0618298A9461C637E9129261588D0,b42001c1d85bb1aa8af53b05e4da59e2a811f76be17396a0792a82e3a7a14675,2026-09-09T13:34:00,Felch,
MI,2027,2026/2027,True,Compass Minerals,Dickinson,Early Fill,MDOT,early_fill,delivered,USD/short ton,3600.0,86.8,312480.0,,260000000713,award,price+volume,derived,MI_FY2027_CompassMinerals_260000000713.pdf,27,https://www.michigan.gov/dtmb/-/media/Project/Websites/dtmb/Procurement/Contracts/022/260000000713.pdf?rev=044d384e33124f69856ff95f406d8b63&hash=EDE0618298A9461C637E9129261588D0,b42001c1d85bb1aa8af53b05e4da59e2a811f76be17396a0792a82e3a7a14675,2026-09-09T13:34:00,Quinnesec,
MI,2027,2026/2027,True,Compass Minerals,Dickinson,Seasonal Back-Up,MDOT,seasonal_backup,delivered,USD/short ton,2000.0,86.11,172220.0,,260000000713,award,price+volume,derived,MI_FY2027_CompassMinerals_260000000713.pdf,30,https://www.michigan.gov/dtmb/-/media/Project/Websites/dtmb/Procurement/Contracts/022/260000000713.pdf?rev=044d384e33124f69856ff95f406d8b63&hash=EDE0618298A9461C637E9129261588D0,b42001c1d85bb1aa8af53b05e4da59e2a811f76be17396a0792a82e3a7a14675,2026-09-09T13:34:00,Felch,
MI,2027,2026/2027,True,Compass Minerals,Dickinson,Seasonal Back-Up,MDOT,seasonal_backup,delivered,USD/short ton,300.0,86.11,25833.0,,260000000713,award,price+volume,derived,MI_FY2027_CompassMinerals_260000000713.pdf,30,https://www.michigan.gov/dtmb/-/media/Project/Websites/dtmb/Procurement/Contracts/022/260000000713.pdf?rev=044d384e33124f69856ff95f406d8b63&hash=EDE0618298A9461C637E9129261588D0,b42001c1d85bb1aa8af53b05e4da59e2a811f76be17396a0792a82e3a7a14675,2026-09-09T13:34:00,Quinnesec,
MI,2027,2026/2027,True,Compass Minerals,Dickinson,Early Fill,MiDEAL / State Agency,early_fill,delivered,USD/short ton,100.0,86.8,8680.0,,260000000713,award,price+volume,derived,MI_FY2027_CompassMinerals_260000000713.pdf,35,https://www.michigan.gov/dtmb/-/media/Project/Websites/dtmb/Procurement/Contracts/022/260000000713.pdf?rev=044d384e33124f69856ff95f406d8b63&hash=EDE0618298A9461C637E9129261588D0,b42001c1d85bb1aa8af53b05e4da59e2a811f76be17396a0792a82e3a7a14675,2026-09-09T13:34:00,"NORWAY, CITY OF",
MI,2027,2026/2027,True,Compass Minerals,Dickinson,Early Fill,MiDEAL / State Agency,early_fill,delivered,USD/short ton,1000.0,86.8,86800.0,,260000000713,award,price+volume,derived,MI_FY2027_CompassMinerals_260000000713.pdf,35,https://www.michigan.gov/dtmb/-/media/Project/Websites/dtmb/Procurement/Contracts/022/260000000713.pdf?rev=044d384e33124f69856ff95f406d8b63&hash=EDE0618298A9461C637E9129261588D0,b42001c1d85bb1aa8af53b05e4da59e2a811f76be17396a0792a82e3a7a14675,2026-09-09T13:34:00,DICKINSON COUNTY ROAD COMMISSION,
MI,2027,2026/2027,True,Compass Minerals,Dickinson,Early Fill,MiDEAL / State Agency,early_fill,delivered,USD/short ton,1000.0,86.8,86800.0,,260000000713,award,price+volume,derived,MI_FY2027_CompassMinerals_260000000713.pdf,35,https://www.michigan.gov/dtmb/-/media/Project/Websites/dtmb/Procurement/Contracts/022/260000000713.pdf?rev=044d384e33124f69856ff95f406d8b63&hash=EDE0618298A9461C637E9129261588D0,b42001c1d85bb1aa8af53b05e4da59e2a811f76be17396a0792a82e3a7a14675,2026-09-09T13:34:00,DICKINSON COUNTY ROAD COMMISSION,
MI,2027,2026/2027,True,Compass Minerals,Dickinson,Early Fill,MiDEAL / State Agency,early_fill,delivered,USD/short ton,500.0,86.8,43400.0,,260000000713,award,price+volume,derived,MI_FY2027_CompassMinerals_260000000713.pdf,35,https://www.michigan.gov/dtmb/-/media/Project/Websites/dtmb/Procurement/Contracts/022/260000000713.pdf?rev=044d384e33124f69856ff95f406d8b63&hash=EDE0618298A9461C637E9129261588D0,b42001c1d85bb1aa8af53b05e4da59e2a811f76be17396a0792a82e3a7a14675,2026-09-09T13:34:00,"KINGSFORD, CITY OF",
MI,2027,2026/2027,True,Compass Minerals,Dickinson,Early Fill,MiDEAL / State Agency,early_fill,delivered,USD/short ton,1000.0,86.8,86800.0,,260000000713,award,price+volume,derived,MI_FY2027_CompassMinerals_260000000713.pdf,35,https://www.michigan.gov/dtmb/-/media/Project/Websites/dtmb/Procurement/Contracts/022/260000000713.pdf?rev=044d384e33124f69856ff95f406d8b63&hash=EDE0618298A9461C637E9129261588D0,b42001c1d85bb1aa8af53b05e4da59e2a811f76be17396a0792a82e3a7a14675,2026-09-09T13:34:00,"IRON MOUNTAIN, CITY OF",
MI,2027,2026/2027,True,Compass Minerals,Dickinson,Seasonal Back-Up,MiDEAL / State Agency,seasonal_backup,delivered,USD/short ton,850.0,86.11,73193.5,,260000000713,award,price+volume,derived,MI_FY2027_CompassMinerals_260000000713.pdf,38,https://www.michigan.gov/dtmb/-/media/Project/Websites/dtmb/Procurement/Contracts/022/260000000713.pdf?rev=044d384e33124f69856ff95f406d8b63&hash=EDE0618298A9461C637E9129261588D0,b42001c1d85bb1aa8af53b05e4da59e2a811f76be17396a0792a82e3a7a14675,2026-09-09T13:34:00,"NORWAY, CITY OF",
MI,2027,2026/2027,True,Compass Minerals,Dickinson,Seasonal Back-Up,MiDEAL / State Agency,seasonal_backup,delivered,USD/short ton,500.0,86.11,43055.0,,260000000713,award,price+volume,derived,MI_FY2027_CompassMinerals_260000000713.pdf,38,https://www.michigan.gov/dtmb/-/media/Project/Websites/dtmb/Procurement/Contracts/022/260000000713.pdf?rev=044d384e33124f69856ff95f406d8b63&hash=EDE0618298A9461C637E9129261588D0,b42001c1d85bb1aa8af53b05e4da59e2a811f76be17396a0792a82e3a7a14675,2026-09-09T13:34:00,DICKINSON COUNTY ROAD COMMISSION,
MI,2027,2026/2027,True,Compass Minerals,Dickinson,Seasonal Back-Up,MiDEAL / State Agency,seasonal_backup,delivered,USD/short ton,250.0,86.11,21527.5,,260000000713,award,price+volume,derived,MI_FY2027_CompassMinerals_260000000713.pdf,38,https://www.michigan.gov/dtmb/-/media/Project/Websites/dtmb/Procurement/Contracts/022/260000000713.pdf?rev=044d384e33124f69856ff95f406d8b63&hash=EDE0618298A9461C637E9129261588D0,b42001c1d85bb1aa8af53b05e4da59e2a811f76be17396a0792a82e3a7a14675,2026-09-09T13:34:00,DICKINSON COUNTY ROAD COMMISSION,
MI,2027,2026/2027,True,Compass Minerals,Dickinson,Seasonal Back-Up,MiDEAL / State Agency,seasonal_backup,delivered,USD/short ton,1000.0,86.11,86110.0,,260000000713,award,price+volume,derived,MI_FY2027_CompassMinerals_260000000713.pdf,38,https://www.michigan.gov/dtmb/-/media/Project/Websites/dtmb/Procurement/Contracts/022/260000000713.pdf?rev=044d384e33124f69856ff95f406d8b63&hash=EDE0618298A9461C637E9129261588D0,b42001c1d85bb1aa8af53b05e4da59e2a811f76be17396a0792a82e3a7a14675,2026-09-09T13:34:00,"IRON MOUNTAIN, CITY OF",
MI,2027,2026/2027,True,Compass Minerals,Dickinson,Seasonal Back-Up,MiDEAL / State Agency,seasonal_backup,delivered,USD/short ton,700.0,86.11,60277.0,,260000000713,award,price+volume,derived,MI_FY2027_CompassMinerals_260000000713.pdf,38,https://www.michigan.gov/dtmb/-/media/Project/Websites/dtmb/Procurement/Contracts/022/260000000713.pdf?rev=044d384e33124f69856ff95f406d8b63&hash=EDE0618298A9461C637E9129261588D0,b42001c1d85bb1aa8af53b05e4da59e2a811f76be17396a0792a82e3a7a14675,2026-09-09T13:34:00,"KINGSFORD, CITY OF",
MI,2027,2026/2027,True,Compass Minerals,Emmet,Early Fill,MDOT,early_fill,delivered,USD/short ton,3700.0,83.57,309209.0,,260000000713,award,price+volume,derived,MI_FY2027_CompassMinerals_260000000713.pdf,28,https://www.michigan.gov/dtmb/-/media/Project/Websites/dtmb/Procurement/Contracts/022/260000000713.pdf?rev=044d384e33124f69856ff95f406d8b63&hash=EDE0618298A9461C637E9129261588D0,b42001c1d85bb1aa8af53b05e4da59e2a811f76be17396a0792a82e3a7a14675,2026-09-09T13:34:00,Harbor Springs,
MI,2027,2026/2027,True,Compass Minerals,Emmet,Early Fill,MDOT,early_fill,delivered,USD/short ton,1700.0,83.57,142069.0,,260000000713,award,price+volume,derived,MI_FY2027_CompassMinerals_260000000713.pdf,28,https://www.michigan.gov/dtmb/-/media/Project/Websites/dtmb/Procurement/Contracts/022/260000000713.pdf?rev=044d384e33124f69856ff95f406d8b63&hash=EDE0618298A9461C637E9129261588D0,b42001c1d85bb1aa8af53b05e4da59e2a811f76be17396a0792a82e3a7a14675,2026-09-09T13:34:00,Levering,
MI,2027,2026/2027,True,Compass Minerals,Emmet,Seasonal Back-Up,MDOT,seasonal_backup,delivered,USD/short ton,500.0,90.84,45420.0,,260000000713,award,price+volume,derived,MI_FY2027_CompassMinerals_260000000713.pdf,32,https://www.michigan.gov/dtmb/-/media/Project/Websites/dtmb/Procurement/Contracts/022/260000000713.pdf?rev=044d384e33124f69856ff95f406d8b63&hash=EDE0618298A9461C637E9129261588D0,b42001c1d85bb1aa8af53b05e4da59e2a811f76be17396a0792a82e3a7a14675,2026-09-09T13:34:00,Harbor Springs,
MI,2027,2026/2027,True,Compass Minerals,Emmet,Seasonal Back-Up,MDOT,seasonal_backup,delivered,USD/short ton,1750.0,90.84,158970.0,,260000000713,award,price+volume,derived,MI_FY2027_CompassMinerals_260000000713.pdf,32,https://www.michigan.gov/dtmb/-/media/Project/Websites/dtmb/Procurement/Contracts/022/260000000713.pdf?rev=044d384e33124f69856ff95f406d8b63&hash=EDE0618298A9461C637E9129261588D0,b42001c1d85bb1aa8af53b05e4da59e2a811f76be17396a0792a82e3a7a14675,2026-09-09T13:34:00,Levering,
MI,2027,2026/2027,True,Compass Minerals,Emmet,Early Fill,MiDEAL / State Agency,early_fill,delivered,USD/short ton,150.0,83.57,12535.5,,260000000713,award,price+volume,derived,MI_FY2027_CompassMinerals_260000000713.pdf,36,https://www.michigan.gov/dtmb/-/media/Project/Websites/dtmb/Procurement/Contracts/022/260000000713.pdf?rev=044d384e33124f69856ff95f406d8b63&hash=EDE0618298A9461C637E9129261588D0,b42001c1d85bb1aa8af53b05e4da59e2a811f76be17396a0792a82e3a7a14675,2026-09-09T13:34:00,PETOSKEY PUBLIC SCHOOLS,
MI,2027,2026/2027,True,Compass Minerals,Emmet,Early Fill,MiDEAL / State Agency,early_fill,delivered,USD/short ton,1100.0,83.57,91927.0,,260000000713,award,price+volume,derived,MI_FY2027_CompassMinerals_260000000713.pdf,36,https://www.michigan.gov/dtmb/-/media/Project/Websites/dtmb/Procurement/Contracts/022/260000000713.pdf?rev=044d384e33124f69856ff95f406d8b63&hash=EDE0618298A9461C637E9129261588D0,b42001c1d85bb1aa8af53b05e4da59e2a811f76be17396a0792a82e3a7a14675,2026-09-09T13:34:00,EMMET COUNTY ROAD COMMISSION,
MI,2027,2026/2027,True,Compass Minerals,Emmet,Early Fill,MiDEAL / State Agency,early_fill,delivered,USD/short ton,100.0,83.57,8357.0,,260000000713,award,price+volume,derived,MI_FY2027_CompassMinerals_260000000713.pdf,36,https://www.michigan.gov/dtmb/-/media/Project/Websites/dtmb/Procurement/Contracts/022/260000000713.pdf?rev=044d384e33124f69856ff95f406d8b63&hash=EDE0618298A9461C637E9129261588D0,b42001c1d85bb1aa8af53b05e4da59e2a811f76be17396a0792a82e3a7a14675,2026-09-09T13:34:00,"HARBOR SPRINGS, CITY OF",
MI,2027,2026/2027,True,Compass Minerals,Emmet,Early Fill,MiDEAL / State Agency,early_fill,delivered,USD/short ton,180.0,83.57,15042.6,,260000000713,award,price+volume,derived,MI_FY2027_CompassMinerals_260000000713.pdf,36,https://www.michigan.gov/dtmb/-/media/Project/Websites/dtmb/Procurement/Contracts/022/260000000713.pdf?rev=044d384e33124f69856ff95f406d8b63&hash=EDE0618298A9461C637E9129261588D0,b42001c1d85bb1aa8af53b05e4da59e2a811f76be17396a0792a82e3a7a14675,2026-09-09T13:34:00,Little Traverse Band of Odawa Indians,
MI,2027,2026/2027,True,Compass Minerals,Emmet,Early Fill,MiDEAL / State Agency,early_fill,delivered,USD/short ton,50.0,83.57,4178.5,,260000000713,award,price+volume,derived,MI_FY2027_CompassMinerals_260000000713.pdf,36,https://www.michigan.gov/dtmb/-/media/Project/Websites/dtmb/Procurement/Contracts/022/260000000713.pdf?rev=044d384e33124f69856ff95f406d8b63&hash=EDE0618298A9461C637E9129261588D0,b42001c1d85bb1aa8af53b05e4da59e2a811f76be17396a0792a82e3a7a14675,2026-09-09T13:34:00,NORTH CENTRAL MICHIGAN COLLEGE,
MI,2027,2026/2027,True,Compass Minerals,Emmet,Early Fill,MiDEAL / State Agency,early_fill,delivered,USD/short ton,2100.0,83.57,175497.0,,260000000713,award,price+volume,derived,MI_FY2027_CompassMinerals_260000000713.pdf,36,https://www.michigan.gov/dtmb/-/media/Project/Websites/dtmb/Procurement/Contracts/022/260000000713.pdf?rev=044d384e33124f69856ff95f406d8b63&hash=EDE0618298A9461C637E9129261588D0,b42001c1d85bb1aa8af53b05e4da59e2a811f76be17396a0792a82e3a7a14675,2026-09-09T13:34:00,EMMET COUNTY ROAD COMMISSION,
MI,2027,2026/2027,True,Compass Minerals,Emmet,Seasonal Back-Up,MiDEAL / State Agency,seasonal_backup,delivered,USD/short ton,2000.0,90.84,181680.0,,260000000713,award,price+volume,derived,MI_FY2027_CompassMinerals_260000000713.pdf,38,https://www.michigan.gov/dtmb/-/media/Project/Websites/dtmb/Procurement/Contracts/022/260000000713.pdf?rev=044d384e33124f69856ff95f406d8b63&hash=EDE0618298A9461C637E9129261588D0,b42001c1d85bb1aa8af53b05e4da59e2a811f76be17396a0792a82e3a7a14675,2026-09-09T13:34:00,EMMET COUNTY ROAD COMMISSION,
MI,2027,2026/2027,True,Compass Minerals,Emmet,Seasonal Back-Up,MiDEAL / State Agency,seasonal_backup,delivered,USD/short ton,1500.0,90.84,136260.0,,260000000713,award,price+volume,derived,MI_FY2027_CompassMinerals_260000000713.pdf,38,https://www.michigan.gov/dtmb/-/media/Project/Websites/dtmb/Procurement/Contracts/022/260000000713.pdf?rev=044d384e33124f69856ff95f406d8b63&hash=EDE0618298A9461C637E9129261588D0,b42001c1d85bb1aa8af53b05e4da59e2a811f76be17396a0792a82e3a7a14675,2026-09-09T13:34:00,EMMET COUNTY ROAD COMMISSION,
MI,2027,2026/2027,True,Compass Minerals,Emmet,Seasonal Back-Up,MiDEAL / State Agency,seasonal_backup,delivered,USD/short ton,350.0,90.84,31794.0,,260000000713,award,price+volume,derived,MI_FY2027_CompassMinerals_260000000713.pdf,38,https://www.michigan.gov/dtmb/-/media/Project/Websites/dtmb/Procurement/Contracts/022/260000000713.pdf?rev=044d384e33124f69856ff95f406d8b63&hash=EDE0618298A9461C637E9129261588D0,b42001c1d85bb1aa8af53b05e4da59e2a811f76be17396a0792a82e3a7a14675,2026-09-09T13:34:00,"HARBOR SPRINGS, CITY OF",
MI,2027,2026/2027,True,Compass Minerals,Emmet,Seasonal Back-Up,MiDEAL / State Agency,seasonal_backup,delivered,USD/short ton,50.0,90.84,4542.0,,260000000713,award,price+volume,derived,MI_FY2027_CompassMinerals_260000000713.pdf,38,https://www.michigan.gov/dtmb/-/media/Project/Websites/dtmb/Procurement/Contracts/022/260000000713.pdf?rev=044d384e33124f69856ff95f406d8b63&hash=EDE0618298A9461C637E9129261588D0,b42001c1d85bb1aa8af53b05e4da59e2a811f76be17396a0792a82e3a7a14675,2026-09-09T13:34:00,NORTH CENTRAL MICHIGAN COLLEGE,
MI,2027,2026/2027,True,Compass Minerals,Emmet,Seasonal Back-Up,MiDEAL / State Agency,seasonal_backup,delivered,USD/short ton,200.0,90.84,18168.0,,260000000713,award,price+volume,derived,MI_FY2027_CompassMinerals_260000000713.pdf,39,https://www.michigan.gov/dtmb/-/media/Project/Websites/dtmb/Procurement/Contracts/022/260000000713.pdf?rev=044d384e33124f69856ff95f406d8b63&hash=EDE0618298A9461C637E9129261588D0,b42001c1d85bb1aa8af53b05e4da59e2a811f76be17396a0792a82e3a7a14675,2026-09-09T13:34:00,MACKINAW CITY,
MI,2027,2026/2027,True,Compass Minerals,Emmet,Seasonal Back-Up,MiDEAL / State Agency,seasonal_backup,delivered,USD/short ton,150.0,90.84,13626.0,,260000000713,award,price+volume,derived,MI_FY2027_CompassMinerals_260000000713.pdf,39,https://www.michigan.gov/dtmb/-/media/Project/Websites/dtmb/Procurement/Contracts/022/260000000713.pdf?rev=044d384e33124f69856ff95f406d8b63&hash=EDE0618298A9461C637E9129261588D0,b42001c1d85bb1aa8af53b05e4da59e2a811f76be17396a0792a82e3a7a14675,2026-09-09T13:34:00,PETOSKEY PUBLIC SCHOOLS,
MI,2027,2026/2027,True,Compass Minerals,Emmet,Seasonal Back-Up,MiDEAL / State Agency,seasonal_backup,delivered,USD/short ton,2500.0,90.84,227100.0,,260000000713,award,price+volume,derived,MI_FY2027_CompassMinerals_260000000713.pdf,39,https://www.michigan.gov/dtmb/-/media/Project/Websites/dtmb/Procurement/Contracts/022/260000000713.pdf?rev=044d384e33124f69856ff95f406d8b63&hash=EDE0618298A9461C637E9129261588D0,b42001c1d85bb1aa8af53b05e4da59e2a811f76be17396a0792a82e3a7a14675,2026-09-09T13:34:00,"PETOSKEY, CITY OF",
MI,2027,2026/2027,True,Compass Minerals,Genesee,Seasonal Back-Up,MiDEAL / State Agency,seasonal_backup,delivered,USD/short ton,300.0,75.85,22755.0,,260000000713,award,price+volume,derived,MI_FY2027_CompassMinerals_260000000713.pdf,40,https://www.michigan.gov/dtmb/-/media/Project/Websites/dtmb/Procurement/Contracts/022/260000000713.pdf?rev=044d384e33124f69856ff95f406d8b63&hash=EDE0618298A9461C637E9129261588D0,b42001c1d85bb1aa8af53b05e4da59e2a811f76be17396a0792a82e3a7a14675,2026-09-09T13:34:00,MOTT COMMUNITY COLLEGE,
MI,2027,2026/2027,True,Compass Minerals,Genesee,Seasonal Back-Up,MiDEAL / State Agency,seasonal_backup,delivered,USD/short ton,50.0,75.85,3792.5,,260000000713,award,price+volume,derived,MI_FY2027_CompassMinerals_260000000713.pdf,40,https://www.michigan.gov/dtmb/-/media/Project/Websites/dtmb/Procurement/Contracts/022/260000000713.pdf?rev=044d384e33124f69856ff95f406d8b63&hash=EDE0618298A9461C637E9129261588D0,b42001c1d85bb1aa8af53b05e4da59e2a811f76be17396a0792a82e3a7a14675,2026-09-09T13:34:00,MT MORRIS CONSOLIDATED SCHOOLS,
MI,2027,2026/2027,True,Compass Minerals,Genesee,Seasonal Back-Up,MiDEAL / State Agency,seasonal_backup,delivered,USD/short ton,250.0,75.85,18962.5,,260000000713,award,price+volume,derived,MI_FY2027_CompassMinerals_260000000713.pdf,40,https://www.michigan.gov/dtmb/-/media/Project/Websites/dtmb/Procurement/Contracts/022/260000000713.pdf?rev=044d384e33124f69856ff95f406d8b63&hash=EDE0618298A9461C637E9129261588D0,b42001c1d85bb1aa8af53b05e4da59e2a811f76be17396a0792a82e3a7a14675,2026-09-09T13:34:00,"DAVISON, CITY OF",
MI,2027,2026/2027,True,Compass Minerals,Genesee,Seasonal Back-Up,MiDEAL / State Agency,seasonal_backup,delivered,USD/short ton,150.0,75.85,11377.5,,260000000713,award,price+volume,derived,MI_FY2027_CompassMinerals_260000000713.pdf,40,https://www.michigan.gov/dtmb/-/media/Project/Websites/dtmb/Procurement/Contracts/022/260000000713.pdf?rev=044d384e33124f69856ff95f406d8b63&hash=EDE0618298A9461C637E9129261588D0,b42001c1d85bb1aa8af53b05e4da59e2a811f76be17396a0792a82e3a7a14675,2026-09-09T13:34:00,"MICHIGAN, UNIVERSITY OF",
MI,2027,2026/2027,True,Compass Minerals,Genesee,Seasonal Back-Up,MiDEAL / State Agency,seasonal_backup,delivered,USD/short ton,250.0,75.85,18962.5,,260000000713,award,price+volume,derived,MI_FY2027_CompassMinerals_260000000713.pdf,40,https://www.michigan.gov/dtmb/-/media/Project/Websites/dtmb/Procurement/Contracts/022/260000000713.pdf?rev=044d384e33124f69856ff95f406d8b63&hash=EDE0618298A9461C637E9129261588D0,b42001c1d85bb1aa8af53b05e4da59e2a811f76be17396a0792a82e3a7a14675,2026-09-09T13:34:00,"CLIO, CITY OF",
MI,2027,2026/2027,True,Compass Minerals,Genesee,Seasonal Back-Up,MiDEAL / State Agency,seasonal_backup,delivered,USD/short ton,250.0,75.85,18962.5,,260000000713,award,price+volume,derived,MI_FY2027_CompassMinerals_260000000713.pdf,40,https://www.michigan.gov/dtmb/-/media/Project/Websites/dtmb/Procurement/Contracts/022/260000000713.pdf?rev=044d384e33124f69856ff95f406d8b63&hash=EDE0618298A9461C637E9129261588D0,b42001c1d85bb1aa8af53b05e4da59e2a811f76be17396a0792a82e3a7a14675,2026-09-09T13:34:00,CARMAN-AINSWORTH COMM SCHOOLS,
MI,2027,2026/2027,True,Compass Minerals,Genesee,Seasonal Back-Up,MiDEAL / State Agency,seasonal_backup,delivered,USD/short ton,50.0,75.85,3792.5,,260000000713,award,price+volume,derived,MI_FY2027_CompassMinerals_260000000713.pdf,40,https://www.michigan.gov/dtmb/-/media/Project/Websites/dtmb/Procurement/Contracts/022/260000000713.pdf?rev=044d384e33124f69856ff95f406d8b63&hash=EDE0618298A9461C637E9129261588D0,b42001c1d85bb1aa8af53b05e4da59e2a811f76be17396a0792a82e3a7a14675,2026-09-09T13:34:00,"MT. MORRIS, CITY OF",
MI,2027,2026/2027,True,Compass Minerals,Gogebic,Early Fill,MDOT,early_fill,delivered,USD/short ton,1400.0,114.74,160636.0,,260000000713,award,price+volume,derived,MI_FY2027_CompassMinerals_260000000713.pdf,27,https://www.michigan.gov/dtmb/-/media/Project/Websites/dtmb/Procurement/Contracts/022/260000000713.pdf?rev=044d384e33124f69856ff95f406d8b63&hash=EDE0618298A9461C637E9129261588D0,b42001c1d85bb1aa8af53b05e4da59e2a811f76be17396a0792a82e3a7a14675,2026-09-09T13:34:00,Marenisco,
MI,2027,2026/2027,True,Compass Minerals,Gogebic,Early Fill,MDOT,early_fill,delivered,USD/short ton,1200.0,114.74,137688.0,,260000000713,award,price+volume,derived,MI_FY2027_CompassMinerals_260000000713.pdf,27,https://www.michigan.gov/dtmb/-/media/Project/Websites/dtmb/Procurement/Contracts/022/260000000713.pdf?rev=044d384e33124f69856ff95f406d8b63&hash=EDE0618298A9461C637E9129261588D0,b42001c1d85bb1aa8af53b05e4da59e2a811f76be17396a0792a82e3a7a14675,2026-09-09T13:34:00,Wakefield,
MI,2027,2026/2027,True,Compass Minerals,Gogebic,Early Fill,MDOT,early_fill,delivered,USD/short ton,1200.0,114.74,137688.0,,260000000713,award,price+volume,derived,MI_FY2027_CompassMinerals_260000000713.pdf,27,https://www.michigan.gov/dtmb/-/media/Project/Websites/dtmb/Procurement/Contracts/022/260000000713.pdf?rev=044d384e33124f69856ff95f406d8b63&hash=EDE0618298A9461C637E9129261588D0,b42001c1d85bb1aa8af53b05e4da59e2a811f76be17396a0792a82e3a7a14675,2026-09-09T13:34:00,Watersmeet,
MI,2027,2026/2027,True,Compass Minerals,Gogebic,Seasonal Back-Up,MDOT,seasonal_backup,delivered,USD/short ton,2000.0,118.81,237620.0,,260000000713,award,price+volume,derived,MI_FY2027_CompassMinerals_260000000713.pdf,30,https://www.michigan.gov/dtmb/-/media/Project/Websites/dtmb/Procurement/Contracts/022/260000000713.pdf?rev=044d384e33124f69856ff95f406d8b63&hash=EDE0618298A9461C637E9129261588D0,b42001c1d85bb1aa8af53b05e4da59e2a811f76be17396a0792a82e3a7a14675,2026-09-09T13:34:00,Marenisco,
MI,2027,2026/2027,True,Compass Minerals,Gogebic,Seasonal Back-Up,MDOT,seasonal_backup,delivered,USD/short ton,2000.0,118.81,237620.0,,260000000713,award,price+volume,derived,MI_FY2027_CompassMinerals_260000000713.pdf,30,https://www.michigan.gov/dtmb/-/media/Project/Websites/dtmb/Procurement/Contracts/022/260000000713.pdf?rev=044d384e33124f69856ff95f406d8b63&hash=EDE0618298A9461C637E9129261588D0,b42001c1d85bb1aa8af53b05e4da59e2a811f76be17396a0792a82e3a7a14675,2026-09-09T13:34:00,Wakefield,
MI,2027,2026/2027,True,Compass Minerals,Gogebic,Seasonal Back-Up,MDOT,seasonal_backup,delivered,USD/short ton,1500.0,118.81,178215.0,,260000000713,award,price+volume,derived,MI_FY2027_CompassMinerals_260000000713.pdf,30,https://www.michigan.gov/dtmb/-/media/Project/Websites/dtmb/Procurement/Contracts/022/260000000713.pdf?rev=044d384e33124f69856ff95f406d8b63&hash=EDE0618298A9461C637E9129261588D0,b42001c1d85bb1aa8af53b05e4da59e2a811f76be17396a0792a82e3a7a14675,2026-09-09T13:34:00,Watersmeet,
MI,2027,2026/2027,True,Compass Minerals,Gogebic,Early Fill,MiDEAL / State Agency,early_fill,delivered,USD/short ton,150.0,114.74,17211.0,,260000000713,award,price+volume,derived,MI_FY2027_CompassMinerals_260000000713.pdf,35,https://www.michigan.gov/dtmb/-/media/Project/Websites/dtmb/Procurement/Contracts/022/260000000713.pdf?rev=044d384e33124f69856ff95f406d8b63&hash=EDE0618298A9461C637E9129261588D0,b42001c1d85bb1aa8af53b05e4da59e2a811f76be17396a0792a82e3a7a14675,2026-09-09T13:34:00,"BESSEMER, CITY OF",
MI,2027,2026/2027,True,Compass Minerals,Gogebic,Early Fill,MiDEAL / State Agency,early_fill,delivered,USD/short ton,700.0,114.74,80318.0,,260000000713,award,price+volume,derived,MI_FY2027_CompassMinerals_260000000713.pdf,35,https://www.michigan.gov/dtmb/-/media/Project/Websites/dtmb/Procurement/Contracts/022/260000000713.pdf?rev=044d384e33124f69856ff95f406d8b63&hash=EDE0618298A9461C637E9129261588D0,b42001c1d85bb1aa8af53b05e4da59e2a811f76be17396a0792a82e3a7a14675,2026-09-09T13:34:00,"IRONWOOD, CITY OF",
MI,2027,2026/2027,True,Compass Minerals,Gogebic,Early Fill,MiDEAL / State Agency,early_fill,delivered,USD/short ton,150.0,114.74,17211.0,,260000000713,award,price+volume,derived,MI_FY2027_CompassMinerals_260000000713.pdf,35,https://www.michigan.gov/dtmb/-/media/Project/Websites/dtmb/Procurement/Contracts/022/260000000713.pdf?rev=044d384e33124f69856ff95f406d8b63&hash=EDE0618298A9461C637E9129261588D0,b42001c1d85bb1aa8af53b05e4da59e2a811f76be17396a0792a82e3a7a14675,2026-09-09T13:34:00,"WAKEFIELD, CITY OF",
MI,2027,2026/2027,True,Compass Minerals,Gogebic,Early Fill,MiDEAL / State Agency,early_fill,delivered,USD/short ton,50.0,114.74,5737.0,,260000000713,award,price+volume,derived,MI_FY2027_CompassMinerals_260000000713.pdf,35,https://www.michigan.gov/dtmb/-/media/Project/Websites/dtmb/Procurement/Contracts/022/260000000713.pdf?rev=044d384e33124f69856ff95f406d8b63&hash=EDE0618298A9461C637E9129261588D0,b42001c1d85bb1aa8af53b05e4da59e2a811f76be17396a0792a82e3a7a14675,2026-09-09T13:34:00,GOGEBIC COUNTY ROAD COMMISSION,
MI,2027,2026/2027,True,Compass Minerals,Gogebic,Early Fill,MiDEAL / State Agency,early_fill,delivered,USD/short ton,100.0,114.74,11474.0,,260000000713,award,price+volume,derived,MI_FY2027_CompassMinerals_260000000713.pdf,35,https://www.michigan.gov/dtmb/-/media/Project/Websites/dtmb/Procurement/Contracts/022/260000000713.pdf?rev=044d384e33124f69856ff95f406d8b63&hash=EDE0618298A9461C637E9129261588D0,b42001c1d85bb1aa8af53b05e4da59e2a811f76be17396a0792a82e3a7a14675,2026-09-09T13:34:00,GOGEBIC COUNTY ROAD COMMISSION,
MI,2027,2026/2027,True,Compass Minerals,Gogebic,Seasonal Back-Up,MiDEAL / State Agency,seasonal_backup,delivered,USD/short ton,200.0,118.81,23762.0,,260000000713,award,price+volume,derived,MI_FY2027_CompassMinerals_260000000713.pdf,38,https://www.michigan.gov/dtmb/-/media/Project/Websites/dtmb/Procurement/Contracts/022/260000000713.pdf?rev=044d384e33124f69856ff95f406d8b63&hash=EDE0618298A9461C637E9129261588D0,b42001c1d85bb1aa8af53b05e4da59e2a811f76be17396a0792a82e3a7a14675,2026-09-09T13:34:00,"IRONWOOD, CITY OF",
MI,2027,2026/2027,True,Compass Minerals,Grand Traverse,Seasonal Back-Up,MDOT,seasonal_backup,delivered,USD/short ton,1000.0,82.1,82100.0,,260000000713,award,price+volume,derived,MI_FY2027_CompassMinerals_260000000713.pdf,32,https://www.michigan.gov/dtmb/-/media/Project/Websites/dtmb/Procurement/Contracts/022/260000000713.pdf?rev=044d384e33124f69856ff95f406d8b63&hash=EDE0618298A9461C637E9129261588D0,b42001c1d85bb1aa8af53b05e4da59e2a811f76be17396a0792a82e3a7a14675,2026-09-09T13:34:00,Kingsley,
MI,2027,2026/2027,True,Compass Minerals,Grand Traverse,Seasonal Back-Up,MDOT,seasonal_backup,delivered,USD/short ton,1100.0,82.1,90310.0,,260000000713,award,price+volume,derived,MI_FY2027_CompassMinerals_260000000713.pdf,32,https://www.michigan.gov/dtmb/-/media/Project/Websites/dtmb/Procurement/Contracts/022/260000000713.pdf?rev=044d384e33124f69856ff95f406d8b63&hash=EDE0618298A9461C637E9129261588D0,b42001c1d85bb1aa8af53b05e4da59e2a811f76be17396a0792a82e3a7a14675,2026-09-09T13:34:00,Traverse City,
MI,2027,2026/2027,True,Compass Minerals,Grand Traverse,Seasonal Back-Up,MiDEAL / State Agency,seasonal_backup,delivered,USD/short ton,50.0,82.1,4105.0,,260000000713,award,price+volume,derived,MI_FY2027_CompassMinerals_260000000713.pdf,39,https://www.michigan.gov/dtmb/-/media/Project/Websites/dtmb/Procurement/Contracts/022/260000000713.pdf?rev=044d384e33124f69856ff95f406d8b63&hash=EDE0618298A9461C637E9129261588D0,b42001c1d85bb1aa8af53b05e4da59e2a811f76be17396a0792a82e3a7a14675,2026-09-09T13:34:00,NORTHWESTERN MICHIGAN COLLEGE,
MI,2027,2026/2027,True,Compass Minerals,Grand Traverse,Seasonal Back-Up,MiDEAL / State Agency,seasonal_backup,delivered,USD/short ton,600.0,82.1,49260.0,,260000000713,award,price+volume,derived,MI_FY2027_CompassMinerals_260000000713.pdf,39,https://www.michigan.gov/dtmb/-/media/Project/Websites/dtmb/Procurement/Contracts/022/260000000713.pdf?rev=044d384e33124f69856ff95f406d8b63&hash=EDE0618298A9461C637E9129261588D0,b42001c1d85bb1aa8af53b05e4da59e2a811f76be17396a0792a82e3a7a14675,2026-09-09T13:34:00,"TRAVERSE CITY, CITY OF",
MI,2027,2026/2027,True,Compass Minerals,Grand Traverse,Seasonal Back-Up,MiDEAL / State Agency,seasonal_backup,delivered,USD/short ton,1500.0,82.1,123150.0,,260000000713,award,price+volume,derived,MI_FY2027_CompassMinerals_260000000713.pdf,39,https://www.michigan.gov/dtmb/-/media/Project/Websites/dtmb/Procurement/Contracts/022/260000000713.pdf?rev=044d384e33124f69856ff95f406d8b63&hash=EDE0618298A9461C637E9129261588D0,b42001c1d85bb1aa8af53b05e4da59e2a811f76be17396a0792a82e3a7a14675,2026-09-09T13:34:00,GRAND TRAVERSE COUNTY ROAD COMMISSION,
MI,2027,2026/2027,True,Compass Minerals,Grand Traverse,Seasonal Back-Up,MiDEAL / State Agency,seasonal_backup,delivered,USD/short ton,2500.0,82.1,205250.0,,260000000713,award,price+volume,derived,MI_FY2027_CompassMinerals_260000000713.pdf,39,https://www.michigan.gov/dtmb/-/media/Project/Websites/dtmb/Procurement/Contracts/022/260000000713.pdf?rev=044d384e33124f69856ff95f406d8b63&hash=EDE0618298A9461C637E9129261588D0,b42001c1d85bb1aa8af53b05e4da59e2a811f76be17396a0792a82e3a7a14675,2026-09-09T13:34:00,GRAND TRAVERSE COUNTY ROAD COMMISSION,
MI,2027,2026/2027,True,Compass Minerals,Houghton,Early Fill,MDOT,early_fill,delivered,USD/short ton,7400.0,97.36,720464.0,,260000000713,award,price+volume,derived,MI_FY2027_CompassMinerals_260000000713.pdf,27,https://www.michigan.gov/dtmb/-/media/Project/Websites/dtmb/Procurement/Contracts/022/260000000713.pdf?rev=044d384e33124f69856ff95f406d8b63&hash=EDE0618298A9461C637E9129261588D0,b42001c1d85bb1aa8af53b05e4da59e2a811f76be17396a0792a82e3a7a14675,2026-09-09T13:34:00,Calumet,
MI,2027,2026/2027,True,Compass Minerals,Houghton,Seasonal Back-Up,MDOT,seasonal_backup,delivered,USD/short ton,50.0,127.14,6357.0,,260000000713,award,price+volume,derived,MI_FY2027_CompassMinerals_260000000713.pdf,30,https://www.michigan.gov/dtmb/-/media/Project/Websites/dtmb/Procurement/Contracts/022/260000000713.pdf?rev=044d384e33124f69856ff95f406d8b63&hash=EDE0618298A9461C637E9129261588D0,b42001c1d85bb1aa8af53b05e4da59e2a811f76be17396a0792a82e3a7a14675,2026-09-09T13:34:00,Calumet,
MI,2027,2026/2027,True,Compass Minerals,Houghton,Early Fill,MiDEAL / State Agency,early_fill,delivered,USD/short ton,300.0,97.36,29208.0,,260000000713,award,price+volume,derived,MI_FY2027_CompassMinerals_260000000713.pdf,35,https://www.michigan.gov/dtmb/-/media/Project/Websites/dtmb/Procurement/Contracts/022/260000000713.pdf?rev=044d384e33124f69856ff95f406d8b63&hash=EDE0618298A9461C637E9129261588D0,b42001c1d85bb1aa8af53b05e4da59e2a811f76be17396a0792a82e3a7a14675,2026-09-09T13:34:00,HOUGHTON COUNTY ROAD COMMISSION,
MI,2027,2026/2027,True,Compass Minerals,Houghton,Early Fill,MiDEAL / State Agency,early_fill,delivered,USD/short ton,1350.0,97.36,131436.0,,260000000713,award,price+volume,derived,MI_FY2027_CompassMinerals_260000000713.pdf,35,https://www.michigan.gov/dtmb/-/media/Project/Websites/dtmb/Procurement/Contracts/022/260000000713.pdf?rev=044d384e33124f69856ff95f406d8b63&hash=EDE0618298A9461C637E9129261588D0,b42001c1d85bb1aa8af53b05e4da59e2a811f76be17396a0792a82e3a7a14675,2026-09-09T13:34:00,HOUGHTON COUNTY ROAD COMMISSION,
MI,2027,2026/2027,True,Compass Minerals,Houghton,Early Fill,MiDEAL / State Agency,early_fill,delivered,USD/short ton,50.0,97.36,4868.0,,260000000713,award,price+volume,derived,MI_FY2027_CompassMinerals_260000000713.pdf,35,https://www.michigan.gov/dtmb/-/media/Project/Websites/dtmb/Procurement/Contracts/022/260000000713.pdf?rev=044d384e33124f69856ff95f406d8b63&hash=EDE0618298A9461C637E9129261588D0,b42001c1d85bb1aa8af53b05e4da59e2a811f76be17396a0792a82e3a7a14675,2026-09-09T13:34:00,"CALUMET, VILLAGE OF",
MI,2027,2026/2027,True,Compass Minerals,Houghton,Early Fill,MiDEAL / State Agency,early_fill,delivered,USD/short ton,1800.0,97.36,175248.0,,260000000713,award,price+volume,derived,MI_FY2027_CompassMinerals_260000000713.pdf,35,https://www.michigan.gov/dtmb/-/media/Project/Websites/dtmb/Procurement/Contracts/022/260000000713.pdf?rev=044d384e33124f69856ff95f406d8b63&hash=EDE0618298A9461C637E9129261588D0,b42001c1d85bb1aa8af53b05e4da59e2a811f76be17396a0792a82e3a7a14675,2026-09-09T13:34:00,"HOUGHTON, CITY OF",
MI,2027,2026/2027,True,Compass Minerals,Houghton,Early Fill,MiDEAL / State Agency,early_fill,delivered,USD/short ton,650.0,97.36,63284.0,,260000000713,award,price+volume,derived,MI_FY2027_CompassMinerals_260000000713.pdf,35,https://www.michigan.gov/dtmb/-/media/Project/Websites/dtmb/Procurement/Contracts/022/260000000713.pdf?rev=044d384e33124f69856ff95f406d8b63&hash=EDE0618298A9461C637E9129261588D0,b42001c1d85bb1aa8af53b05e4da59e2a811f76be17396a0792a82e3a7a14675,2026-09-09T13:34:00,"HANCOCK, CITY OF",
MI,2027,2026/2027,True,Compass Minerals,Houghton,Early Fill,MiDEAL / State Agency,early_fill,delivered,USD/short ton,100.0,97.36,9736.0,,260000000713,award,price+volume,derived,MI_FY2027_CompassMinerals_260000000713.pdf,35,https://www.michigan.gov/dtmb/-/media/Project/Websites/dtmb/Procurement/Contracts/022/260000000713.pdf?rev=044d384e33124f69856ff95f406d8b63&hash=EDE0618298A9461C637E9129261588D0,b42001c1d85bb1aa8af53b05e4da59e2a811f76be17396a0792a82e3a7a14675,2026-09-09T13:34:00,"LAKE LINDEN, VILLAGE OF",
MI,2027,2026/2027,True,Compass Minerals,Houghton,Early Fill,MiDEAL / State Agency,early_fill,delivered,USD/short ton,100.0,97.36,9736.0,,260000000713,award,price+volume,derived,MI_FY2027_CompassMinerals_260000000713.pdf,35,https://www.michigan.gov/dtmb/-/media/Project/Websites/dtmb/Procurement/Contracts/022/260000000713.pdf?rev=044d384e33124f69856ff95f406d8b63&hash=EDE0618298A9461C637E9129261588D0,b42001c1d85bb1aa8af53b05e4da59e2a811f76be17396a0792a82e3a7a14675,2026-09-09T13:34:00,"LAURIUM, VILLAGE OF",
MI,2027,2026/2027,True,Compass Minerals,Iosco,Seasonal Back-Up,MDOT,seasonal_backup,delivered,USD/short ton,250.0,84.51,21127.5,,260000000713,award,price+volume,derived,MI_FY2027_CompassMinerals_260000000713.pdf,32,https://www.michigan.gov/dtmb/-/media/Project/Websites/dtmb/Procurement/Contracts/022/260000000713.pdf?rev=044d384e33124f69856ff95f406d8b63&hash=EDE0618298A9461C637E9129261588D0,b42001c1d85bb1aa8af53b05e4da59e2a811f76be17396a0792a82e3a7a14675,2026-09-09T13:34:00,Oscoda,
MI,2027,2026/2027,True,Compass Minerals,Iosco,Seasonal Back-Up,MDOT,seasonal_backup,delivered,USD/short ton,550.0,84.51,46480.5,,260000000713,award,price+volume,derived,MI_FY2027_CompassMinerals_260000000713.pdf,32,https://www.michigan.gov/dtmb/-/media/Project/Websites/dtmb/Procurement/Contracts/022/260000000713.pdf?rev=044d384e33124f69856ff95f406d8b63&hash=EDE0618298A9461C637E9129261588D0,b42001c1d85bb1aa8af53b05e4da59e2a811f76be17396a0792a82e3a7a14675,2026-09-09T13:34:00,Tawas City,
MI,2027,2026/2027,True,Compass Minerals,Iosco,Seasonal Back-Up,MiDEAL / State Agency,seasonal_backup,delivered,USD/short ton,200.0,84.51,16902.0,,260000000713,award,price+volume,derived,MI_FY2027_CompassMinerals_260000000713.pdf,39,https://www.michigan.gov/dtmb/-/media/Project/Websites/dtmb/Procurement/Contracts/022/260000000713.pdf?rev=044d384e33124f69856ff95f406d8b63&hash=EDE0618298A9461C637E9129261588D0,b42001c1d85bb1aa8af53b05e4da59e2a811f76be17396a0792a82e3a7a14675,2026-09-09T13:34:00,"EAST TAWAS, CITY OF",
MI,2027,2026/2027,True,Compass Minerals,Iosco,Seasonal Back-Up,MiDEAL / State Agency,seasonal_backup,delivered,USD/short ton,450.0,84.51,38029.5,,260000000713,award,price+volume,derived,MI_FY2027_CompassMinerals_260000000713.pdf,39,https://www.michigan.gov/dtmb/-/media/Project/Websites/dtmb/Procurement/Contracts/022/260000000713.pdf?rev=044d384e33124f69856ff95f406d8b63&hash=EDE0618298A9461C637E9129261588D0,b42001c1d85bb1aa8af53b05e4da59e2a811f76be17396a0792a82e3a7a14675,2026-09-09T13:34:00,IOSCO COUNTY ROAD COMMISSION,
MI,2027,2026/2027,True,Compass Minerals,Iosco,Seasonal Back-Up,MiDEAL / State Agency,seasonal_backup,delivered,USD/short ton,350.0,84.51,29578.5,,260000000713,award,price+volume,derived,MI_FY2027_CompassMinerals_260000000713.pdf,39,https://www.michigan.gov/dtmb/-/media/Project/Websites/dtmb/Procurement/Contracts/022/260000000713.pdf?rev=044d384e33124f69856ff95f406d8b63&hash=EDE0618298A9461C637E9129261588D0,b42001c1d85bb1aa8af53b05e4da59e2a811f76be17396a0792a82e3a7a14675,2026-09-09T13:34:00,IOSCO COUNTY ROAD COMMISSION,
MI,2027,2026/2027,True,Compass Minerals,Iron,Early Fill,MDOT,early_fill,delivered,USD/short ton,500.0,94.25,47125.0,,260000000713,award,price+volume,derived,MI_FY2027_CompassMinerals_260000000713.pdf,27,https://www.michigan.gov/dtmb/-/media/Project/Websites/dtmb/Procurement/Contracts/022/260000000713.pdf?rev=044d384e33124f69856ff95f406d8b63&hash=EDE0618298A9461C637E9129261588D0,b42001c1d85bb1aa8af53b05e4da59e2a811f76be17396a0792a82e3a7a14675,2026-09-09T13:34:00,Amasa,
MI,2027,2026/2027,True,Compass Minerals,Iron,Early Fill,MDOT,early_fill,delivered,USD/short ton,3800.0,94.25,358150.0,,260000000713,award,price+volume,derived,MI_FY2027_CompassMinerals_260000000713.pdf,27,https://www.michigan.gov/dtmb/-/media/Project/Websites/dtmb/Procurement/Contracts/022/260000000713.pdf?rev=044d384e33124f69856ff95f406d8b63&hash=EDE0618298A9461C637E9129261588D0,b42001c1d85bb1aa8af53b05e4da59e2a811f76be17396a0792a82e3a7a14675,2026-09-09T13:34:00,Crystal Falls,
MI,2027,2026/2027,True,Compass Minerals,Iron,Early Fill,MDOT,early_fill,delivered,USD/short ton,1400.0,94.25,131950.0,,260000000713,award,price+volume,derived,MI_FY2027_CompassMinerals_260000000713.pdf,27,https://www.michigan.gov/dtmb/-/media/Project/Websites/dtmb/Procurement/Contracts/022/260000000713.pdf?rev=044d384e33124f69856ff95f406d8b63&hash=EDE0618298A9461C637E9129261588D0,b42001c1d85bb1aa8af53b05e4da59e2a811f76be17396a0792a82e3a7a14675,2026-09-09T13:34:00,Iron River,
MI,2027,2026/2027,True,Compass Minerals,Iron,Seasonal Back-Up,MDOT,seasonal_backup,delivered,USD/short ton,200.0,97.19,19438.0,,260000000713,award,price+volume,derived,MI_FY2027_CompassMinerals_260000000713.pdf,30,https://www.michigan.gov/dtmb/-/media/Project/Websites/dtmb/Procurement/Contracts/022/260000000713.pdf?rev=044d384e33124f69856ff95f406d8b63&hash=EDE0618298A9461C637E9129261588D0,b42001c1d85bb1aa8af53b05e4da59e2a811f76be17396a0792a82e3a7a14675,2026-09-09T13:34:00,Amasa,
MI,2027,2026/2027,True,Compass Minerals,Iron,Seasonal Back-Up,MDOT,seasonal_backup,delivered,USD/short ton,300.0,97.19,29157.0,,260000000713,award,price+volume,derived,MI_FY2027_CompassMinerals_260000000713.pdf,31,https://www.michigan.gov/dtmb/-/media/Project/Websites/dtmb/Procurement/Contracts/022/260000000713.pdf?rev=044d384e33124f69856ff95f406d8b63&hash=EDE0618298A9461C637E9129261588D0,b42001c1d85bb1aa8af53b05e4da59e2a811f76be17396a0792a82e3a7a14675,2026-09-09T13:34:00,Crystal Falls,
MI,2027,2026/2027,True,Compass Minerals,Iron,Seasonal Back-Up,MDOT,seasonal_backup,delivered,USD/short ton,2000.0,97.19,194380.0,,260000000713,award,price+volume,derived,MI_FY2027_CompassMinerals_260000000713.pdf,31,https://www.michigan.gov/dtmb/-/media/Project/Websites/dtmb/Procurement/Contracts/022/260000000713.pdf?rev=044d384e33124f69856ff95f406d8b63&hash=EDE0618298A9461C637E9129261588D0,b42001c1d85bb1aa8af53b05e4da59e2a811f76be17396a0792a82e3a7a14675,2026-09-09T13:34:00,Iron River,
MI,2027,2026/2027,True,Compass Minerals,Iron,Early Fill,MiDEAL / State Agency,early_fill,delivered,USD/short ton,250.0,94.25,23562.5,,260000000713,award,price+volume,derived,MI_FY2027_CompassMinerals_260000000713.pdf,35,https://www.michigan.gov/dtmb/-/media/Project/Websites/dtmb/Procurement/Contracts/022/260000000713.pdf?rev=044d384e33124f69856ff95f406d8b63&hash=EDE0618298A9461C637E9129261588D0,b42001c1d85bb1aa8af53b05e4da59e2a811f76be17396a0792a82e3a7a14675,2026-09-09T13:34:00,"IRON RIVER, CITY OF",
MI,2027,2026/2027,True,Compass Minerals,Iron,Early Fill,MiDEAL / State Agency,early_fill,delivered,USD/short ton,50.0,94.25,4712.5,,260000000713,award,price+volume,derived,MI_FY2027_CompassMinerals_260000000713.pdf,35,https://www.michigan.gov/dtmb/-/media/Project/Websites/dtmb/Procurement/Contracts/022/260000000713.pdf?rev=044d384e33124f69856ff95f406d8b63&hash=EDE0618298A9461C637E9129261588D0,b42001c1d85bb1aa8af53b05e4da59e2a811f76be17396a0792a82e3a7a14675,2026-09-09T13:34:00,IRON COUNTY ROAD COMMISSION,
MI,2027,2026/2027,True,Compass Minerals,Iron,Early Fill,MiDEAL / State Agency,early_fill,delivered,USD/short ton,50.0,94.25,4712.5,,260000000713,award,price+volume,derived,MI_FY2027_CompassMinerals_260000000713.pdf,35,https://www.michigan.gov/dtmb/-/media/Project/Websites/dtmb/Procurement/Contracts/022/260000000713.pdf?rev=044d384e33124f69856ff95f406d8b63&hash=EDE0618298A9461C637E9129261588D0,b42001c1d85bb1aa8af53b05e4da59e2a811f76be17396a0792a82e3a7a14675,2026-09-09T13:34:00,IRON COUNTY ROAD COMMISSION,
MI,2027,2026/2027,True,Compass Minerals,Iron,Early Fill,MiDEAL / State Agency,early_fill,delivered,USD/short ton,250.0,94.25,23562.5,,260000000713,award,price+volume,derived,MI_FY2027_CompassMinerals_260000000713.pdf,35,https://www.michigan.gov/dtmb/-/media/Project/Websites/dtmb/Procurement/Contracts/022/260000000713.pdf?rev=044d384e33124f69856ff95f406d8b63&hash=EDE0618298A9461C637E9129261588D0,b42001c1d85bb1aa8af53b05e4da59e2a811f76be17396a0792a82e3a7a14675,2026-09-09T13:34:00,"CRYSTAL FALLS, CITY OF",
MI,2027,2026/2027,True,Compass Minerals,Iron,Early Fill,MiDEAL / State Agency,early_fill,delivered,USD/short ton,50.0,94.25,4712.5,,260000000713,award,price+volume,derived,MI_FY2027_CompassMinerals_260000000713.pdf,35,https://www.michigan.gov/dtmb/-/media/Project/Websites/dtmb/Procurement/Contracts/022/260000000713.pdf?rev=044d384e33124f69856ff95f406d8b63&hash=EDE0618298A9461C637E9129261588D0,b42001c1d85bb1aa8af53b05e4da59e2a811f76be17396a0792a82e3a7a14675,2026-09-09T13:34:00,CASPIAN CITY,
MI,2027,2026/2027,True,Compass Minerals,Iron,Seasonal Back-Up,MiDEAL / State Agency,seasonal_backup,delivered,USD/short ton,50.0,97.19,4859.5,,260000000713,award,price+volume,derived,MI_FY2027_CompassMinerals_260000000713.pdf,38,https://www.michigan.gov/dtmb/-/media/Project/Websites/dtmb/Procurement/Contracts/022/260000000713.pdf?rev=044d384e33124f69856ff95f406d8b63&hash=EDE0618298A9461C637E9129261588D0,b42001c1d85bb1aa8af53b05e4da59e2a811f76be17396a0792a82e3a7a14675,2026-09-09T13:34:00,CASPIAN CITY,
MI,2027,2026/2027,True,Compass Minerals,Iron,Seasonal Back-Up,MiDEAL / State Agency,seasonal_backup,delivered,USD/short ton,50.0,97.19,4859.5,,260000000713,award,price+volume,derived,MI_FY2027_CompassMinerals_260000000713.pdf,38,https://www.michigan.gov/dtmb/-/media/Project/Websites/dtmb/Procurement/Contracts/022/260000000713.pdf?rev=044d384e33124f69856ff95f406d8b63&hash=EDE0618298A9461C637E9129261588D0,b42001c1d85bb1aa8af53b05e4da59e2a811f76be17396a0792a82e3a7a14675,2026-09-09T13:34:00,"IRON RIVER, CITY OF",
MI,2027,2026/2027,True,Compass Minerals,Iron,Seasonal Back-Up,MiDEAL / State Agency,seasonal_backup,delivered,USD/short ton,50.0,97.19,4859.5,,260000000713,award,price+volume,derived,MI_FY2027_CompassMinerals_260000000713.pdf,38,https://www.michigan.gov/dtmb/-/media/Project/Websites/dtmb/Procurement/Contracts/022/260000000713.pdf?rev=044d384e33124f69856ff95f406d8b63&hash=EDE0618298A9461C637E9129261588D0,b42001c1d85bb1aa8af53b05e4da59e2a811f76be17396a0792a82e3a7a14675,2026-09-09T13:34:00,"GAASTRA, CITY OF",
MI,2027,2026/2027,True,Compass Minerals,Isabella,Seasonal Back-Up,MDOT,seasonal_backup,delivered,USD/short ton,1000.0,75.32,75320.0,,260000000713,award,price+volume,derived,MI_FY2027_CompassMinerals_260000000713.pdf,34,https://www.michigan.gov/dtmb/-/media/Project/Websites/dtmb/Procurement/Contracts/022/260000000713.pdf?rev=044d384e33124f69856ff95f406d8b63&hash=EDE0618298A9461C637E9129261588D0,b42001c1d85bb1aa8af53b05e4da59e2a811f76be17396a0792a82e3a7a14675,2026-09-09T13:34:00,Mt. Pleasant,
MI,2027,2026/2027,True,Compass Minerals,Isabella,Seasonal Back-Up,MiDEAL / State Agency,seasonal_backup,delivered,USD/short ton,400.0,75.32,30128.0,,260000000713,award,price+volume,derived,MI_FY2027_CompassMinerals_260000000713.pdf,40,https://www.michigan.gov/dtmb/-/media/Project/Websites/dtmb/Procurement/Contracts/022/260000000713.pdf?rev=044d384e33124f69856ff95f406d8b63&hash=EDE0618298A9461C637E9129261588D0,b42001c1d85bb1aa8af53b05e4da59e2a811f76be17396a0792a82e3a7a14675,2026-09-09T13:34:00,CENTRAL MICHIGAN UNIVERSITY,
MI,2027,2026/2027,True,Compass Minerals,Isabella,Seasonal Back-Up,MiDEAL / State Agency,seasonal_backup,delivered,USD/short ton,500.0,75.32,37660.0,,260000000713,award,price+volume,derived,MI_FY2027_CompassMinerals_260000000713.pdf,40,https://www.michigan.gov/dtmb/-/media/Project/Websites/dtmb/Procurement/Contracts/022/260000000713.pdf?rev=044d384e33124f69856ff95f406d8b63&hash=EDE0618298A9461C637E9129261588D0,b42001c1d85bb1aa8af53b05e4da59e2a811f76be17396a0792a82e3a7a14675,2026-09-09T13:34:00,"MT. PLEASANT, CITY OF",
MI,2027,2026/2027,True,Compass Minerals,Isabella,Seasonal Back-Up,MiDEAL / State Agency,seasonal_backup,delivered,USD/short ton,800.0,75.32,60256.0,,260000000713,award,price+volume,derived,MI_FY2027_CompassMinerals_260000000713.pdf,40,https://www.michigan.gov/dtmb/-/media/Project/Websites/dtmb/Procurement/Contracts/022/260000000713.pdf?rev=044d384e33124f69856ff95f406d8b63&hash=EDE0618298A9461C637E9129261588D0,b42001c1d85bb1aa8af53b05e4da59e2a811f76be17396a0792a82e3a7a14675,2026-09-09T13:34:00,ISABELLA COUNTY ROAD COMMISSION,
MI,2027,2026/2027,True,Compass Minerals,Isabella,Seasonal Back-Up,MiDEAL / State Agency,seasonal_backup,delivered,USD/short ton,100.0,75.32,7532.0,,260000000713,award,price+volume,derived,MI_FY2027_CompassMinerals_260000000713.pdf,40,https://www.michigan.gov/dtmb/-/media/Project/Websites/dtmb/Procurement/Contracts/022/260000000713.pdf?rev=044d384e33124f69856ff95f406d8b63&hash=EDE0618298A9461C637E9129261588D0,b42001c1d85bb1aa8af53b05e4da59e2a811f76be17396a0792a82e3a7a14675,2026-09-09T13:34:00,ISABELLA COUNTY ROAD COMMISSION,
MI,2027,2026/2027,True,Compass Minerals,Isabella,Seasonal Back-Up,MiDEAL / State Agency,seasonal_backup,delivered,USD/short ton,200.0,75.32,15064.0,,260000000713,award,price+volume,derived,MI_FY2027_CompassMinerals_260000000713.pdf,40,https://www.michigan.gov/dtmb/-/media/Project/Websites/dtmb/Procurement/Contracts/022/260000000713.pdf?rev=044d384e33124f69856ff95f406d8b63&hash=EDE0618298A9461C637E9129261588D0,b42001c1d85bb1aa8af53b05e4da59e2a811f76be17396a0792a82e3a7a14675,2026-09-09T13:34:00,"SHEPHERD, VILLAGE OF",
MI,2027,2026/2027,True,Compass Minerals,Isabella,Seasonal Back-Up,MiDEAL / State Agency,seasonal_backup,delivered,USD/short ton,50.0,75.32,3766.0,,260000000713,award,price+volume,derived,MI_FY2027_CompassMinerals_260000000713.pdf,40,https://www.michigan.gov/dtmb/-/media/Project/Websites/dtmb/Procurement/Contracts/022/260000000713.pdf?rev=044d384e33124f69856ff95f406d8b63&hash=EDE0618298A9461C637E9129261588D0,b42001c1d85bb1aa8af53b05e4da59e2a811f76be17396a0792a82e3a7a14675,2026-09-09T13:34:00,MID MICHIGAN COMMUNITY COLLEGE,
MI,2027,2026/2027,True,Compass Minerals,Isabella,Seasonal Back-Up,MiDEAL / State Agency,seasonal_backup,delivered,USD/short ton,150.0,75.32,11298.0,,260000000713,award,price+volume,derived,MI_FY2027_CompassMinerals_260000000713.pdf,40,https://www.michigan.gov/dtmb/-/media/Project/Websites/dtmb/Procurement/Contracts/022/260000000713.pdf?rev=044d384e33124f69856ff95f406d8b63&hash=EDE0618298A9461C637E9129261588D0,b42001c1d85bb1aa8af53b05e4da59e2a811f76be17396a0792a82e3a7a14675,2026-09-09T13:34:00,SAGINAW CHIPPEWA INDIAN TRIBE,
MI,2027,2026/2027,True,Compass Minerals,Isabella,Seasonal Back-Up,MiDEAL / State Agency,seasonal_backup,delivered,USD/short ton,850.0,75.32,64022.0,,260000000713,award,price+volume,derived,MI_FY2027_CompassMinerals_260000000713.pdf,40,https://www.michigan.gov/dtmb/-/media/Project/Websites/dtmb/Procurement/Contracts/022/260000000713.pdf?rev=044d384e33124f69856ff95f406d8b63&hash=EDE0618298A9461C637E9129261588D0,b42001c1d85bb1aa8af53b05e4da59e2a811f76be17396a0792a82e3a7a14675,2026-09-09T13:34:00,SAGINAW CHIPPEWA INDIAN TRIBE,
MI,2027,2026/2027,True,Compass Minerals,Isabella,Seasonal Back-Up,MiDEAL / State Agency,seasonal_backup,delivered,USD/short ton,150.0,75.32,11298.0,,260000000713,award,price+volume,derived,MI_FY2027_CompassMinerals_260000000713.pdf,40,https://www.michigan.gov/dtmb/-/media/Project/Websites/dtmb/Procurement/Contracts/022/260000000713.pdf?rev=044d384e33124f69856ff95f406d8b63&hash=EDE0618298A9461C637E9129261588D0,b42001c1d85bb1aa8af53b05e4da59e2a811f76be17396a0792a82e3a7a14675,2026-09-09T13:34:00,"LAKE ISABELLA, VILLAGE OF",
MI,2027,2026/2027,True,Compass Minerals,Kent,Seasonal Back-Up,MiDEAL / State Agency,seasonal_backup,delivered,USD/short ton,150.0,104.23,15634.5,,260000000713,award,price+volume,derived,MI_FY2027_CompassMinerals_260000000713.pdf,39,https://www.michigan.gov/dtmb/-/media/Project/Websites/dtmb/Procurement/Contracts/022/260000000713.pdf?rev=044d384e33124f69856ff95f406d8b63&hash=EDE0618298A9461C637E9129261588D0,b42001c1d85bb1aa8af53b05e4da59e2a811f76be17396a0792a82e3a7a14675,2026-09-09T13:34:00,Caledonia Community Schools,
MI,2027,2026/2027,True,Compass Minerals,Kent,Seasonal Back-Up,MiDEAL / State Agency,seasonal_backup,delivered,USD/short ton,50.0,104.23,5211.5,,260000000713,award,price+volume,derived,MI_FY2027_CompassMinerals_260000000713.pdf,39,https://www.michigan.gov/dtmb/-/media/Project/Websites/dtmb/Procurement/Contracts/022/260000000713.pdf?rev=044d384e33124f69856ff95f406d8b63&hash=EDE0618298A9461C637E9129261588D0,b42001c1d85bb1aa8af53b05e4da59e2a811f76be17396a0792a82e3a7a14675,2026-09-09T13:34:00,"KENT CITY, VILLAGE OF",
MI,2027,2026/2027,True,Compass Minerals,Keweenaw,Early Fill,MDOT,early_fill,delivered,USD/short ton,1600.0,97.99,156784.0,,260000000713,award,price+volume,derived,MI_FY2027_CompassMinerals_260000000713.pdf,27,https://www.michigan.gov/dtmb/-/media/Project/Websites/dtmb/Procurement/Contracts/022/260000000713.pdf?rev=044d384e33124f69856ff95f406d8b63&hash=EDE0618298A9461C637E9129261588D0,b42001c1d85bb1aa8af53b05e4da59e2a811f76be17396a0792a82e3a7a14675,2026-09-09T13:34:00,Mohawk,
MI,2027,2026/2027,True,Compass Minerals,Keweenaw,Seasonal Back-Up,MDOT,seasonal_backup,delivered,USD/short ton,100.0,125.35,12535.0,,260000000713,award,price+volume,derived,MI_FY2027_CompassMinerals_260000000713.pdf,31,https://www.michigan.gov/dtmb/-/media/Project/Websites/dtmb/Procurement/Contracts/022/260000000713.pdf?rev=044d384e33124f69856ff95f406d8b63&hash=EDE0618298A9461C637E9129261588D0,b42001c1d85bb1aa8af53b05e4da59e2a811f76be17396a0792a82e3a7a14675,2026-09-09T13:34:00,Mohawk,
MI,2027,2026/2027,True,Compass Minerals,Keweenaw,Early Fill,MiDEAL / State Agency,early_fill,delivered,USD/short ton,250.0,97.99,24497.5,,260000000713,award,price+volume,derived,MI_FY2027_CompassMinerals_260000000713.pdf,35,https://www.michigan.gov/dtmb/-/media/Project/Websites/dtmb/Procurement/Contracts/022/260000000713.pdf?rev=044d384e33124f69856ff95f406d8b63&hash=EDE0618298A9461C637E9129261588D0,b42001c1d85bb1aa8af53b05e4da59e2a811f76be17396a0792a82e3a7a14675,2026-09-09T13:34:00,KEWEENAW COUNTY ROAD COMMISSION,
MI,2027,2026/2027,True,Compass Minerals,Lake,Early Fill,MDOT,early_fill,delivered,USD/short ton,2200.0,80.0,176000.0,,260000000713,award,price+volume,derived,MI_FY2027_CompassMinerals_260000000713.pdf,29,https://www.michigan.gov/dtmb/-/media/Project/Websites/dtmb/Procurement/Contracts/022/260000000713.pdf?rev=044d384e33124f69856ff95f406d8b63&hash=EDE0618298A9461C637E9129261588D0,b42001c1d85bb1aa8af53b05e4da59e2a811f76be17396a0792a82e3a7a14675,2026-09-09T13:34:00,Baldwin,
MI,2027,2026/2027,True,Compass Minerals,Lake,Seasonal Back-Up,MDOT,seasonal_backup,delivered,USD/short ton,1000.0,87.66,87660.0,,260000000713,award,price+volume,derived,MI_FY2027_CompassMinerals_260000000713.pdf,33,https://www.michigan.gov/dtmb/-/media/Project/Websites/dtmb/Procurement/Contracts/022/260000000713.pdf?rev=044d384e33124f69856ff95f406d8b63&hash=EDE0618298A9461C637E9129261588D0,b42001c1d85bb1aa8af53b05e4da59e2a811f76be17396a0792a82e3a7a14675,2026-09-09T13:34:00,Baldwin,
MI,2027,2026/2027,True,Compass Minerals,Lake,Early Fill,MiDEAL / State Agency,early_fill,delivered,USD/short ton,500.0,80.0,40000.0,,260000000713,award,price+volume,derived,MI_FY2027_CompassMinerals_260000000713.pdf,36,https://www.michigan.gov/dtmb/-/media/Project/Websites/dtmb/Procurement/Contracts/022/260000000713.pdf?rev=044d384e33124f69856ff95f406d8b63&hash=EDE0618298A9461C637E9129261588D0,b42001c1d85bb1aa8af53b05e4da59e2a811f76be17396a0792a82e3a7a14675,2026-09-09T13:34:00,LAKE COUNTY ROAD COMMISSION,
MI,2027,2026/2027,True,Compass Minerals,Lake,Seasonal Back-Up,MiDEAL / State Agency,seasonal_backup,delivered,USD/short ton,500.0,87.66,43830.0,,260000000713,award,price+volume,derived,MI_FY2027_CompassMinerals_260000000713.pdf,39,https://www.michigan.gov/dtmb/-/media/Project/Websites/dtmb/Procurement/Contracts/022/260000000713.pdf?rev=044d384e33124f69856ff95f406d8b63&hash=EDE0618298A9461C637E9129261588D0,b42001c1d85bb1aa8af53b05e4da59e2a811f76be17396a0792a82e3a7a14675,2026-09-09T13:34:00,LAKE COUNTY ROAD COMMISSION,
MI,2027,2026/2027,True,Compass Minerals,Leelanau,Seasonal Back-Up,MDOT,seasonal_backup,delivered,USD/short ton,100.0,83.61,8361.0,,260000000713,award,price+volume,derived,MI_FY2027_CompassMinerals_260000000713.pdf,32,https://www.michigan.gov/dtmb/-/media/Project/Websites/dtmb/Procurement/Contracts/022/260000000713.pdf?rev=044d384e33124f69856ff95f406d8b63&hash=EDE0618298A9461C637E9129261588D0,b42001c1d85bb1aa8af53b05e4da59e2a811f76be17396a0792a82e3a7a14675,2026-09-09T13:34:00,Suttons Bay,
MI,2027,2026/2027,True,Compass Minerals,Leelanau,Seasonal Back-Up,MDOT,seasonal_backup,delivered,USD/short ton,100.0,83.61,8361.0,,260000000713,award,price+volume,derived,MI_FY2027_CompassMinerals_260000000713.pdf,32,https://www.michigan.gov/dtmb/-/media/Project/Websites/dtmb/Procurement/Contracts/022/260000000713.pdf?rev=044d384e33124f69856ff95f406d8b63&hash=EDE0618298A9461C637E9129261588D0,b42001c1d85bb1aa8af53b05e4da59e2a811f76be17396a0792a82e3a7a14675,2026-09-09T13:34:00,Maple City,
MI,2027,2026/2027,True,Compass Minerals,Leelanau,Seasonal Back-Up,MiDEAL / State Agency,seasonal_backup,delivered,USD/short ton,200.0,83.61,16722.0,,260000000713,award,price+volume,derived,MI_FY2027_CompassMinerals_260000000713.pdf,39,https://www.michigan.gov/dtmb/-/media/Project/Websites/dtmb/Procurement/Contracts/022/260000000713.pdf?rev=044d384e33124f69856ff95f406d8b63&hash=EDE0618298A9461C637E9129261588D0,b42001c1d85bb1aa8af53b05e4da59e2a811f76be17396a0792a82e3a7a14675,2026-09-09T13:34:00,LEELANAU COUNTY ROAD COMMISSION,
MI,2027,2026/2027,True,Compass Minerals,Leelanau,Seasonal Back-Up,MiDEAL / State Agency,seasonal_backup,delivered,USD/short ton,200.0,83.61,16722.0,,260000000713,award,price+volume,derived,MI_FY2027_CompassMinerals_260000000713.pdf,39,https://www.michigan.gov/dtmb/-/media/Project/Websites/dtmb/Procurement/Contracts/022/260000000713.pdf?rev=044d384e33124f69856ff95f406d8b63&hash=EDE0618298A9461C637E9129261588D0,b42001c1d85bb1aa8af53b05e4da59e2a811f76be17396a0792a82e3a7a14675,2026-09-09T13:34:00,LEELANAU COUNTY ROAD COMMISSION,
MI,2027,2026/2027,True,Compass Minerals,Livingston,Early Fill,MDOT,early_fill,delivered,USD/short ton,1000.0,78.2,78200.0,,260000000713,award,price+volume,derived,MI_FY2027_CompassMinerals_260000000713.pdf,29,https://www.michigan.gov/dtmb/-/media/Project/Websites/dtmb/Procurement/Contracts/022/260000000713.pdf?rev=044d384e33124f69856ff95f406d8b63&hash=EDE0618298A9461C637E9129261588D0,b42001c1d85bb1aa8af53b05e4da59e2a811f76be17396a0792a82e3a7a14675,2026-09-09T13:34:00,Brighton,
MI,2027,2026/2027,True,Compass Minerals,Livingston,Early Fill,MiDEAL / State Agency,early_fill,delivered,USD/short ton,150.0,78.2,11730.0,,260000000713,award,price+volume,derived,MI_FY2027_CompassMinerals_260000000713.pdf,37,https://www.michigan.gov/dtmb/-/media/Project/Websites/dtmb/Procurement/Contracts/022/260000000713.pdf?rev=044d384e33124f69856ff95f406d8b63&hash=EDE0618298A9461C637E9129261588D0,b42001c1d85bb1aa8af53b05e4da59e2a811f76be17396a0792a82e3a7a14675,2026-09-09T13:34:00,DOC-Woodland Center Correctional- AGENCY,
MI,2027,2026/2027,True,Compass Minerals,Luce,Early Fill,MDOT,early_fill,delivered,USD/short ton,3250.0,95.34,309855.0,,260000000713,award,price+volume,derived,MI_FY2027_CompassMinerals_260000000713.pdf,27,https://www.michigan.gov/dtmb/-/media/Project/Websites/dtmb/Procurement/Contracts/022/260000000713.pdf?rev=044d384e33124f69856ff95f406d8b63&hash=EDE0618298A9461C637E9129261588D0,b42001c1d85bb1aa8af53b05e4da59e2a811f76be17396a0792a82e3a7a14675,2026-09-09T13:34:00,Newberry,
MI,2027,2026/2027,True,Compass Minerals,Luce,Seasonal Back-Up,MDOT,seasonal_backup,delivered,USD/short ton,400.0,115.68,46272.0,,260000000713,award,price+volume,derived,MI_FY2027_CompassMinerals_260000000713.pdf,31,https://www.michigan.gov/dtmb/-/media/Project/Websites/dtmb/Procurement/Contracts/022/260000000713.pdf?rev=044d384e33124f69856ff95f406d8b63&hash=EDE0618298A9461C637E9129261588D0,b42001c1d85bb1aa8af53b05e4da59e2a811f76be17396a0792a82e3a7a14675,2026-09-09T13:34:00,Newberry,
MI,2027,2026/2027,True,Compass Minerals,Luce,Early Fill,MiDEAL / State Agency,early_fill,delivered,USD/short ton,100.0,95.34,9534.0,,260000000713,award,price+volume,derived,MI_FY2027_CompassMinerals_260000000713.pdf,35,https://www.michigan.gov/dtmb/-/media/Project/Websites/dtmb/Procurement/Contracts/022/260000000713.pdf?rev=044d384e33124f69856ff95f406d8b63&hash=EDE0618298A9461C637E9129261588D0,b42001c1d85bb1aa8af53b05e4da59e2a811f76be17396a0792a82e3a7a14675,2026-09-09T13:34:00,LUCE COUNTY ROAD COMMISSION,
MI,2027,2026/2027,True,Compass Minerals,Luce,Early Fill,MiDEAL / State Agency,early_fill,delivered,USD/short ton,950.0,95.34,90573.0,,260000000713,award,price+volume,derived,MI_FY2027_CompassMinerals_260000000713.pdf,35,https://www.michigan.gov/dtmb/-/media/Project/Websites/dtmb/Procurement/Contracts/022/260000000713.pdf?rev=044d384e33124f69856ff95f406d8b63&hash=EDE0618298A9461C637E9129261588D0,b42001c1d85bb1aa8af53b05e4da59e2a811f76be17396a0792a82e3a7a14675,2026-09-09T13:34:00,LUCE COUNTY ROAD COMMISSION,
MI,2027,2026/2027,True,Compass Minerals,Mackinac,Seasonal Back-Up,MDOT,seasonal_backup,delivered,USD/short ton,200.0,106.71,21342.0,,260000000713,award,price+volume,derived,MI_FY2027_CompassMinerals_260000000713.pdf,31,https://www.michigan.gov/dtmb/-/media/Project/Websites/dtmb/Procurement/Contracts/022/260000000713.pdf?rev=044d384e33124f69856ff95f406d8b63&hash=EDE0618298A9461C637E9129261588D0,b42001c1d85bb1aa8af53b05e4da59e2a811f76be17396a0792a82e3a7a14675,2026-09-09T13:34:00,Mackinac CRC,
MI,2027,2026/2027,True,Compass Minerals,Mackinac,Seasonal Back-Up,MDOT,seasonal_backup,delivered,USD/short ton,500.0,106.71,53355.0,,260000000713,award,price+volume,derived,MI_FY2027_CompassMinerals_260000000713.pdf,31,https://www.michigan.gov/dtmb/-/media/Project/Websites/dtmb/Procurement/Contracts/022/260000000713.pdf?rev=044d384e33124f69856ff95f406d8b63&hash=EDE0618298A9461C637E9129261588D0,b42001c1d85bb1aa8af53b05e4da59e2a811f76be17396a0792a82e3a7a14675,2026-09-09T13:34:00,Engadine,
MI,2027,2026/2027,True,Compass Minerals,Mackinac,Seasonal Back-Up,MDOT,seasonal_backup,delivered,USD/short ton,750.0,106.71,80032.5,,260000000713,award,price+volume,derived,MI_FY2027_CompassMinerals_260000000713.pdf,31,https://www.michigan.gov/dtmb/-/media/Project/Websites/dtmb/Procurement/Contracts/022/260000000713.pdf?rev=044d384e33124f69856ff95f406d8b63&hash=EDE0618298A9461C637E9129261588D0,b42001c1d85bb1aa8af53b05e4da59e2a811f76be17396a0792a82e3a7a14675,2026-09-09T13:34:00,St. Ignace,
MI,2027,2026/2027,True,Compass Minerals,Mackinac,Seasonal Back-Up,MDOT,seasonal_backup,delivered,USD/short ton,100.0,106.71,10671.0,,260000000713,award,price+volume,derived,MI_FY2027_CompassMinerals_260000000713.pdf,31,https://www.michigan.gov/dtmb/-/media/Project/Websites/dtmb/Procurement/Contracts/022/260000000713.pdf?rev=044d384e33124f69856ff95f406d8b63&hash=EDE0618298A9461C637E9129261588D0,b42001c1d85bb1aa8af53b05e4da59e2a811f76be17396a0792a82e3a7a14675,2026-09-09T13:34:00,Mackinac Bridge,
MI,2027,2026/2027,True,Compass Minerals,Mackinac,Seasonal Back-Up,MiDEAL / State Agency,seasonal_backup,delivered,USD/short ton,200.0,106.71,21342.0,,260000000713,award,price+volume,derived,MI_FY2027_CompassMinerals_260000000713.pdf,38,https://www.michigan.gov/dtmb/-/media/Project/Websites/dtmb/Procurement/Contracts/022/260000000713.pdf?rev=044d384e33124f69856ff95f406d8b63&hash=EDE0618298A9461C637E9129261588D0,b42001c1d85bb1aa8af53b05e4da59e2a811f76be17396a0792a82e3a7a14675,2026-09-09T13:34:00,"ST. IGNACE, CITY OF",
MI,2027,2026/2027,True,Compass Minerals,Manistee,Early Fill,MDOT,early_fill,delivered,USD/short ton,2500.0,77.4,193500.0,,260000000713,award,price+volume,derived,MI_FY2027_CompassMinerals_260000000713.pdf,28,https://www.michigan.gov/dtmb/-/media/Project/Websites/dtmb/Procurement/Contracts/022/260000000713.pdf?rev=044d384e33124f69856ff95f406d8b63&hash=EDE0618298A9461C637E9129261588D0,b42001c1d85bb1aa8af53b05e4da59e2a811f76be17396a0792a82e3a7a14675,2026-09-09T13:34:00,Bear Lake,
MI,2027,2026/2027,True,Compass Minerals,Manistee,Seasonal Back-Up,MDOT,seasonal_backup,delivered,USD/short ton,2000.0,72.89,145780.0,,260000000713,award,price+volume,derived,MI_FY2027_CompassMinerals_260000000713.pdf,32,https://www.michigan.gov/dtmb/-/media/Project/Websites/dtmb/Procurement/Contracts/022/260000000713.pdf?rev=044d384e33124f69856ff95f406d8b63&hash=EDE0618298A9461C637E9129261588D0,b42001c1d85bb1aa8af53b05e4da59e2a811f76be17396a0792a82e3a7a14675,2026-09-09T13:34:00,Bear Lake,
MI,2027,2026/2027,True,Compass Minerals,Manistee,Early Fill,MiDEAL / State Agency,early_fill,delivered,USD/short ton,2500.0,77.4,193500.0,,260000000713,award,price+volume,derived,MI_FY2027_CompassMinerals_260000000713.pdf,36,https://www.michigan.gov/dtmb/-/media/Project/Websites/dtmb/Procurement/Contracts/022/260000000713.pdf?rev=044d384e33124f69856ff95f406d8b63&hash=EDE0618298A9461C637E9129261588D0,b42001c1d85bb1aa8af53b05e4da59e2a811f76be17396a0792a82e3a7a14675,2026-09-09T13:34:00,MANISTEE COUNTY ROAD COMMISSION,
MI,2027,2026/2027,True,Compass Minerals,Manistee,Seasonal Back-Up,MiDEAL / State Agency,seasonal_backup,delivered,USD/short ton,500.0,72.89,36445.0,,260000000713,award,price+volume,derived,MI_FY2027_CompassMinerals_260000000713.pdf,39,https://www.michigan.gov/dtmb/-/media/Project/Websites/dtmb/Procurement/Contracts/022/260000000713.pdf?rev=044d384e33124f69856ff95f406d8b63&hash=EDE0618298A9461C637E9129261588D0,b42001c1d85bb1aa8af53b05e4da59e2a811f76be17396a0792a82e3a7a14675,2026-09-09T13:34:00,"MANISTEE, CITY OF",
MI,2027,2026/2027,True,Compass Minerals,Manistee,Seasonal Back-Up,MiDEAL / State Agency,seasonal_backup,delivered,USD/short ton,1000.0,72.89,72890.0,,260000000713,award,price+volume,derived,MI_FY2027_CompassMinerals_260000000713.pdf,39,https://www.michigan.gov/dtmb/-/media/Project/Websites/dtmb/Procurement/Contracts/022/260000000713.pdf?rev=044d384e33124f69856ff95f406d8b63&hash=EDE0618298A9461C637E9129261588D0,b42001c1d85bb1aa8af53b05e4da59e2a811f76be17396a0792a82e3a7a14675,2026-09-09T13:34:00,MANISTEE COUNTY ROAD COMMISSION,
MI,2027,2026/2027,True,Compass Minerals,Marquette,Early Fill,MDOT,early_fill,delivered,USD/short ton,375.0,89.03,33386.25,,260000000713,award,price+volume,derived,MI_FY2027_CompassMinerals_260000000713.pdf,27,https://www.michigan.gov/dtmb/-/media/Project/Websites/dtmb/Procurement/Contracts/022/260000000713.pdf?rev=044d384e33124f69856ff95f406d8b63&hash=EDE0618298A9461C637E9129261588D0,b42001c1d85bb1aa8af53b05e4da59e2a811f76be17396a0792a82e3a7a14675,2026-09-09T13:34:00,Champion,
MI,2027,2026/2027,True,Compass Minerals,Marquette,Early Fill,MDOT,early_fill,delivered,USD/short ton,1000.0,89.03,89030.0,,260000000713,award,price+volume,derived,MI_FY2027_CompassMinerals_260000000713.pdf,27,https://www.michigan.gov/dtmb/-/media/Project/Websites/dtmb/Procurement/Contracts/022/260000000713.pdf?rev=044d384e33124f69856ff95f406d8b63&hash=EDE0618298A9461C637E9129261588D0,b42001c1d85bb1aa8af53b05e4da59e2a811f76be17396a0792a82e3a7a14675,2026-09-09T13:34:00,Gwinn,
MI,2027,2026/2027,True,Compass Minerals,Marquette,Early Fill,MDOT,early_fill,delivered,USD/short ton,1700.0,89.03,151351.0,,260000000713,award,price+volume,derived,MI_FY2027_CompassMinerals_260000000713.pdf,28,https://www.michigan.gov/dtmb/-/media/Project/Websites/dtmb/Procurement/Contracts/022/260000000713.pdf?rev=044d384e33124f69856ff95f406d8b63&hash=EDE0618298A9461C637E9129261588D0,b42001c1d85bb1aa8af53b05e4da59e2a811f76be17396a0792a82e3a7a14675,2026-09-09T13:34:00,Ishpeming,
MI,2027,2026/2027,True,Compass Minerals,Marquette,Early Fill,MDOT,early_fill,delivered,USD/short ton,3000.0,89.03,267090.0,,260000000713,award,price+volume,derived,MI_FY2027_CompassMinerals_260000000713.pdf,28,https://www.michigan.gov/dtmb/-/media/Project/Websites/dtmb/Procurement/Contracts/022/260000000713.pdf?rev=044d384e33124f69856ff95f406d8b63&hash=EDE0618298A9461C637E9129261588D0,b42001c1d85bb1aa8af53b05e4da59e2a811f76be17396a0792a82e3a7a14675,2026-09-09T13:34:00,Republic,
MI,2027,2026/2027,True,Compass Minerals,Marquette,Early Fill,MDOT,early_fill,delivered,USD/short ton,4500.0,89.03,400635.0,,260000000713,award,price+volume,derived,MI_FY2027_CompassMinerals_260000000713.pdf,28,https://www.michigan.gov/dtmb/-/media/Project/Websites/dtmb/Procurement/Contracts/022/260000000713.pdf?rev=044d384e33124f69856ff95f406d8b63&hash=EDE0618298A9461C637E9129261588D0,b42001c1d85bb1aa8af53b05e4da59e2a811f76be17396a0792a82e3a7a14675,2026-09-09T13:34:00,Skandia,
MI,2027,2026/2027,True,Compass Minerals,Marquette,Seasonal Back-Up,MDOT,seasonal_backup,delivered,USD/short ton,150.0,106.75,16012.5,,260000000713,award,price+volume,derived,MI_FY2027_CompassMinerals_260000000713.pdf,31,https://www.michigan.gov/dtmb/-/media/Project/Websites/dtmb/Procurement/Contracts/022/260000000713.pdf?rev=044d384e33124f69856ff95f406d8b63&hash=EDE0618298A9461C637E9129261588D0,b42001c1d85bb1aa8af53b05e4da59e2a811f76be17396a0792a82e3a7a14675,2026-09-09T13:34:00,Champion,
MI,2027,2026/2027,True,Compass Minerals,Marquette,Seasonal Back-Up,MDOT,seasonal_backup,delivered,USD/short ton,3500.0,106.75,373625.0,,260000000713,award,price+volume,derived,MI_FY2027_CompassMinerals_260000000713.pdf,31,https://www.michigan.gov/dtmb/-/media/Project/Websites/dtmb/Procurement/Contracts/022/260000000713.pdf?rev=044d384e33124f69856ff95f406d8b63&hash=EDE0618298A9461C637E9129261588D0,b42001c1d85bb1aa8af53b05e4da59e2a811f76be17396a0792a82e3a7a14675,2026-09-09T13:34:00,Gwinn,
MI,2027,2026/2027,True,Compass Minerals,Marquette,Seasonal Back-Up,MDOT,seasonal_backup,delivered,USD/short ton,4000.0,106.75,427000.0,,260000000713,award,price+volume,derived,MI_FY2027_CompassMinerals_260000000713.pdf,31,https://www.michigan.gov/dtmb/-/media/Project/Websites/dtmb/Procurement/Contracts/022/260000000713.pdf?rev=044d384e33124f69856ff95f406d8b63&hash=EDE0618298A9461C637E9129261588D0,b42001c1d85bb1aa8af53b05e4da59e2a811f76be17396a0792a82e3a7a14675,2026-09-09T13:34:00,Ishpeming,
MI,2027,2026/2027,True,Compass Minerals,Marquette,Seasonal Back-Up,MDOT,seasonal_backup,delivered,USD/short ton,1000.0,106.75,106750.0,,260000000713,award,price+volume,derived,MI_FY2027_CompassMinerals_260000000713.pdf,31,https://www.michigan.gov/dtmb/-/media/Project/Websites/dtmb/Procurement/Contracts/022/260000000713.pdf?rev=044d384e33124f69856ff95f406d8b63&hash=EDE0618298A9461C637E9129261588D0,b42001c1d85bb1aa8af53b05e4da59e2a811f76be17396a0792a82e3a7a14675,2026-09-09T13:34:00,Republic,
MI,2027,2026/2027,True,Compass Minerals,Marquette,Seasonal Back-Up,MDOT,seasonal_backup,delivered,USD/short ton,1000.0,106.75,106750.0,,260000000713,award,price+volume,derived,MI_FY2027_CompassMinerals_260000000713.pdf,31,https://www.michigan.gov/dtmb/-/media/Project/Websites/dtmb/Procurement/Contracts/022/260000000713.pdf?rev=044d384e33124f69856ff95f406d8b63&hash=EDE0618298A9461C637E9129261588D0,b42001c1d85bb1aa8af53b05e4da59e2a811f76be17396a0792a82e3a7a14675,2026-09-09T13:34:00,Skandia,
MI,2027,2026/2027,True,Compass Minerals,Marquette,Early Fill,MiDEAL / State Agency,early_fill,delivered,USD/short ton,2000.0,89.03,178060.0,,260000000713,award,price+volume,derived,MI_FY2027_CompassMinerals_260000000713.pdf,35,https://www.michigan.gov/dtmb/-/media/Project/Websites/dtmb/Procurement/Contracts/022/260000000713.pdf?rev=044d384e33124f69856ff95f406d8b63&hash=EDE0618298A9461C637E9129261588D0,b42001c1d85bb1aa8af53b05e4da59e2a811f76be17396a0792a82e3a7a14675,2026-09-09T13:34:00,"MARQUETTE, CITY OF",
MI,2027,2026/2027,True,Compass Minerals,Marquette,Early Fill,MiDEAL / State Agency,early_fill,delivered,USD/short ton,400.0,89.03,35612.0,,260000000713,award,price+volume,derived,MI_FY2027_CompassMinerals_260000000713.pdf,35,https://www.michigan.gov/dtmb/-/media/Project/Websites/dtmb/Procurement/Contracts/022/260000000713.pdf?rev=044d384e33124f69856ff95f406d8b63&hash=EDE0618298A9461C637E9129261588D0,b42001c1d85bb1aa8af53b05e4da59e2a811f76be17396a0792a82e3a7a14675,2026-09-09T13:34:00,"NEGAUNEE, CITY OF",
MI,2027,2026/2027,True,Compass Minerals,Marquette,Early Fill,MiDEAL / State Agency,early_fill,delivered,USD/short ton,600.0,89.03,53418.0,,260000000713,award,price+volume,derived,MI_FY2027_CompassMinerals_260000000713.pdf,35,https://www.michigan.gov/dtmb/-/media/Project/Websites/dtmb/Procurement/Contracts/022/260000000713.pdf?rev=044d384e33124f69856ff95f406d8b63&hash=EDE0618298A9461C637E9129261588D0,b42001c1d85bb1aa8af53b05e4da59e2a811f76be17396a0792a82e3a7a14675,2026-09-09T13:34:00,NORTHERN MICHIGAN UNIVERSITY,
MI,2027,2026/2027,True,Compass Minerals,Marquette,Early Fill,MiDEAL / State Agency,early_fill,delivered,USD/short ton,2000.0,89.03,178060.0,,260000000713,award,price+volume,derived,MI_FY2027_CompassMinerals_260000000713.pdf,35,https://www.michigan.gov/dtmb/-/media/Project/Websites/dtmb/Procurement/Contracts/022/260000000713.pdf?rev=044d384e33124f69856ff95f406d8b63&hash=EDE0618298A9461C637E9129261588D0,b42001c1d85bb1aa8af53b05e4da59e2a811f76be17396a0792a82e3a7a14675,2026-09-09T13:34:00,MARQUETTE COUNTY ROAD COMMISSION,
MI,2027,2026/2027,True,Compass Minerals,Marquette,Early Fill,MiDEAL / State Agency,early_fill,delivered,USD/short ton,1050.0,89.03,93481.5,,260000000713,award,price+volume,derived,MI_FY2027_CompassMinerals_260000000713.pdf,35,https://www.michigan.gov/dtmb/-/media/Project/Websites/dtmb/Procurement/Contracts/022/260000000713.pdf?rev=044d384e33124f69856ff95f406d8b63&hash=EDE0618298A9461C637E9129261588D0,b42001c1d85bb1aa8af53b05e4da59e2a811f76be17396a0792a82e3a7a14675,2026-09-09T13:34:00,MARQUETTE COUNTY ROAD COMMISSION,
MI,2027,2026/2027,True,Compass Minerals,Marquette,Early Fill,MiDEAL / State Agency,early_fill,delivered,USD/short ton,500.0,89.03,44515.0,,260000000713,award,price+volume,derived,MI_FY2027_CompassMinerals_260000000713.pdf,36,https://www.michigan.gov/dtmb/-/media/Project/Websites/dtmb/Procurement/Contracts/022/260000000713.pdf?rev=044d384e33124f69856ff95f406d8b63&hash=EDE0618298A9461C637E9129261588D0,b42001c1d85bb1aa8af53b05e4da59e2a811f76be17396a0792a82e3a7a14675,2026-09-09T13:34:00,"ISHPEMING, CITY OF",
MI,2027,2026/2027,True,Compass Minerals,Marquette,Seasonal Back-Up,MiDEAL / State Agency,seasonal_backup,delivered,USD/short ton,300.0,106.75,32025.0,,260000000713,award,price+volume,derived,MI_FY2027_CompassMinerals_260000000713.pdf,38,https://www.michigan.gov/dtmb/-/media/Project/Websites/dtmb/Procurement/Contracts/022/260000000713.pdf?rev=044d384e33124f69856ff95f406d8b63&hash=EDE0618298A9461C637E9129261588D0,b42001c1d85bb1aa8af53b05e4da59e2a811f76be17396a0792a82e3a7a14675,2026-09-09T13:34:00,"NEGAUNEE, CITY OF",
MI,2027,2026/2027,True,Compass Minerals,Marquette,Seasonal Back-Up,MiDEAL / State Agency,seasonal_backup,delivered,USD/short ton,500.0,106.75,53375.0,,260000000713,award,price+volume,derived,MI_FY2027_CompassMinerals_260000000713.pdf,38,https://www.michigan.gov/dtmb/-/media/Project/Websites/dtmb/Procurement/Contracts/022/260000000713.pdf?rev=044d384e33124f69856ff95f406d8b63&hash=EDE0618298A9461C637E9129261588D0,b42001c1d85bb1aa8af53b05e4da59e2a811f76be17396a0792a82e3a7a14675,2026-09-09T13:34:00,"ISHPEMING, CITY OF",
MI,2027,2026/2027,True,Compass Minerals,Marquette,Seasonal Back-Up,MiDEAL / State Agency,seasonal_backup,delivered,USD/short ton,600.0,106.75,64050.0,,260000000713,award,price+volume,derived,MI_FY2027_CompassMinerals_260000000713.pdf,38,https://www.michigan.gov/dtmb/-/media/Project/Websites/dtmb/Procurement/Contracts/022/260000000713.pdf?rev=044d384e33124f69856ff95f406d8b63&hash=EDE0618298A9461C637E9129261588D0,b42001c1d85bb1aa8af53b05e4da59e2a811f76be17396a0792a82e3a7a14675,2026-09-09T13:34:00,"MARQUETTE, CITY OF",
MI,2027,2026/2027,True,Compass Minerals,Marquette,Seasonal Back-Up,MiDEAL / State Agency,seasonal_backup,delivered,USD/short ton,400.0,106.75,42700.0,,260000000713,award,price+volume,derived,MI_FY2027_CompassMinerals_260000000713.pdf,38,https://www.michigan.gov/dtmb/-/media/Project/Websites/dtmb/Procurement/Contracts/022/260000000713.pdf?rev=044d384e33124f69856ff95f406d8b63&hash=EDE0618298A9461C637E9129261588D0,b42001c1d85bb1aa8af53b05e4da59e2a811f76be17396a0792a82e3a7a14675,2026-09-09T13:34:00,MARQUETTE COUNTY ROAD COMMISSION,
MI,2027,2026/2027,True,Compass Minerals,Marquette,Seasonal Back-Up,MiDEAL / State Agency,seasonal_backup,delivered,USD/short ton,650.0,106.75,69387.5,,260000000713,award,price+volume,derived,MI_FY2027_CompassMinerals_260000000713.pdf,38,https://www.michigan.gov/dtmb/-/media/Project/Websites/dtmb/Procurement/Contracts/022/260000000713.pdf?rev=044d384e33124f69856ff95f406d8b63&hash=EDE0618298A9461C637E9129261588D0,b42001c1d85bb1aa8af53b05e4da59e2a811f76be17396a0792a82e3a7a14675,2026-09-09T13:34:00,MARQUETTE COUNTY ROAD COMMISSION,
MI,2027,2026/2027,True,Compass Minerals,Marquette,Seasonal Back-Up,MiDEAL / State Agency,seasonal_backup,delivered,USD/short ton,600.0,106.75,64050.0,,260000000713,award,price+volume,derived,MI_FY2027_CompassMinerals_260000000713.pdf,38,https://www.michigan.gov/dtmb/-/media/Project/Websites/dtmb/Procurement/Contracts/022/260000000713.pdf?rev=044d384e33124f69856ff95f406d8b63&hash=EDE0618298A9461C637E9129261588D0,b42001c1d85bb1aa8af53b05e4da59e2a811f76be17396a0792a82e3a7a14675,2026-09-09T13:34:00,MARQUETTE COUNTY ROAD COMMISSION,
MI,2027,2026/2027,True,Compass Minerals,Marquette,Seasonal Back-Up,MiDEAL / State Agency,seasonal_backup,delivered,USD/short ton,50.0,106.75,5337.5,,260000000713,award,price+volume,derived,MI_FY2027_CompassMinerals_260000000713.pdf,38,https://www.michigan.gov/dtmb/-/media/Project/Websites/dtmb/Procurement/Contracts/022/260000000713.pdf?rev=044d384e33124f69856ff95f406d8b63&hash=EDE0618298A9461C637E9129261588D0,b42001c1d85bb1aa8af53b05e4da59e2a811f76be17396a0792a82e3a7a14675,2026-09-09T13:34:00,MARQUETTE COUNTY ROAD COMMISSION,
MI,2027,2026/2027,True,Compass Minerals,Marquette,Seasonal Back-Up,MiDEAL / State Agency,seasonal_backup,delivered,USD/short ton,50.0,106.75,5337.5,,260000000713,award,price+volume,derived,MI_FY2027_CompassMinerals_260000000713.pdf,38,https://www.michigan.gov/dtmb/-/media/Project/Websites/dtmb/Procurement/Contracts/022/260000000713.pdf?rev=044d384e33124f69856ff95f406d8b63&hash=EDE0618298A9461C637E9129261588D0,b42001c1d85bb1aa8af53b05e4da59e2a811f76be17396a0792a82e3a7a14675,2026-09-09T13:34:00,MARQUETTE COUNTY ROAD COMMISSION,
MI,2027,2026/2027,True,Compass Minerals,Marquette,Seasonal Back-Up,MiDEAL / State Agency,seasonal_backup,delivered,USD/short ton,50.0,106.75,5337.5,,260000000713,award,price+volume,derived,MI_FY2027_CompassMinerals_260000000713.pdf,38,https://www.michigan.gov/dtmb/-/media/Project/Websites/dtmb/Procurement/Contracts/022/260000000713.pdf?rev=044d384e33124f69856ff95f406d8b63&hash=EDE0618298A9461C637E9129261588D0,b42001c1d85bb1aa8af53b05e4da59e2a811f76be17396a0792a82e3a7a14675,2026-09-09T13:34:00,NORTHERN MICHIGAN UNIVERSITY,
MI,2027,2026/2027,True,Compass Minerals,Mason,Early Fill,MDOT,early_fill,delivered,USD/short ton,1000.0,85.07,85070.0,,260000000713,award,price+volume,derived,MI_FY2027_CompassMinerals_260000000713.pdf,29,https://www.michigan.gov/dtmb/-/media/Project/Websites/dtmb/Procurement/Contracts/022/260000000713.pdf?rev=044d384e33124f69856ff95f406d8b63&hash=EDE0618298A9461C637E9129261588D0,b42001c1d85bb1aa8af53b05e4da59e2a811f76be17396a0792a82e3a7a14675,2026-09-09T13:34:00,Scottville,
MI,2027,2026/2027,True,Compass Minerals,Mason,Seasonal Back-Up,MDOT,seasonal_backup,delivered,USD/short ton,2500.0,77.58,193950.0,,260000000713,award,price+volume,derived,MI_FY2027_CompassMinerals_260000000713.pdf,33,https://www.michigan.gov/dtmb/-/media/Project/Websites/dtmb/Procurement/Contracts/022/260000000713.pdf?rev=044d384e33124f69856ff95f406d8b63&hash=EDE0618298A9461C637E9129261588D0,b42001c1d85bb1aa8af53b05e4da59e2a811f76be17396a0792a82e3a7a14675,2026-09-09T13:34:00,Scottville,
MI,2027,2026/2027,True,Compass Minerals,Mason,Early Fill,MiDEAL / State Agency,early_fill,delivered,USD/short ton,300.0,85.07,25521.0,,260000000713,award,price+volume,derived,MI_FY2027_CompassMinerals_260000000713.pdf,36,https://www.michigan.gov/dtmb/-/media/Project/Websites/dtmb/Procurement/Contracts/022/260000000713.pdf?rev=044d384e33124f69856ff95f406d8b63&hash=EDE0618298A9461C637E9129261588D0,b42001c1d85bb1aa8af53b05e4da59e2a811f76be17396a0792a82e3a7a14675,2026-09-09T13:34:00,"LUDINGTON, CITY OF",
MI,2027,2026/2027,True,Compass Minerals,Mason,Early Fill,MiDEAL / State Agency,early_fill,delivered,USD/short ton,1000.0,85.07,85070.0,,260000000713,award,price+volume,derived,MI_FY2027_CompassMinerals_260000000713.pdf,36,https://www.michigan.gov/dtmb/-/media/Project/Websites/dtmb/Procurement/Contracts/022/260000000713.pdf?rev=044d384e33124f69856ff95f406d8b63&hash=EDE0618298A9461C637E9129261588D0,b42001c1d85bb1aa8af53b05e4da59e2a811f76be17396a0792a82e3a7a14675,2026-09-09T13:34:00,MASON COUNTY ROAD COMMISSION,
MI,2027,2026/2027,True,Compass Minerals,Mason,Seasonal Back-Up,MiDEAL / State Agency,seasonal_backup,delivered,USD/short ton,800.0,77.58,62064.0,,260000000713,award,price+volume,derived,MI_FY2027_CompassMinerals_260000000713.pdf,39,https://www.michigan.gov/dtmb/-/media/Project/Websites/dtmb/Procurement/Contracts/022/260000000713.pdf?rev=044d384e33124f69856ff95f406d8b63&hash=EDE0618298A9461C637E9129261588D0,b42001c1d85bb1aa8af53b05e4da59e2a811f76be17396a0792a82e3a7a14675,2026-09-09T13:34:00,"LUDINGTON, CITY OF",
MI,2027,2026/2027,True,Compass Minerals,Mason,Seasonal Back-Up,MiDEAL / State Agency,seasonal_backup,delivered,USD/short ton,1000.0,77.58,77580.0,,260000000713,award,price+volume,derived,MI_FY2027_CompassMinerals_260000000713.pdf,39,https://www.michigan.gov/dtmb/-/media/Project/Websites/dtmb/Procurement/Contracts/022/260000000713.pdf?rev=044d384e33124f69856ff95f406d8b63&hash=EDE0618298A9461C637E9129261588D0,b42001c1d85bb1aa8af53b05e4da59e2a811f76be17396a0792a82e3a7a14675,2026-09-09T13:34:00,MASON COUNTY ROAD COMMISSION,
MI,2027,2026/2027,True,Compass Minerals,Mecosta,Seasonal Back-Up,MDOT,seasonal_backup,delivered,USD/short ton,1500.0,83.57,125355.0,,260000000713,award,price+volume,derived,MI_FY2027_CompassMinerals_260000000713.pdf,33,https://www.michigan.gov/dtmb/-/media/Project/Websites/dtmb/Procurement/Contracts/022/260000000713.pdf?rev=044d384e33124f69856ff95f406d8b63&hash=EDE0618298A9461C637E9129261588D0,b42001c1d85bb1aa8af53b05e4da59e2a811f76be17396a0792a82e3a7a14675,2026-09-09T13:34:00,Big Rapids,
MI,2027,2026/2027,True,Compass Minerals,Mecosta,Seasonal Back-Up,MDOT,seasonal_backup,delivered,USD/short ton,1100.0,83.57,91927.0,,260000000713,award,price+volume,derived,MI_FY2027_CompassMinerals_260000000713.pdf,33,https://www.michigan.gov/dtmb/-/media/Project/Websites/dtmb/Procurement/Contracts/022/260000000713.pdf?rev=044d384e33124f69856ff95f406d8b63&hash=EDE0618298A9461C637E9129261588D0,b42001c1d85bb1aa8af53b05e4da59e2a811f76be17396a0792a82e3a7a14675,2026-09-09T13:34:00,Morley,
MI,2027,2026/2027,True,Compass Minerals,Mecosta,Seasonal Back-Up,MDOT,seasonal_backup,delivered,USD/short ton,600.0,83.57,50142.0,,260000000713,award,price+volume,derived,MI_FY2027_CompassMinerals_260000000713.pdf,33,https://www.michigan.gov/dtmb/-/media/Project/Websites/dtmb/Procurement/Contracts/022/260000000713.pdf?rev=044d384e33124f69856ff95f406d8b63&hash=EDE0618298A9461C637E9129261588D0,b42001c1d85bb1aa8af53b05e4da59e2a811f76be17396a0792a82e3a7a14675,2026-09-09T13:34:00,Remus,
MI,2027,2026/2027,True,Compass Minerals,Mecosta,Seasonal Back-Up,MiDEAL / State Agency,seasonal_backup,delivered,USD/short ton,750.0,83.57,62677.5,,260000000713,award,price+volume,derived,MI_FY2027_CompassMinerals_260000000713.pdf,39,https://www.michigan.gov/dtmb/-/media/Project/Websites/dtmb/Procurement/Contracts/022/260000000713.pdf?rev=044d384e33124f69856ff95f406d8b63&hash=EDE0618298A9461C637E9129261588D0,b42001c1d85bb1aa8af53b05e4da59e2a811f76be17396a0792a82e3a7a14675,2026-09-09T13:34:00,FERRIS STATE UNIVERSITY,
MI,2027,2026/2027,True,Compass Minerals,Mecosta,Seasonal Back-Up,MiDEAL / State Agency,seasonal_backup,delivered,USD/short ton,100.0,83.57,8357.0,,260000000713,award,price+volume,derived,MI_FY2027_CompassMinerals_260000000713.pdf,39,https://www.michigan.gov/dtmb/-/media/Project/Websites/dtmb/Procurement/Contracts/022/260000000713.pdf?rev=044d384e33124f69856ff95f406d8b63&hash=EDE0618298A9461C637E9129261588D0,b42001c1d85bb1aa8af53b05e4da59e2a811f76be17396a0792a82e3a7a14675,2026-09-09T13:34:00,"BIG RAPIDS, CITY OF",
MI,2027,2026/2027,True,Compass Minerals,Mecosta,Seasonal Back-Up,MiDEAL / State Agency,seasonal_backup,delivered,USD/short ton,550.0,83.57,45963.5,,260000000713,award,price+volume,derived,MI_FY2027_CompassMinerals_260000000713.pdf,39,https://www.michigan.gov/dtmb/-/media/Project/Websites/dtmb/Procurement/Contracts/022/260000000713.pdf?rev=044d384e33124f69856ff95f406d8b63&hash=EDE0618298A9461C637E9129261588D0,b42001c1d85bb1aa8af53b05e4da59e2a811f76be17396a0792a82e3a7a14675,2026-09-09T13:34:00,MECOSTA COUNTY ROAD COMMISSION,
MI,2027,2026/2027,True,Compass Minerals,Mecosta,Seasonal Back-Up,MiDEAL / State Agency,seasonal_backup,delivered,USD/short ton,500.0,83.57,41785.0,,260000000713,award,price+volume,derived,MI_FY2027_CompassMinerals_260000000713.pdf,39,https://www.michigan.gov/dtmb/-/media/Project/Websites/dtmb/Procurement/Contracts/022/260000000713.pdf?rev=044d384e33124f69856ff95f406d8b63&hash=EDE0618298A9461C637E9129261588D0,b42001c1d85bb1aa8af53b05e4da59e2a811f76be17396a0792a82e3a7a14675,2026-09-09T13:34:00,MECOSTA COUNTY ROAD COMMISSION,
MI,2027,2026/2027,True,Compass Minerals,Mecosta,Seasonal Back-Up,MiDEAL / State Agency,seasonal_backup,delivered,USD/short ton,500.0,83.57,41785.0,,260000000713,award,price+volume,derived,MI_FY2027_CompassMinerals_260000000713.pdf,39,https://www.michigan.gov/dtmb/-/media/Project/Websites/dtmb/Procurement/Contracts/022/260000000713.pdf?rev=044d384e33124f69856ff95f406d8b63&hash=EDE0618298A9461C637E9129261588D0,b42001c1d85bb1aa8af53b05e4da59e2a811f76be17396a0792a82e3a7a14675,2026-09-09T13:34:00,MECOSTA COUNTY ROAD COMMISSION,
MI,2027,2026/2027,True,Compass Minerals,Menominee,Early Fill,MDOT,early_fill,delivered,USD/short ton,2000.0,87.81,175620.0,,260000000713,award,price+volume,derived,MI_FY2027_CompassMinerals_260000000713.pdf,28,https://www.michigan.gov/dtmb/-/media/Project/Websites/dtmb/Procurement/Contracts/022/260000000713.pdf?rev=044d384e33124f69856ff95f406d8b63&hash=EDE0618298A9461C637E9129261588D0,b42001c1d85bb1aa8af53b05e4da59e2a811f76be17396a0792a82e3a7a14675,2026-09-09T13:34:00,Stephenson,
MI,2027,2026/2027,True,Compass Minerals,Menominee,Early Fill,MDOT,early_fill,delivered,USD/short ton,300.0,87.81,26343.0,,260000000713,award,price+volume,derived,MI_FY2027_CompassMinerals_260000000713.pdf,28,https://www.michigan.gov/dtmb/-/media/Project/Websites/dtmb/Procurement/Contracts/022/260000000713.pdf?rev=044d384e33124f69856ff95f406d8b63&hash=EDE0618298A9461C637E9129261588D0,b42001c1d85bb1aa8af53b05e4da59e2a811f76be17396a0792a82e3a7a14675,2026-09-09T13:34:00,Menominee,
MI,2027,2026/2027,True,Compass Minerals,Menominee,Early Fill,MDOT,early_fill,delivered,USD/short ton,250.0,87.81,21952.5,,260000000713,award,price+volume,derived,MI_FY2027_CompassMinerals_260000000713.pdf,28,https://www.michigan.gov/dtmb/-/media/Project/Websites/dtmb/Procurement/Contracts/022/260000000713.pdf?rev=044d384e33124f69856ff95f406d8b63&hash=EDE0618298A9461C637E9129261588D0,b42001c1d85bb1aa8af53b05e4da59e2a811f76be17396a0792a82e3a7a14675,2026-09-09T13:34:00,Powers,
MI,2027,2026/2027,True,Compass Minerals,Menominee,Seasonal Back-Up,MDOT,seasonal_backup,delivered,USD/short ton,2000.0,89.14,178280.0,,260000000713,award,price+volume,derived,MI_FY2027_CompassMinerals_260000000713.pdf,31,https://www.michigan.gov/dtmb/-/media/Project/Websites/dtmb/Procurement/Contracts/022/260000000713.pdf?rev=044d384e33124f69856ff95f406d8b63&hash=EDE0618298A9461C637E9129261588D0,b42001c1d85bb1aa8af53b05e4da59e2a811f76be17396a0792a82e3a7a14675,2026-09-09T13:34:00,Stephenson,
MI,2027,2026/2027,True,Compass Minerals,Menominee,Seasonal Back-Up,MDOT,seasonal_backup,delivered,USD/short ton,1800.0,89.14,160452.0,,260000000713,award,price+volume,derived,MI_FY2027_CompassMinerals_260000000713.pdf,31,https://www.michigan.gov/dtmb/-/media/Project/Websites/dtmb/Procurement/Contracts/022/260000000713.pdf?rev=044d384e33124f69856ff95f406d8b63&hash=EDE0618298A9461C637E9129261588D0,b42001c1d85bb1aa8af53b05e4da59e2a811f76be17396a0792a82e3a7a14675,2026-09-09T13:34:00,Menominee,
MI,2027,2026/2027,True,Compass Minerals,Menominee,Seasonal Back-Up,MDOT,seasonal_backup,delivered,USD/short ton,1800.0,89.14,160452.0,,260000000713,award,price+volume,derived,MI_FY2027_CompassMinerals_260000000713.pdf,31,https://www.michigan.gov/dtmb/-/media/Project/Websites/dtmb/Procurement/Contracts/022/260000000713.pdf?rev=044d384e33124f69856ff95f406d8b63&hash=EDE0618298A9461C637E9129261588D0,b42001c1d85bb1aa8af53b05e4da59e2a811f76be17396a0792a82e3a7a14675,2026-09-09T13:34:00,Powers,
MI,2027,2026/2027,True,Compass Minerals,Menominee,Early Fill,MiDEAL / State Agency,early_fill,delivered,USD/short ton,200.0,87.81,17562.0,,260000000713,award,price+volume,derived,MI_FY2027_CompassMinerals_260000000713.pdf,36,https://www.michigan.gov/dtmb/-/media/Project/Websites/dtmb/Procurement/Contracts/022/260000000713.pdf?rev=044d384e33124f69856ff95f406d8b63&hash=EDE0618298A9461C637E9129261588D0,b42001c1d85bb1aa8af53b05e4da59e2a811f76be17396a0792a82e3a7a14675,2026-09-09T13:34:00,HANNAHVILLE INDIAN COMMUNITY,
MI,2027,2026/2027,True,Compass Minerals,Menominee,Early Fill,MiDEAL / State Agency,early_fill,delivered,USD/short ton,50.0,87.81,4390.5,,260000000713,award,price+volume,derived,MI_FY2027_CompassMinerals_260000000713.pdf,36,https://www.michigan.gov/dtmb/-/media/Project/Websites/dtmb/Procurement/Contracts/022/260000000713.pdf?rev=044d384e33124f69856ff95f406d8b63&hash=EDE0618298A9461C637E9129261588D0,b42001c1d85bb1aa8af53b05e4da59e2a811f76be17396a0792a82e3a7a14675,2026-09-09T13:34:00,MENOMINEE COUNTY ROAD COMMISSION,
MI,2027,2026/2027,True,Compass Minerals,Menominee,Early Fill,MiDEAL / State Agency,early_fill,delivered,USD/short ton,50.0,87.81,4390.5,,260000000713,award,price+volume,derived,MI_FY2027_CompassMinerals_260000000713.pdf,36,https://www.michigan.gov/dtmb/-/media/Project/Websites/dtmb/Procurement/Contracts/022/260000000713.pdf?rev=044d384e33124f69856ff95f406d8b63&hash=EDE0618298A9461C637E9129261588D0,b42001c1d85bb1aa8af53b05e4da59e2a811f76be17396a0792a82e3a7a14675,2026-09-09T13:34:00,MENOMINEE COUNTY ROAD COMMISSION,
MI,2027,2026/2027,True,Compass Minerals,Menominee,Early Fill,MiDEAL / State Agency,early_fill,delivered,USD/short ton,100.0,87.81,8781.0,,260000000713,award,price+volume,derived,MI_FY2027_CompassMinerals_260000000713.pdf,36,https://www.michigan.gov/dtmb/-/media/Project/Websites/dtmb/Procurement/Contracts/022/260000000713.pdf?rev=044d384e33124f69856ff95f406d8b63&hash=EDE0618298A9461C637E9129261588D0,b42001c1d85bb1aa8af53b05e4da59e2a811f76be17396a0792a82e3a7a14675,2026-09-09T13:34:00,MENOMINEE COUNTY ROAD COMMISSION,
MI,2027,2026/2027,True,Compass Minerals,Menominee,Seasonal Back-Up,MiDEAL / State Agency,seasonal_backup,delivered,USD/short ton,150.0,89.14,13371.0,,260000000713,award,price+volume,derived,MI_FY2027_CompassMinerals_260000000713.pdf,38,https://www.michigan.gov/dtmb/-/media/Project/Websites/dtmb/Procurement/Contracts/022/260000000713.pdf?rev=044d384e33124f69856ff95f406d8b63&hash=EDE0618298A9461C637E9129261588D0,b42001c1d85bb1aa8af53b05e4da59e2a811f76be17396a0792a82e3a7a14675,2026-09-09T13:34:00,MENOMINEE COUNTY ROAD COMMISSION,
MI,2027,2026/2027,True,Compass Minerals,Menominee,Seasonal Back-Up,MiDEAL / State Agency,seasonal_backup,delivered,USD/short ton,150.0,89.14,13371.0,,260000000713,award,price+volume,derived,MI_FY2027_CompassMinerals_260000000713.pdf,38,https://www.michigan.gov/dtmb/-/media/Project/Websites/dtmb/Procurement/Contracts/022/260000000713.pdf?rev=044d384e33124f69856ff95f406d8b63&hash=EDE0618298A9461C637E9129261588D0,b42001c1d85bb1aa8af53b05e4da59e2a811f76be17396a0792a82e3a7a14675,2026-09-09T13:34:00,MENOMINEE COUNTY ROAD COMMISSION,
MI,2027,2026/2027,True,Compass Minerals,Menominee,Seasonal Back-Up,MiDEAL / State Agency,seasonal_backup,delivered,USD/short ton,150.0,89.14,13371.0,,260000000713,award,price+volume,derived,MI_FY2027_CompassMinerals_260000000713.pdf,38,https://www.michigan.gov/dtmb/-/media/Project/Websites/dtmb/Procurement/Contracts/022/260000000713.pdf?rev=044d384e33124f69856ff95f406d8b63&hash=EDE0618298A9461C637E9129261588D0,b42001c1d85bb1aa8af53b05e4da59e2a811f76be17396a0792a82e3a7a14675,2026-09-09T13:34:00,MENOMINEE COUNTY ROAD COMMISSION,
MI,2027,2026/2027,True,Compass Minerals,Menominee,Seasonal Back-Up,MiDEAL / State Agency,seasonal_backup,delivered,USD/short ton,200.0,89.14,17828.0,,260000000713,award,price+volume,derived,MI_FY2027_CompassMinerals_260000000713.pdf,38,https://www.michigan.gov/dtmb/-/media/Project/Websites/dtmb/Procurement/Contracts/022/260000000713.pdf?rev=044d384e33124f69856ff95f406d8b63&hash=EDE0618298A9461C637E9129261588D0,b42001c1d85bb1aa8af53b05e4da59e2a811f76be17396a0792a82e3a7a14675,2026-09-09T13:34:00,HANNAHVILLE INDIAN COMMUNITY,
MI,2027,2026/2027,True,Compass Minerals,Menominee,Seasonal Back-Up,MiDEAL / State Agency,seasonal_backup,delivered,USD/short ton,1000.0,89.14,89140.0,,260000000713,award,price+volume,derived,MI_FY2027_CompassMinerals_260000000713.pdf,38,https://www.michigan.gov/dtmb/-/media/Project/Websites/dtmb/Procurement/Contracts/022/260000000713.pdf?rev=044d384e33124f69856ff95f406d8b63&hash=EDE0618298A9461C637E9129261588D0,b42001c1d85bb1aa8af53b05e4da59e2a811f76be17396a0792a82e3a7a14675,2026-09-09T13:34:00,"MENOMINEE, CITY OF",
MI,2027,2026/2027,True,Compass Minerals,Midland,Seasonal Back-Up,MDOT,seasonal_backup,delivered,USD/short ton,1500.0,71.1,106650.0,,260000000713,award,price+volume,derived,MI_FY2027_CompassMinerals_260000000713.pdf,34,https://www.michigan.gov/dtmb/-/media/Project/Websites/dtmb/Procurement/Contracts/022/260000000713.pdf?rev=044d384e33124f69856ff95f406d8b63&hash=EDE0618298A9461C637E9129261588D0,b42001c1d85bb1aa8af53b05e4da59e2a811f76be17396a0792a82e3a7a14675,2026-09-09T13:34:00,Sanford,
MI,2027,2026/2027,True,Compass Minerals,Midland,Seasonal Back-Up,MiDEAL / State Agency,seasonal_backup,delivered,USD/short ton,2500.0,71.1,177750.0,,260000000713,award,price+volume,derived,MI_FY2027_CompassMinerals_260000000713.pdf,40,https://www.michigan.gov/dtmb/-/media/Project/Websites/dtmb/Procurement/Contracts/022/260000000713.pdf?rev=044d384e33124f69856ff95f406d8b63&hash=EDE0618298A9461C637E9129261588D0,b42001c1d85bb1aa8af53b05e4da59e2a811f76be17396a0792a82e3a7a14675,2026-09-09T13:34:00,"MIDLAND, CITY OF",
MI,2027,2026/2027,True,Compass Minerals,Midland,Seasonal Back-Up,MiDEAL / State Agency,seasonal_backup,delivered,USD/short ton,150.0,71.1,10665.0,,260000000713,award,price+volume,derived,MI_FY2027_CompassMinerals_260000000713.pdf,40,https://www.michigan.gov/dtmb/-/media/Project/Websites/dtmb/Procurement/Contracts/022/260000000713.pdf?rev=044d384e33124f69856ff95f406d8b63&hash=EDE0618298A9461C637E9129261588D0,b42001c1d85bb1aa8af53b05e4da59e2a811f76be17396a0792a82e3a7a14675,2026-09-09T13:34:00,"COLEMAN, CITY OF",
MI,2027,2026/2027,True,Compass Minerals,Midland,Seasonal Back-Up,MiDEAL / State Agency,seasonal_backup,delivered,USD/short ton,2500.0,71.1,177750.0,,260000000713,award,price+volume,derived,MI_FY2027_CompassMinerals_260000000713.pdf,40,https://www.michigan.gov/dtmb/-/media/Project/Websites/dtmb/Procurement/Contracts/022/260000000713.pdf?rev=044d384e33124f69856ff95f406d8b63&hash=EDE0618298A9461C637E9129261588D0,b42001c1d85bb1aa8af53b05e4da59e2a811f76be17396a0792a82e3a7a14675,2026-09-09T13:34:00,MIDLAND COUNTY ROAD COMMISSION,
MI,2027,2026/2027,True,Compass Minerals,Missaukee,Seasonal Back-Up,MDOT,seasonal_backup,delivered,USD/short ton,1200.0,89.33,107196.0,,260000000713,award,price+volume,derived,MI_FY2027_CompassMinerals_260000000713.pdf,33,https://www.michigan.gov/dtmb/-/media/Project/Websites/dtmb/Procurement/Contracts/022/260000000713.pdf?rev=044d384e33124f69856ff95f406d8b63&hash=EDE0618298A9461C637E9129261588D0,b42001c1d85bb1aa8af53b05e4da59e2a811f76be17396a0792a82e3a7a14675,2026-09-09T13:34:00,Lake City,
MI,2027,2026/2027,True,Compass Minerals,Missaukee,Seasonal Back-Up,MiDEAL / State Agency,seasonal_backup,delivered,USD/short ton,1400.0,89.33,125062.0,,260000000713,award,price+volume,derived,MI_FY2027_CompassMinerals_260000000713.pdf,39,https://www.michigan.gov/dtmb/-/media/Project/Websites/dtmb/Procurement/Contracts/022/260000000713.pdf?rev=044d384e33124f69856ff95f406d8b63&hash=EDE0618298A9461C637E9129261588D0,b42001c1d85bb1aa8af53b05e4da59e2a811f76be17396a0792a82e3a7a14675,2026-09-09T13:34:00,MISSAUKEE COUNTY ROAD COMMISSION,
MI,2027,2026/2027,True,Compass Minerals,Montcalm,Seasonal Back-Up,MiDEAL / State Agency,seasonal_backup,delivered,USD/short ton,100.0,86.15,8615.0,,260000000713,award,price+volume,derived,MI_FY2027_CompassMinerals_260000000713.pdf,39,https://www.michigan.gov/dtmb/-/media/Project/Websites/dtmb/Procurement/Contracts/022/260000000713.pdf?rev=044d384e33124f69856ff95f406d8b63&hash=EDE0618298A9461C637E9129261588D0,b42001c1d85bb1aa8af53b05e4da59e2a811f76be17396a0792a82e3a7a14675,2026-09-09T13:34:00,"LAKEVIEW, VILLAGE OF",
MI,2027,2026/2027,True,Compass Minerals,Montcalm,Seasonal Back-Up,MiDEAL / State Agency,seasonal_backup,delivered,USD/short ton,1000.0,86.15,86150.0,,260000000713,award,price+volume,derived,MI_FY2027_CompassMinerals_260000000713.pdf,39,https://www.michigan.gov/dtmb/-/media/Project/Websites/dtmb/Procurement/Contracts/022/260000000713.pdf?rev=044d384e33124f69856ff95f406d8b63&hash=EDE0618298A9461C637E9129261588D0,b42001c1d85bb1aa8af53b05e4da59e2a811f76be17396a0792a82e3a7a14675,2026-09-09T13:34:00,"GREENVILLE, CITY OF",
MI,2027,2026/2027,True,Compass Minerals,Montcalm,Seasonal Back-Up,MiDEAL / State Agency,seasonal_backup,delivered,USD/short ton,100.0,86.15,8615.0,,260000000713,award,price+volume,derived,MI_FY2027_CompassMinerals_260000000713.pdf,39,https://www.michigan.gov/dtmb/-/media/Project/Websites/dtmb/Procurement/Contracts/022/260000000713.pdf?rev=044d384e33124f69856ff95f406d8b63&hash=EDE0618298A9461C637E9129261588D0,b42001c1d85bb1aa8af53b05e4da59e2a811f76be17396a0792a82e3a7a14675,2026-09-09T13:34:00,"GREENVILLE, CITY OF",
MI,2027,2026/2027,True,Compass Minerals,Montcalm,Seasonal Back-Up,MiDEAL / State Agency,seasonal_backup,delivered,USD/short ton,100.0,86.15,8615.0,,260000000713,award,price+volume,derived,MI_FY2027_CompassMinerals_260000000713.pdf,39,https://www.michigan.gov/dtmb/-/media/Project/Websites/dtmb/Procurement/Contracts/022/260000000713.pdf?rev=044d384e33124f69856ff95f406d8b63&hash=EDE0618298A9461C637E9129261588D0,b42001c1d85bb1aa8af53b05e4da59e2a811f76be17396a0792a82e3a7a14675,2026-09-09T13:34:00,"HOWARD CITY, VILLAGE OF",
MI,2027,2026/2027,True,Compass Minerals,Montmorency,Early Fill,MDOT,early_fill,delivered,USD/short ton,2000.0,80.74,161480.0,,260000000713,award,price+volume,derived,MI_FY2027_CompassMinerals_260000000713.pdf,28,https://www.michigan.gov/dtmb/-/media/Project/Websites/dtmb/Procurement/Contracts/022/260000000713.pdf?rev=044d384e33124f69856ff95f406d8b63&hash=EDE0618298A9461C637E9129261588D0,b42001c1d85bb1aa8af53b05e4da59e2a811f76be17396a0792a82e3a7a14675,2026-09-09T13:34:00,Atlanta,
MI,2027,2026/2027,True,Compass Minerals,Montmorency,Seasonal Back-Up,MDOT,seasonal_backup,delivered,USD/short ton,1500.0,80.16,120240.0,,260000000713,award,price+volume,derived,MI_FY2027_CompassMinerals_260000000713.pdf,33,https://www.michigan.gov/dtmb/-/media/Project/Websites/dtmb/Procurement/Contracts/022/260000000713.pdf?rev=044d384e33124f69856ff95f406d8b63&hash=EDE0618298A9461C637E9129261588D0,b42001c1d85bb1aa8af53b05e4da59e2a811f76be17396a0792a82e3a7a14675,2026-09-09T13:34:00,Atlanta,
MI,2027,2026/2027,True,Compass Minerals,Montmorency,Early Fill,MiDEAL / State Agency,early_fill,delivered,USD/short ton,250.0,80.74,20185.0,,260000000713,award,price+volume,derived,MI_FY2027_CompassMinerals_260000000713.pdf,36,https://www.michigan.gov/dtmb/-/media/Project/Websites/dtmb/Procurement/Contracts/022/260000000713.pdf?rev=044d384e33124f69856ff95f406d8b63&hash=EDE0618298A9461C637E9129261588D0,b42001c1d85bb1aa8af53b05e4da59e2a811f76be17396a0792a82e3a7a14675,2026-09-09T13:34:00,MONTMORENCY COUNTY ROAD COMMISSION,
MI,2027,2026/2027,True,Compass Minerals,Montmorency,Seasonal Back-Up,MiDEAL / State Agency,seasonal_backup,delivered,USD/short ton,700.0,80.16,56112.0,,260000000713,award,price+volume,derived,MI_FY2027_CompassMinerals_260000000713.pdf,39,https://www.michigan.gov/dtmb/-/media/Project/Websites/dtmb/Procurement/Contracts/022/260000000713.pdf?rev=044d384e33124f69856ff95f406d8b63&hash=EDE0618298A9461C637E9129261588D0,b42001c1d85bb1aa8af53b05e4da59e2a811f76be17396a0792a82e3a7a14675,2026-09-09T13:34:00,MONTMORENCY COUNTY ROAD COMMISSION,
MI,2027,2026/2027,True,Compass Minerals,Muskegon,Seasonal Back-Up,MiDEAL / State Agency,seasonal_backup,delivered,USD/short ton,150.0,67.56,10134.0,,260000000713,award,price+volume,derived,MI_FY2027_CompassMinerals_260000000713.pdf,39,https://www.michigan.gov/dtmb/-/media/Project/Websites/dtmb/Procurement/Contracts/022/260000000713.pdf?rev=044d384e33124f69856ff95f406d8b63&hash=EDE0618298A9461C637E9129261588D0,b42001c1d85bb1aa8af53b05e4da59e2a811f76be17396a0792a82e3a7a14675,2026-09-09T13:34:00,"ROOSEVELT PARK, CITY OF",
MI,2027,2026/2027,True,Compass Minerals,Muskegon,Seasonal Back-Up,MiDEAL / State Agency,seasonal_backup,delivered,USD/short ton,8500.0,67.56,574260.0,,260000000713,award,price+volume,derived,MI_FY2027_CompassMinerals_260000000713.pdf,39,https://www.michigan.gov/dtmb/-/media/Project/Websites/dtmb/Procurement/Contracts/022/260000000713.pdf?rev=044d384e33124f69856ff95f406d8b63&hash=EDE0618298A9461C637E9129261588D0,b42001c1d85bb1aa8af53b05e4da59e2a811f76be17396a0792a82e3a7a14675,2026-09-09T13:34:00,MUSKEGON COUNTY ROAD COMMISSION,
MI,2027,2026/2027,True,Compass Minerals,Muskegon,Seasonal Back-Up,MiDEAL / State Agency,seasonal_backup,delivered,USD/short ton,9000.0,67.56,608040.0,,260000000713,award,price+volume,derived,MI_FY2027_CompassMinerals_260000000713.pdf,39,https://www.michigan.gov/dtmb/-/media/Project/Websites/dtmb/Procurement/Contracts/022/260000000713.pdf?rev=044d384e33124f69856ff95f406d8b63&hash=EDE0618298A9461C637E9129261588D0,b42001c1d85bb1aa8af53b05e4da59e2a811f76be17396a0792a82e3a7a14675,2026-09-09T13:34:00,MUSKEGON COUNTY ROAD COMMISSION,
MI,2027,2026/2027,True,Compass Minerals,Muskegon,Seasonal Back-Up,MiDEAL / State Agency,seasonal_backup,delivered,USD/short ton,350.0,67.56,23646.0,,260000000713,award,price+volume,derived,MI_FY2027_CompassMinerals_260000000713.pdf,39,https://www.michigan.gov/dtmb/-/media/Project/Websites/dtmb/Procurement/Contracts/022/260000000713.pdf?rev=044d384e33124f69856ff95f406d8b63&hash=EDE0618298A9461C637E9129261588D0,b42001c1d85bb1aa8af53b05e4da59e2a811f76be17396a0792a82e3a7a14675,2026-09-09T13:34:00,"NORTH MUSKEGON, CITY OF",
MI,2027,2026/2027,True,Compass Minerals,Muskegon,Seasonal Back-Up,MiDEAL / State Agency,seasonal_backup,delivered,USD/short ton,50.0,67.56,3378.0,,260000000713,award,price+volume,derived,MI_FY2027_CompassMinerals_260000000713.pdf,39,https://www.michigan.gov/dtmb/-/media/Project/Websites/dtmb/Procurement/Contracts/022/260000000713.pdf?rev=044d384e33124f69856ff95f406d8b63&hash=EDE0618298A9461C637E9129261588D0,b42001c1d85bb1aa8af53b05e4da59e2a811f76be17396a0792a82e3a7a14675,2026-09-09T13:34:00,"FRUITPORT, VILLAGE OF",
MI,2027,2026/2027,True,Compass Minerals,Muskegon,Seasonal Back-Up,MiDEAL / State Agency,seasonal_backup,delivered,USD/short ton,2100.0,67.56,141876.0,,260000000713,award,price+volume,derived,MI_FY2027_CompassMinerals_260000000713.pdf,39,https://www.michigan.gov/dtmb/-/media/Project/Websites/dtmb/Procurement/Contracts/022/260000000713.pdf?rev=044d384e33124f69856ff95f406d8b63&hash=EDE0618298A9461C637E9129261588D0,b42001c1d85bb1aa8af53b05e4da59e2a811f76be17396a0792a82e3a7a14675,2026-09-09T13:34:00,"NORTON SHORES, CITY OF",
MI,2027,2026/2027,True,Compass Minerals,Muskegon,Seasonal Back-Up,MiDEAL / State Agency,seasonal_backup,delivered,USD/short ton,50.0,67.56,3378.0,,260000000713,award,price+volume,derived,MI_FY2027_CompassMinerals_260000000713.pdf,39,https://www.michigan.gov/dtmb/-/media/Project/Websites/dtmb/Procurement/Contracts/022/260000000713.pdf?rev=044d384e33124f69856ff95f406d8b63&hash=EDE0618298A9461C637E9129261588D0,b42001c1d85bb1aa8af53b05e4da59e2a811f76be17396a0792a82e3a7a14675,2026-09-09T13:34:00,MDOC-E C BROOKS CORRECTIONAL FACILITY- AGENCY,
MI,2027,2026/2027,True,Compass Minerals,Muskegon,Seasonal Back-Up,MiDEAL / State Agency,seasonal_backup,delivered,USD/short ton,3000.0,67.56,202680.0,,260000000713,award,price+volume,derived,MI_FY2027_CompassMinerals_260000000713.pdf,39,https://www.michigan.gov/dtmb/-/media/Project/Websites/dtmb/Procurement/Contracts/022/260000000713.pdf?rev=044d384e33124f69856ff95f406d8b63&hash=EDE0618298A9461C637E9129261588D0,b42001c1d85bb1aa8af53b05e4da59e2a811f76be17396a0792a82e3a7a14675,2026-09-09T13:34:00,"MUSKEGON, CITY OF",
MI,2027,2026/2027,True,Compass Minerals,Muskegon,Seasonal Back-Up,MiDEAL / State Agency,seasonal_backup,delivered,USD/short ton,100.0,67.56,6756.0,,260000000713,award,price+volume,derived,MI_FY2027_CompassMinerals_260000000713.pdf,39,https://www.michigan.gov/dtmb/-/media/Project/Websites/dtmb/Procurement/Contracts/022/260000000713.pdf?rev=044d384e33124f69856ff95f406d8b63&hash=EDE0618298A9461C637E9129261588D0,b42001c1d85bb1aa8af53b05e4da59e2a811f76be17396a0792a82e3a7a14675,2026-09-09T13:34:00,"RAVENNA, VILLAGE OF",
MI,2027,2026/2027,True,Compass Minerals,Newaygo,Early Fill,MiDEAL / State Agency,early_fill,delivered,USD/short ton,400.0,76.16,30464.0,,260000000713,award,price+volume,derived,MI_FY2027_CompassMinerals_260000000713.pdf,36,https://www.michigan.gov/dtmb/-/media/Project/Websites/dtmb/Procurement/Contracts/022/260000000713.pdf?rev=044d384e33124f69856ff95f406d8b63&hash=EDE0618298A9461C637E9129261588D0,b42001c1d85bb1aa8af53b05e4da59e2a811f76be17396a0792a82e3a7a14675,2026-09-09T13:34:00,NEWAYGO COUNTY ROAD COMMISSION,
MI,2027,2026/2027,True,Compass Minerals,Newaygo,Early Fill,MiDEAL / State Agency,early_fill,delivered,USD/short ton,600.0,76.16,45696.0,,260000000713,award,price+volume,derived,MI_FY2027_CompassMinerals_260000000713.pdf,36,https://www.michigan.gov/dtmb/-/media/Project/Websites/dtmb/Procurement/Contracts/022/260000000713.pdf?rev=044d384e33124f69856ff95f406d8b63&hash=EDE0618298A9461C637E9129261588D0,b42001c1d85bb1aa8af53b05e4da59e2a811f76be17396a0792a82e3a7a14675,2026-09-09T13:34:00,NEWAYGO COUNTY ROAD COMMISSION,
MI,2027,2026/2027,True,Compass Minerals,Newaygo,Early Fill,MiDEAL / State Agency,early_fill,delivered,USD/short ton,400.0,76.16,30464.0,,260000000713,award,price+volume,derived,MI_FY2027_CompassMinerals_260000000713.pdf,36,https://www.michigan.gov/dtmb/-/media/Project/Websites/dtmb/Procurement/Contracts/022/260000000713.pdf?rev=044d384e33124f69856ff95f406d8b63&hash=EDE0618298A9461C637E9129261588D0,b42001c1d85bb1aa8af53b05e4da59e2a811f76be17396a0792a82e3a7a14675,2026-09-09T13:34:00,"FREMONT, CITY OF",
MI,2027,2026/2027,True,Compass Minerals,Newaygo,Early Fill,MiDEAL / State Agency,early_fill,delivered,USD/short ton,50.0,76.16,3808.0,,260000000713,award,price+volume,derived,MI_FY2027_CompassMinerals_260000000713.pdf,36,https://www.michigan.gov/dtmb/-/media/Project/Websites/dtmb/Procurement/Contracts/022/260000000713.pdf?rev=044d384e33124f69856ff95f406d8b63&hash=EDE0618298A9461C637E9129261588D0,b42001c1d85bb1aa8af53b05e4da59e2a811f76be17396a0792a82e3a7a14675,2026-09-09T13:34:00,NEWAYGO COUNTY RESA,
MI,2027,2026/2027,True,Compass Minerals,Newaygo,Early Fill,MiDEAL / State Agency,early_fill,delivered,USD/short ton,100.0,76.16,7616.0,,260000000713,award,price+volume,derived,MI_FY2027_CompassMinerals_260000000713.pdf,36,https://www.michigan.gov/dtmb/-/media/Project/Websites/dtmb/Procurement/Contracts/022/260000000713.pdf?rev=044d384e33124f69856ff95f406d8b63&hash=EDE0618298A9461C637E9129261588D0,b42001c1d85bb1aa8af53b05e4da59e2a811f76be17396a0792a82e3a7a14675,2026-09-09T13:34:00,Fremont Public Schools,
MI,2027,2026/2027,True,Compass Minerals,Newaygo,Seasonal Back-Up,MiDEAL / State Agency,seasonal_backup,delivered,USD/short ton,1500.0,83.85,125775.0,,260000000713,award,price+volume,derived,MI_FY2027_CompassMinerals_260000000713.pdf,40,https://www.michigan.gov/dtmb/-/media/Project/Websites/dtmb/Procurement/Contracts/022/260000000713.pdf?rev=044d384e33124f69856ff95f406d8b63&hash=EDE0618298A9461C637E9129261588D0,b42001c1d85bb1aa8af53b05e4da59e2a811f76be17396a0792a82e3a7a14675,2026-09-09T13:34:00,NEWAYGO COUNTY ROAD COMMISSION,
MI,2027,2026/2027,True,Compass Minerals,Newaygo,Seasonal Back-Up,MiDEAL / State Agency,seasonal_backup,delivered,USD/short ton,6500.0,83.85,545025.0,,260000000713,award,price+volume,derived,MI_FY2027_CompassMinerals_260000000713.pdf,40,https://www.michigan.gov/dtmb/-/media/Project/Websites/dtmb/Procurement/Contracts/022/260000000713.pdf?rev=044d384e33124f69856ff95f406d8b63&hash=EDE0618298A9461C637E9129261588D0,b42001c1d85bb1aa8af53b05e4da59e2a811f76be17396a0792a82e3a7a14675,2026-09-09T13:34:00,NEWAYGO COUNTY ROAD COMMISSION,
MI,2027,2026/2027,True,Compass Minerals,Newaygo,Seasonal Back-Up,MiDEAL / State Agency,seasonal_backup,delivered,USD/short ton,50.0,83.85,4192.5,,260000000713,award,price+volume,derived,MI_FY2027_CompassMinerals_260000000713.pdf,40,https://www.michigan.gov/dtmb/-/media/Project/Websites/dtmb/Procurement/Contracts/022/260000000713.pdf?rev=044d384e33124f69856ff95f406d8b63&hash=EDE0618298A9461C637E9129261588D0,b42001c1d85bb1aa8af53b05e4da59e2a811f76be17396a0792a82e3a7a14675,2026-09-09T13:34:00,"FREMONT, CITY OF",
MI,2027,2026/2027,True,Compass Minerals,Oceana,Early Fill,MiDEAL / State Agency,early_fill,delivered,USD/short ton,250.0,76.53,19132.5,,260000000713,award,price+volume,derived,MI_FY2027_CompassMinerals_260000000713.pdf,36,https://www.michigan.gov/dtmb/-/media/Project/Websites/dtmb/Procurement/Contracts/022/260000000713.pdf?rev=044d384e33124f69856ff95f406d8b63&hash=EDE0618298A9461C637E9129261588D0,b42001c1d85bb1aa8af53b05e4da59e2a811f76be17396a0792a82e3a7a14675,2026-09-09T13:34:00,"SHELBY, VILLAGE OF",
MI,2027,2026/2027,True,Compass Minerals,Oceana,Early Fill,MiDEAL / State Agency,early_fill,delivered,USD/short ton,1200.0,76.53,91836.0,,260000000713,award,price+volume,derived,MI_FY2027_CompassMinerals_260000000713.pdf,36,https://www.michigan.gov/dtmb/-/media/Project/Websites/dtmb/Procurement/Contracts/022/260000000713.pdf?rev=044d384e33124f69856ff95f406d8b63&hash=EDE0618298A9461C637E9129261588D0,b42001c1d85bb1aa8af53b05e4da59e2a811f76be17396a0792a82e3a7a14675,2026-09-09T13:34:00,OCEANA COUNTY ROAD COMMISSION,
MI,2027,2026/2027,True,Compass Minerals,Oceana,Early Fill,MiDEAL / State Agency,early_fill,delivered,USD/short ton,500.0,76.53,38265.0,,260000000713,award,price+volume,derived,MI_FY2027_CompassMinerals_260000000713.pdf,37,https://www.michigan.gov/dtmb/-/media/Project/Websites/dtmb/Procurement/Contracts/022/260000000713.pdf?rev=044d384e33124f69856ff95f406d8b63&hash=EDE0618298A9461C637E9129261588D0,b42001c1d85bb1aa8af53b05e4da59e2a811f76be17396a0792a82e3a7a14675,2026-09-09T13:34:00,OCEANA COUNTY ROAD COMMISSION,
MI,2027,2026/2027,True,Compass Minerals,Oceana,Seasonal Back-Up,MiDEAL / State Agency,seasonal_backup,delivered,USD/short ton,4300.0,77.16,331788.0,,260000000713,award,price+volume,derived,MI_FY2027_CompassMinerals_260000000713.pdf,40,https://www.michigan.gov/dtmb/-/media/Project/Websites/dtmb/Procurement/Contracts/022/260000000713.pdf?rev=044d384e33124f69856ff95f406d8b63&hash=EDE0618298A9461C637E9129261588D0,b42001c1d85bb1aa8af53b05e4da59e2a811f76be17396a0792a82e3a7a14675,2026-09-09T13:34:00,OCEANA COUNTY ROAD COMMISSION,
MI,2027,2026/2027,True,Compass Minerals,Oceana,Seasonal Back-Up,MiDEAL / State Agency,seasonal_backup,delivered,USD/short ton,3500.0,77.16,270060.0,,260000000713,award,price+volume,derived,MI_FY2027_CompassMinerals_260000000713.pdf,40,https://www.michigan.gov/dtmb/-/media/Project/Websites/dtmb/Procurement/Contracts/022/260000000713.pdf?rev=044d384e33124f69856ff95f406d8b63&hash=EDE0618298A9461C637E9129261588D0,b42001c1d85bb1aa8af53b05e4da59e2a811f76be17396a0792a82e3a7a14675,2026-09-09T13:34:00,OCEANA COUNTY ROAD COMMISSION,
MI,2027,2026/2027,True,Compass Minerals,Ogemaw,Seasonal Back-Up,MDOT,seasonal_backup,delivered,USD/short ton,250.0,84.37,21092.5,,260000000713,award,price+volume,derived,MI_FY2027_CompassMinerals_260000000713.pdf,33,https://www.michigan.gov/dtmb/-/media/Project/Websites/dtmb/Procurement/Contracts/022/260000000713.pdf?rev=044d384e33124f69856ff95f406d8b63&hash=EDE0618298A9461C637E9129261588D0,b42001c1d85bb1aa8af53b05e4da59e2a811f76be17396a0792a82e3a7a14675,2026-09-09T13:34:00,Branch,
MI,2027,2026/2027,True,Compass Minerals,Ogemaw,Seasonal Back-Up,MDOT,seasonal_backup,delivered,USD/short ton,900.0,84.37,75933.0,,260000000713,award,price+volume,derived,MI_FY2027_CompassMinerals_260000000713.pdf,33,https://www.michigan.gov/dtmb/-/media/Project/Websites/dtmb/Procurement/Contracts/022/260000000713.pdf?rev=044d384e33124f69856ff95f406d8b63&hash=EDE0618298A9461C637E9129261588D0,b42001c1d85bb1aa8af53b05e4da59e2a811f76be17396a0792a82e3a7a14675,2026-09-09T13:34:00,West Branch,
MI,2027,2026/2027,True,Compass Minerals,Ogemaw,Seasonal Back-Up,MiDEAL / State Agency,seasonal_backup,delivered,USD/short ton,200.0,84.37,16874.0,,260000000713,award,price+volume,derived,MI_FY2027_CompassMinerals_260000000713.pdf,39,https://www.michigan.gov/dtmb/-/media/Project/Websites/dtmb/Procurement/Contracts/022/260000000713.pdf?rev=044d384e33124f69856ff95f406d8b63&hash=EDE0618298A9461C637E9129261588D0,b42001c1d85bb1aa8af53b05e4da59e2a811f76be17396a0792a82e3a7a14675,2026-09-09T13:34:00,"WEST BRANCH, CITY OF",
MI,2027,2026/2027,True,Compass Minerals,Ogemaw,Seasonal Back-Up,MiDEAL / State Agency,seasonal_backup,delivered,USD/short ton,100.0,84.37,8437.0,,260000000713,award,price+volume,derived,MI_FY2027_CompassMinerals_260000000713.pdf,39,https://www.michigan.gov/dtmb/-/media/Project/Websites/dtmb/Procurement/Contracts/022/260000000713.pdf?rev=044d384e33124f69856ff95f406d8b63&hash=EDE0618298A9461C637E9129261588D0,b42001c1d85bb1aa8af53b05e4da59e2a811f76be17396a0792a82e3a7a14675,2026-09-09T13:34:00,ROSE CITY POLICE DEPARTMENT,
MI,2027,2026/2027,True,Compass Minerals,Ogemaw,Seasonal Back-Up,MiDEAL / State Agency,seasonal_backup,delivered,USD/short ton,1050.0,84.37,88588.5,,260000000713,award,price+volume,derived,MI_FY2027_CompassMinerals_260000000713.pdf,39,https://www.michigan.gov/dtmb/-/media/Project/Websites/dtmb/Procurement/Contracts/022/260000000713.pdf?rev=044d384e33124f69856ff95f406d8b63&hash=EDE0618298A9461C637E9129261588D0,b42001c1d85bb1aa8af53b05e4da59e2a811f76be17396a0792a82e3a7a14675,2026-09-09T13:34:00,OGEMAW COUNTY ROAD COMMISSION,
MI,2027,2026/2027,True,Compass Minerals,Ontonagon,Early Fill,MDOT,early_fill,delivered,USD/short ton,1200.0,105.96,127152.0,,260000000713,award,price+volume,derived,MI_FY2027_CompassMinerals_260000000713.pdf,28,https://www.michigan.gov/dtmb/-/media/Project/Websites/dtmb/Procurement/Contracts/022/260000000713.pdf?rev=044d384e33124f69856ff95f406d8b63&hash=EDE0618298A9461C637E9129261588D0,b42001c1d85bb1aa8af53b05e4da59e2a811f76be17396a0792a82e3a7a14675,2026-09-09T13:34:00,Bergland,
MI,2027,2026/2027,True,Compass Minerals,Ontonagon,Early Fill,MDOT,early_fill,delivered,USD/short ton,1000.0,105.96,105960.0,,260000000713,award,price+volume,derived,MI_FY2027_CompassMinerals_260000000713.pdf,28,https://www.michigan.gov/dtmb/-/media/Project/Websites/dtmb/Procurement/Contracts/022/260000000713.pdf?rev=044d384e33124f69856ff95f406d8b63&hash=EDE0618298A9461C637E9129261588D0,b42001c1d85bb1aa8af53b05e4da59e2a811f76be17396a0792a82e3a7a14675,2026-09-09T13:34:00,Bruce Crossing,
MI,2027,2026/2027,True,Compass Minerals,Ontonagon,Early Fill,MDOT,early_fill,delivered,USD/short ton,1700.0,105.96,180132.0,,260000000713,award,price+volume,derived,MI_FY2027_CompassMinerals_260000000713.pdf,28,https://www.michigan.gov/dtmb/-/media/Project/Websites/dtmb/Procurement/Contracts/022/260000000713.pdf?rev=044d384e33124f69856ff95f406d8b63&hash=EDE0618298A9461C637E9129261588D0,b42001c1d85bb1aa8af53b05e4da59e2a811f76be17396a0792a82e3a7a14675,2026-09-09T13:34:00,Mass City,
MI,2027,2026/2027,True,Compass Minerals,Ontonagon,Early Fill,MDOT,early_fill,delivered,USD/short ton,1100.0,105.96,116556.0,,260000000713,award,price+volume,derived,MI_FY2027_CompassMinerals_260000000713.pdf,28,https://www.michigan.gov/dtmb/-/media/Project/Websites/dtmb/Procurement/Contracts/022/260000000713.pdf?rev=044d384e33124f69856ff95f406d8b63&hash=EDE0618298A9461C637E9129261588D0,b42001c1d85bb1aa8af53b05e4da59e2a811f76be17396a0792a82e3a7a14675,2026-09-09T13:34:00,Ontonagon,
MI,2027,2026/2027,True,Compass Minerals,Ontonagon,Seasonal Back-Up,MDOT,seasonal_backup,delivered,USD/short ton,700.0,121.76,85232.0,,260000000713,award,price+volume,derived,MI_FY2027_CompassMinerals_260000000713.pdf,31,https://www.michigan.gov/dtmb/-/media/Project/Websites/dtmb/Procurement/Contracts/022/260000000713.pdf?rev=044d384e33124f69856ff95f406d8b63&hash=EDE0618298A9461C637E9129261588D0,b42001c1d85bb1aa8af53b05e4da59e2a811f76be17396a0792a82e3a7a14675,2026-09-09T13:34:00,Bergland,
MI,2027,2026/2027,True,Compass Minerals,Ontonagon,Seasonal Back-Up,MDOT,seasonal_backup,delivered,USD/short ton,1000.0,121.76,121760.0,,260000000713,award,price+volume,derived,MI_FY2027_CompassMinerals_260000000713.pdf,31,https://www.michigan.gov/dtmb/-/media/Project/Websites/dtmb/Procurement/Contracts/022/260000000713.pdf?rev=044d384e33124f69856ff95f406d8b63&hash=EDE0618298A9461C637E9129261588D0,b42001c1d85bb1aa8af53b05e4da59e2a811f76be17396a0792a82e3a7a14675,2026-09-09T13:34:00,Bruce Crossing,
MI,2027,2026/2027,True,Compass Minerals,Ontonagon,Seasonal Back-Up,MDOT,seasonal_backup,delivered,USD/short ton,1500.0,121.76,182640.0,,260000000713,award,price+volume,derived,MI_FY2027_CompassMinerals_260000000713.pdf,31,https://www.michigan.gov/dtmb/-/media/Project/Websites/dtmb/Procurement/Contracts/022/260000000713.pdf?rev=044d384e33124f69856ff95f406d8b63&hash=EDE0618298A9461C637E9129261588D0,b42001c1d85bb1aa8af53b05e4da59e2a811f76be17396a0792a82e3a7a14675,2026-09-09T13:34:00,Mass City,
MI,2027,2026/2027,True,Compass Minerals,Ontonagon,Seasonal Back-Up,MDOT,seasonal_backup,delivered,USD/short ton,1100.0,121.76,133936.0,,260000000713,award,price+volume,derived,MI_FY2027_CompassMinerals_260000000713.pdf,31,https://www.michigan.gov/dtmb/-/media/Project/Websites/dtmb/Procurement/Contracts/022/260000000713.pdf?rev=044d384e33124f69856ff95f406d8b63&hash=EDE0618298A9461C637E9129261588D0,b42001c1d85bb1aa8af53b05e4da59e2a811f76be17396a0792a82e3a7a14675,2026-09-09T13:34:00,Ontonagon,
MI,2027,2026/2027,True,Compass Minerals,Ontonagon,Early Fill,MiDEAL / State Agency,early_fill,delivered,USD/short ton,100.0,105.96,10596.0,,260000000713,award,price+volume,derived,MI_FY2027_CompassMinerals_260000000713.pdf,36,https://www.michigan.gov/dtmb/-/media/Project/Websites/dtmb/Procurement/Contracts/022/260000000713.pdf?rev=044d384e33124f69856ff95f406d8b63&hash=EDE0618298A9461C637E9129261588D0,b42001c1d85bb1aa8af53b05e4da59e2a811f76be17396a0792a82e3a7a14675,2026-09-09T13:34:00,"ONTONAGON, VILLAGE OF",
MI,2027,2026/2027,True,Compass Minerals,Ontonagon,Early Fill,MiDEAL / State Agency,early_fill,delivered,USD/short ton,200.0,105.96,21192.0,,260000000713,award,price+volume,derived,MI_FY2027_CompassMinerals_260000000713.pdf,36,https://www.michigan.gov/dtmb/-/media/Project/Websites/dtmb/Procurement/Contracts/022/260000000713.pdf?rev=044d384e33124f69856ff95f406d8b63&hash=EDE0618298A9461C637E9129261588D0,b42001c1d85bb1aa8af53b05e4da59e2a811f76be17396a0792a82e3a7a14675,2026-09-09T13:34:00,Ontonagon County Road Commission,
MI,2027,2026/2027,True,Compass Minerals,Ontonagon,Early Fill,MiDEAL / State Agency,early_fill,delivered,USD/short ton,200.0,105.96,21192.0,,260000000713,award,price+volume,derived,MI_FY2027_CompassMinerals_260000000713.pdf,36,https://www.michigan.gov/dtmb/-/media/Project/Websites/dtmb/Procurement/Contracts/022/260000000713.pdf?rev=044d384e33124f69856ff95f406d8b63&hash=EDE0618298A9461C637E9129261588D0,b42001c1d85bb1aa8af53b05e4da59e2a811f76be17396a0792a82e3a7a14675,2026-09-09T13:34:00,Ontonagon County Road Commission,
MI,2027,2026/2027,True,Compass Minerals,Ontonagon,Early Fill,MiDEAL / State Agency,early_fill,delivered,USD/short ton,200.0,105.96,21192.0,,260000000713,award,price+volume,derived,MI_FY2027_CompassMinerals_260000000713.pdf,36,https://www.michigan.gov/dtmb/-/media/Project/Websites/dtmb/Procurement/Contracts/022/260000000713.pdf?rev=044d384e33124f69856ff95f406d8b63&hash=EDE0618298A9461C637E9129261588D0,b42001c1d85bb1aa8af53b05e4da59e2a811f76be17396a0792a82e3a7a14675,2026-09-09T13:34:00,Ontonagon County Road Commission,
MI,2027,2026/2027,True,Compass Minerals,Ontonagon,Early Fill,MiDEAL / State Agency,early_fill,delivered,USD/short ton,200.0,105.96,21192.0,,260000000713,award,price+volume,derived,MI_FY2027_CompassMinerals_260000000713.pdf,36,https://www.michigan.gov/dtmb/-/media/Project/Websites/dtmb/Procurement/Contracts/022/260000000713.pdf?rev=044d384e33124f69856ff95f406d8b63&hash=EDE0618298A9461C637E9129261588D0,b42001c1d85bb1aa8af53b05e4da59e2a811f76be17396a0792a82e3a7a14675,2026-09-09T13:34:00,Ontonagon County Road Commission,
MI,2027,2026/2027,True,Compass Minerals,Ontonagon,Seasonal Back-Up,MiDEAL / State Agency,seasonal_backup,delivered,USD/short ton,100.0,121.76,12176.0,,260000000713,award,price+volume,derived,MI_FY2027_CompassMinerals_260000000713.pdf,38,https://www.michigan.gov/dtmb/-/media/Project/Websites/dtmb/Procurement/Contracts/022/260000000713.pdf?rev=044d384e33124f69856ff95f406d8b63&hash=EDE0618298A9461C637E9129261588D0,b42001c1d85bb1aa8af53b05e4da59e2a811f76be17396a0792a82e3a7a14675,2026-09-09T13:34:00,Ontonagon County Road Commission,
MI,2027,2026/2027,True,Compass Minerals,Ontonagon,Seasonal Back-Up,MiDEAL / State Agency,seasonal_backup,delivered,USD/short ton,100.0,121.76,12176.0,,260000000713,award,price+volume,derived,MI_FY2027_CompassMinerals_260000000713.pdf,38,https://www.michigan.gov/dtmb/-/media/Project/Websites/dtmb/Procurement/Contracts/022/260000000713.pdf?rev=044d384e33124f69856ff95f406d8b63&hash=EDE0618298A9461C637E9129261588D0,b42001c1d85bb1aa8af53b05e4da59e2a811f76be17396a0792a82e3a7a14675,2026-09-09T13:34:00,Ontonagon County Road Commission,
MI,2027,2026/2027,True,Compass Minerals,Ontonagon,Seasonal Back-Up,MiDEAL / State Agency,seasonal_backup,delivered,USD/short ton,100.0,121.76,12176.0,,260000000713,award,price+volume,derived,MI_FY2027_CompassMinerals_260000000713.pdf,38,https://www.michigan.gov/dtmb/-/media/Project/Websites/dtmb/Procurement/Contracts/022/260000000713.pdf?rev=044d384e33124f69856ff95f406d8b63&hash=EDE0618298A9461C637E9129261588D0,b42001c1d85bb1aa8af53b05e4da59e2a811f76be17396a0792a82e3a7a14675,2026-09-09T13:34:00,Ontonagon County Road Commission,
MI,2027,2026/2027,True,Compass Minerals,Ontonagon,Seasonal Back-Up,MiDEAL / State Agency,seasonal_backup,delivered,USD/short ton,100.0,121.76,12176.0,,260000000713,award,price+volume,derived,MI_FY2027_CompassMinerals_260000000713.pdf,38,https://www.michigan.gov/dtmb/-/media/Project/Websites/dtmb/Procurement/Contracts/022/260000000713.pdf?rev=044d384e33124f69856ff95f406d8b63&hash=EDE0618298A9461C637E9129261588D0,b42001c1d85bb1aa8af53b05e4da59e2a811f76be17396a0792a82e3a7a14675,2026-09-09T13:34:00,Ontonagon County Road Commission,
MI,2027,2026/2027,True,Compass Minerals,Osceola,Seasonal Back-Up,MDOT,seasonal_backup,delivered,USD/short ton,1500.0,88.82,133230.0,,260000000713,award,price+volume,derived,MI_FY2027_CompassMinerals_260000000713.pdf,33,https://www.michigan.gov/dtmb/-/media/Project/Websites/dtmb/Procurement/Contracts/022/260000000713.pdf?rev=044d384e33124f69856ff95f406d8b63&hash=EDE0618298A9461C637E9129261588D0,b42001c1d85bb1aa8af53b05e4da59e2a811f76be17396a0792a82e3a7a14675,2026-09-09T13:34:00,Marion,
MI,2027,2026/2027,True,Compass Minerals,Osceola,Seasonal Back-Up,MDOT,seasonal_backup,delivered,USD/short ton,2000.0,88.82,177640.0,,260000000713,award,price+volume,derived,MI_FY2027_CompassMinerals_260000000713.pdf,33,https://www.michigan.gov/dtmb/-/media/Project/Websites/dtmb/Procurement/Contracts/022/260000000713.pdf?rev=044d384e33124f69856ff95f406d8b63&hash=EDE0618298A9461C637E9129261588D0,b42001c1d85bb1aa8af53b05e4da59e2a811f76be17396a0792a82e3a7a14675,2026-09-09T13:34:00,Reed City,
MI,2027,2026/2027,True,Compass Minerals,Osceola,Seasonal Back-Up,MiDEAL / State Agency,seasonal_backup,delivered,USD/short ton,150.0,88.82,13323.0,,260000000713,award,price+volume,derived,MI_FY2027_CompassMinerals_260000000713.pdf,40,https://www.michigan.gov/dtmb/-/media/Project/Websites/dtmb/Procurement/Contracts/022/260000000713.pdf?rev=044d384e33124f69856ff95f406d8b63&hash=EDE0618298A9461C637E9129261588D0,b42001c1d85bb1aa8af53b05e4da59e2a811f76be17396a0792a82e3a7a14675,2026-09-09T13:34:00,"EVART, CITY OF",
MI,2027,2026/2027,True,Compass Minerals,Osceola,Seasonal Back-Up,MiDEAL / State Agency,seasonal_backup,delivered,USD/short ton,1500.0,88.82,133230.0,,260000000713,award,price+volume,derived,MI_FY2027_CompassMinerals_260000000713.pdf,40,https://www.michigan.gov/dtmb/-/media/Project/Websites/dtmb/Procurement/Contracts/022/260000000713.pdf?rev=044d384e33124f69856ff95f406d8b63&hash=EDE0618298A9461C637E9129261588D0,b42001c1d85bb1aa8af53b05e4da59e2a811f76be17396a0792a82e3a7a14675,2026-09-09T13:34:00,OSCEOLA COUNTY ROAD COMMISSION,
MI,2027,2026/2027,True,Compass Minerals,Osceola,Seasonal Back-Up,MiDEAL / State Agency,seasonal_backup,delivered,USD/short ton,1500.0,88.82,133230.0,,260000000713,award,price+volume,derived,MI_FY2027_CompassMinerals_260000000713.pdf,40,https://www.michigan.gov/dtmb/-/media/Project/Websites/dtmb/Procurement/Contracts/022/260000000713.pdf?rev=044d384e33124f69856ff95f406d8b63&hash=EDE0618298A9461C637E9129261588D0,b42001c1d85bb1aa8af53b05e4da59e2a811f76be17396a0792a82e3a7a14675,2026-09-09T13:34:00,OSCEOLA COUNTY ROAD COMMISSION,
MI,2027,2026/2027,True,Compass Minerals,Osceola,Seasonal Back-Up,MiDEAL / State Agency,seasonal_backup,delivered,USD/short ton,50.0,88.82,4441.0,,260000000713,award,price+volume,derived,MI_FY2027_CompassMinerals_260000000713.pdf,40,https://www.michigan.gov/dtmb/-/media/Project/Websites/dtmb/Procurement/Contracts/022/260000000713.pdf?rev=044d384e33124f69856ff95f406d8b63&hash=EDE0618298A9461C637E9129261588D0,b42001c1d85bb1aa8af53b05e4da59e2a811f76be17396a0792a82e3a7a14675,2026-09-09T13:34:00,REED CITY AREA PUBLIC SCHOOLS,
MI,2027,2026/2027,True,Compass Minerals,Osceola,Seasonal Back-Up,MiDEAL / State Agency,seasonal_backup,delivered,USD/short ton,100.0,88.82,8882.0,,260000000713,award,price+volume,derived,MI_FY2027_CompassMinerals_260000000713.pdf,40,https://www.michigan.gov/dtmb/-/media/Project/Websites/dtmb/Procurement/Contracts/022/260000000713.pdf?rev=044d384e33124f69856ff95f406d8b63&hash=EDE0618298A9461C637E9129261588D0,b42001c1d85bb1aa8af53b05e4da59e2a811f76be17396a0792a82e3a7a14675,2026-09-09T13:34:00,"REED CITY, CITY OF",
MI,2027,2026/2027,True,Compass Minerals,Oscoda,Seasonal Back-Up,MDOT,seasonal_backup,delivered,USD/short ton,1500.0,79.05,118575.0,,260000000713,award,price+volume,derived,MI_FY2027_CompassMinerals_260000000713.pdf,33,https://www.michigan.gov/dtmb/-/media/Project/Websites/dtmb/Procurement/Contracts/022/260000000713.pdf?rev=044d384e33124f69856ff95f406d8b63&hash=EDE0618298A9461C637E9129261588D0,b42001c1d85bb1aa8af53b05e4da59e2a811f76be17396a0792a82e3a7a14675,2026-09-09T13:34:00,Mio,
MI,2027,2026/2027,True,Compass Minerals,Oscoda,Seasonal Back-Up,MiDEAL / State Agency,seasonal_backup,delivered,USD/short ton,250.0,79.05,19762.5,,260000000713,award,price+volume,derived,MI_FY2027_CompassMinerals_260000000713.pdf,39,https://www.michigan.gov/dtmb/-/media/Project/Websites/dtmb/Procurement/Contracts/022/260000000713.pdf?rev=044d384e33124f69856ff95f406d8b63&hash=EDE0618298A9461C637E9129261588D0,b42001c1d85bb1aa8af53b05e4da59e2a811f76be17396a0792a82e3a7a14675,2026-09-09T13:34:00,OSCODA COUNTY ROAD COMMISSION,
MI,2027,2026/2027,True,Compass Minerals,Otsego,Early Fill,MDOT,early_fill,delivered,USD/short ton,6700.0,79.1,529970.0,,260000000713,award,price+volume,derived,MI_FY2027_CompassMinerals_260000000713.pdf,29,https://www.michigan.gov/dtmb/-/media/Project/Websites/dtmb/Procurement/Contracts/022/260000000713.pdf?rev=044d384e33124f69856ff95f406d8b63&hash=EDE0618298A9461C637E9129261588D0,b42001c1d85bb1aa8af53b05e4da59e2a811f76be17396a0792a82e3a7a14675,2026-09-09T13:34:00,Gaylord,
MI,2027,2026/2027,True,Compass Minerals,Otsego,Seasonal Back-Up,MDOT,seasonal_backup,delivered,USD/short ton,1500.0,80.93,121395.0,,260000000713,award,price+volume,derived,MI_FY2027_CompassMinerals_260000000713.pdf,33,https://www.michigan.gov/dtmb/-/media/Project/Websites/dtmb/Procurement/Contracts/022/260000000713.pdf?rev=044d384e33124f69856ff95f406d8b63&hash=EDE0618298A9461C637E9129261588D0,b42001c1d85bb1aa8af53b05e4da59e2a811f76be17396a0792a82e3a7a14675,2026-09-09T13:34:00,Gaylord,
MI,2027,2026/2027,True,Compass Minerals,Otsego,Early Fill,MiDEAL / State Agency,early_fill,delivered,USD/short ton,4500.0,79.1,355950.0,,260000000713,award,price+volume,derived,MI_FY2027_CompassMinerals_260000000713.pdf,36,https://www.michigan.gov/dtmb/-/media/Project/Websites/dtmb/Procurement/Contracts/022/260000000713.pdf?rev=044d384e33124f69856ff95f406d8b63&hash=EDE0618298A9461C637E9129261588D0,b42001c1d85bb1aa8af53b05e4da59e2a811f76be17396a0792a82e3a7a14675,2026-09-09T13:34:00,OTSEGO COUNTY ROAD COMMISSION,
MI,2027,2026/2027,True,Compass Minerals,Otsego,Early Fill,MiDEAL / State Agency,early_fill,delivered,USD/short ton,1000.0,79.1,79100.0,,260000000713,award,price+volume,derived,MI_FY2027_CompassMinerals_260000000713.pdf,36,https://www.michigan.gov/dtmb/-/media/Project/Websites/dtmb/Procurement/Contracts/022/260000000713.pdf?rev=044d384e33124f69856ff95f406d8b63&hash=EDE0618298A9461C637E9129261588D0,b42001c1d85bb1aa8af53b05e4da59e2a811f76be17396a0792a82e3a7a14675,2026-09-09T13:34:00,"GAYLORD, CITY OF",
MI,2027,2026/2027,True,Compass Minerals,Otsego,Seasonal Back-Up,MiDEAL / State Agency,seasonal_backup,delivered,USD/short ton,1000.0,80.93,80930.0,,260000000713,award,price+volume,derived,MI_FY2027_CompassMinerals_260000000713.pdf,39,https://www.michigan.gov/dtmb/-/media/Project/Websites/dtmb/Procurement/Contracts/022/260000000713.pdf?rev=044d384e33124f69856ff95f406d8b63&hash=EDE0618298A9461C637E9129261588D0,b42001c1d85bb1aa8af53b05e4da59e2a811f76be17396a0792a82e3a7a14675,2026-09-09T13:34:00,"GAYLORD, CITY OF",
MI,2027,2026/2027,True,Compass Minerals,Otsego,Seasonal Back-Up,MiDEAL / State Agency,seasonal_backup,delivered,USD/short ton,500.0,80.93,40465.0,,260000000713,award,price+volume,derived,MI_FY2027_CompassMinerals_260000000713.pdf,39,https://www.michigan.gov/dtmb/-/media/Project/Websites/dtmb/Procurement/Contracts/022/260000000713.pdf?rev=044d384e33124f69856ff95f406d8b63&hash=EDE0618298A9461C637E9129261588D0,b42001c1d85bb1aa8af53b05e4da59e2a811f76be17396a0792a82e3a7a14675,2026-09-09T13:34:00,OTSEGO COUNTY ROAD COMMISSION,
MI,2027,2026/2027,True,Compass Minerals,Ottawa,Early Fill,MiDEAL / State Agency,early_fill,delivered,USD/short ton,50.0,76.24,3812.0,,260000000713,award,price+volume,derived,MI_FY2027_CompassMinerals_260000000713.pdf,37,https://www.michigan.gov/dtmb/-/media/Project/Websites/dtmb/Procurement/Contracts/022/260000000713.pdf?rev=044d384e33124f69856ff95f406d8b63&hash=EDE0618298A9461C637E9129261588D0,b42001c1d85bb1aa8af53b05e4da59e2a811f76be17396a0792a82e3a7a14675,2026-09-09T13:34:00,OTTAWA COUNTY,
MI,2027,2026/2027,True,Compass Minerals,Ottawa,Early Fill,MiDEAL / State Agency,early_fill,delivered,USD/short ton,400.0,76.24,30496.0,,260000000713,award,price+volume,derived,MI_FY2027_CompassMinerals_260000000713.pdf,37,https://www.michigan.gov/dtmb/-/media/Project/Websites/dtmb/Procurement/Contracts/022/260000000713.pdf?rev=044d384e33124f69856ff95f406d8b63&hash=EDE0618298A9461C637E9129261588D0,b42001c1d85bb1aa8af53b05e4da59e2a811f76be17396a0792a82e3a7a14675,2026-09-09T13:34:00,"COOPERSVILLE, CITY OF",
MI,2027,2026/2027,True,Compass Minerals,Ottawa,Early Fill,MiDEAL / State Agency,early_fill,delivered,USD/short ton,350.0,76.24,26684.0,,260000000713,award,price+volume,derived,MI_FY2027_CompassMinerals_260000000713.pdf,37,https://www.michigan.gov/dtmb/-/media/Project/Websites/dtmb/Procurement/Contracts/022/260000000713.pdf?rev=044d384e33124f69856ff95f406d8b63&hash=EDE0618298A9461C637E9129261588D0,b42001c1d85bb1aa8af53b05e4da59e2a811f76be17396a0792a82e3a7a14675,2026-09-09T13:34:00,"FERRYSBURG, CITY OF",
MI,2027,2026/2027,True,Compass Minerals,Ottawa,Seasonal Back-Up,MiDEAL / State Agency,seasonal_backup,delivered,USD/short ton,50.0,72.03,3601.5,,260000000713,award,price+volume,derived,MI_FY2027_CompassMinerals_260000000713.pdf,40,https://www.michigan.gov/dtmb/-/media/Project/Websites/dtmb/Procurement/Contracts/022/260000000713.pdf?rev=044d384e33124f69856ff95f406d8b63&hash=EDE0618298A9461C637E9129261588D0,b42001c1d85bb1aa8af53b05e4da59e2a811f76be17396a0792a82e3a7a14675,2026-09-09T13:34:00,"FERRYSBURG, CITY OF",
MI,2027,2026/2027,True,Compass Minerals,Ottawa,Seasonal Back-Up,MiDEAL / State Agency,seasonal_backup,delivered,USD/short ton,5000.0,72.03,360150.0,,260000000713,award,price+volume,derived,MI_FY2027_CompassMinerals_260000000713.pdf,40,https://www.michigan.gov/dtmb/-/media/Project/Websites/dtmb/Procurement/Contracts/022/260000000713.pdf?rev=044d384e33124f69856ff95f406d8b63&hash=EDE0618298A9461C637E9129261588D0,b42001c1d85bb1aa8af53b05e4da59e2a811f76be17396a0792a82e3a7a14675,2026-09-09T13:34:00,OTTAWA COUNTY ROAD COMMISSION,
MI,2027,2026/2027,True,Compass Minerals,Ottawa,Seasonal Back-Up,MiDEAL / State Agency,seasonal_backup,delivered,USD/short ton,3000.0,72.03,216090.0,,260000000713,award,price+volume,derived,MI_FY2027_CompassMinerals_260000000713.pdf,40,https://www.michigan.gov/dtmb/-/media/Project/Websites/dtmb/Procurement/Contracts/022/260000000713.pdf?rev=044d384e33124f69856ff95f406d8b63&hash=EDE0618298A9461C637E9129261588D0,b42001c1d85bb1aa8af53b05e4da59e2a811f76be17396a0792a82e3a7a14675,2026-09-09T13:34:00,OTTAWA COUNTY ROAD COMMISSION,
MI,2027,2026/2027,True,Compass Minerals,Ottawa,Seasonal Back-Up,MiDEAL / State Agency,seasonal_backup,delivered,USD/short ton,8000.0,72.03,576240.0,,260000000713,award,price+volume,derived,MI_FY2027_CompassMinerals_260000000713.pdf,40,https://www.michigan.gov/dtmb/-/media/Project/Websites/dtmb/Procurement/Contracts/022/260000000713.pdf?rev=044d384e33124f69856ff95f406d8b63&hash=EDE0618298A9461C637E9129261588D0,b42001c1d85bb1aa8af53b05e4da59e2a811f76be17396a0792a82e3a7a14675,2026-09-09T13:34:00,OTTAWA COUNTY ROAD COMMISSION,
MI,2027,2026/2027,True,Compass Minerals,Ottawa,Seasonal Back-Up,MiDEAL / State Agency,seasonal_backup,delivered,USD/short ton,5000.0,72.03,360150.0,,260000000713,award,price+volume,derived,MI_FY2027_CompassMinerals_260000000713.pdf,40,https://www.michigan.gov/dtmb/-/media/Project/Websites/dtmb/Procurement/Contracts/022/260000000713.pdf?rev=044d384e33124f69856ff95f406d8b63&hash=EDE0618298A9461C637E9129261588D0,b42001c1d85bb1aa8af53b05e4da59e2a811f76be17396a0792a82e3a7a14675,2026-09-09T13:34:00,OTTAWA COUNTY ROAD COMMISSION,
MI,2027,2026/2027,True,Compass Minerals,Ottawa,Seasonal Back-Up,MiDEAL / State Agency,seasonal_backup,delivered,USD/short ton,250.0,72.03,18007.5,,260000000713,award,price+volume,derived,MI_FY2027_CompassMinerals_260000000713.pdf,40,https://www.michigan.gov/dtmb/-/media/Project/Websites/dtmb/Procurement/Contracts/022/260000000713.pdf?rev=044d384e33124f69856ff95f406d8b63&hash=EDE0618298A9461C637E9129261588D0,b42001c1d85bb1aa8af53b05e4da59e2a811f76be17396a0792a82e3a7a14675,2026-09-09T13:34:00,"SPRING LAKE, VILLAGE OF",
MI,2027,2026/2027,True,Compass Minerals,Ottawa,Seasonal Back-Up,MiDEAL / State Agency,seasonal_backup,delivered,USD/short ton,800.0,72.03,57624.0,,260000000713,award,price+volume,derived,MI_FY2027_CompassMinerals_260000000713.pdf,40,https://www.michigan.gov/dtmb/-/media/Project/Websites/dtmb/Procurement/Contracts/022/260000000713.pdf?rev=044d384e33124f69856ff95f406d8b63&hash=EDE0618298A9461C637E9129261588D0,b42001c1d85bb1aa8af53b05e4da59e2a811f76be17396a0792a82e3a7a14675,2026-09-09T13:34:00,"HUDSONVILLE, CITY OF",
MI,2027,2026/2027,True,Compass Minerals,Ottawa,Seasonal Back-Up,MiDEAL / State Agency,seasonal_backup,delivered,USD/short ton,100.0,72.03,7203.0,,260000000713,award,price+volume,derived,MI_FY2027_CompassMinerals_260000000713.pdf,40,https://www.michigan.gov/dtmb/-/media/Project/Websites/dtmb/Procurement/Contracts/022/260000000713.pdf?rev=044d384e33124f69856ff95f406d8b63&hash=EDE0618298A9461C637E9129261588D0,b42001c1d85bb1aa8af53b05e4da59e2a811f76be17396a0792a82e3a7a14675,2026-09-09T13:34:00,OTTAWA COUNTY,
MI,2027,2026/2027,True,Compass Minerals,Ottawa,Seasonal Back-Up,MiDEAL / State Agency,seasonal_backup,delivered,USD/short ton,200.0,72.03,14406.0,,260000000713,award,price+volume,derived,MI_FY2027_CompassMinerals_260000000713.pdf,40,https://www.michigan.gov/dtmb/-/media/Project/Websites/dtmb/Procurement/Contracts/022/260000000713.pdf?rev=044d384e33124f69856ff95f406d8b63&hash=EDE0618298A9461C637E9129261588D0,b42001c1d85bb1aa8af53b05e4da59e2a811f76be17396a0792a82e3a7a14675,2026-09-09T13:34:00,"COOPERSVILLE, CITY OF",
MI,2027,2026/2027,True,Compass Minerals,Ottawa,Seasonal Back-Up,MiDEAL / State Agency,seasonal_backup,delivered,USD/short ton,750.0,72.03,54022.5,,260000000713,award,price+volume,derived,MI_FY2027_CompassMinerals_260000000713.pdf,40,https://www.michigan.gov/dtmb/-/media/Project/Websites/dtmb/Procurement/Contracts/022/260000000713.pdf?rev=044d384e33124f69856ff95f406d8b63&hash=EDE0618298A9461C637E9129261588D0,b42001c1d85bb1aa8af53b05e4da59e2a811f76be17396a0792a82e3a7a14675,2026-09-09T13:34:00,"GRAND HAVEN, CITY OF",
MI,2027,2026/2027,True,Compass Minerals,Ottawa,Seasonal Back-Up,MiDEAL / State Agency,seasonal_backup,delivered,USD/short ton,800.0,72.03,57624.0,,260000000713,award,price+volume,derived,MI_FY2027_CompassMinerals_260000000713.pdf,40,https://www.michigan.gov/dtmb/-/media/Project/Websites/dtmb/Procurement/Contracts/022/260000000713.pdf?rev=044d384e33124f69856ff95f406d8b63&hash=EDE0618298A9461C637E9129261588D0,b42001c1d85bb1aa8af53b05e4da59e2a811f76be17396a0792a82e3a7a14675,2026-09-09T13:34:00,"ZEELAND, CITY OF",
MI,2027,2026/2027,True,Compass Minerals,Presque Isle,Early Fill,MDOT,early_fill,delivered,USD/short ton,100.0,81.77,8177.0,,260000000713,award,price+volume,derived,MI_FY2027_CompassMinerals_260000000713.pdf,29,https://www.michigan.gov/dtmb/-/media/Project/Websites/dtmb/Procurement/Contracts/022/260000000713.pdf?rev=044d384e33124f69856ff95f406d8b63&hash=EDE0618298A9461C637E9129261588D0,b42001c1d85bb1aa8af53b05e4da59e2a811f76be17396a0792a82e3a7a14675,2026-09-09T13:34:00,Onaway,
MI,2027,2026/2027,True,Compass Minerals,Presque Isle,Early Fill,MDOT,early_fill,delivered,USD/short ton,200.0,81.77,16354.0,,260000000713,award,price+volume,derived,MI_FY2027_CompassMinerals_260000000713.pdf,29,https://www.michigan.gov/dtmb/-/media/Project/Websites/dtmb/Procurement/Contracts/022/260000000713.pdf?rev=044d384e33124f69856ff95f406d8b63&hash=EDE0618298A9461C637E9129261588D0,b42001c1d85bb1aa8af53b05e4da59e2a811f76be17396a0792a82e3a7a14675,2026-09-09T13:34:00,Rogers City,
MI,2027,2026/2027,True,Compass Minerals,Presque Isle,Early Fill,MDOT,early_fill,delivered,USD/short ton,100.0,81.77,8177.0,,260000000713,award,price+volume,derived,MI_FY2027_CompassMinerals_260000000713.pdf,29,https://www.michigan.gov/dtmb/-/media/Project/Websites/dtmb/Procurement/Contracts/022/260000000713.pdf?rev=044d384e33124f69856ff95f406d8b63&hash=EDE0618298A9461C637E9129261588D0,b42001c1d85bb1aa8af53b05e4da59e2a811f76be17396a0792a82e3a7a14675,2026-09-09T13:34:00,Posen,
MI,2027,2026/2027,True,Compass Minerals,Presque Isle,Seasonal Back-Up,MDOT,seasonal_backup,delivered,USD/short ton,800.0,80.37,64296.0,,260000000713,award,price+volume,derived,MI_FY2027_CompassMinerals_260000000713.pdf,33,https://www.michigan.gov/dtmb/-/media/Project/Websites/dtmb/Procurement/Contracts/022/260000000713.pdf?rev=044d384e33124f69856ff95f406d8b63&hash=EDE0618298A9461C637E9129261588D0,b42001c1d85bb1aa8af53b05e4da59e2a811f76be17396a0792a82e3a7a14675,2026-09-09T13:34:00,Onaway,
MI,2027,2026/2027,True,Compass Minerals,Presque Isle,Seasonal Back-Up,MDOT,seasonal_backup,delivered,USD/short ton,800.0,80.37,64296.0,,260000000713,award,price+volume,derived,MI_FY2027_CompassMinerals_260000000713.pdf,33,https://www.michigan.gov/dtmb/-/media/Project/Websites/dtmb/Procurement/Contracts/022/260000000713.pdf?rev=044d384e33124f69856ff95f406d8b63&hash=EDE0618298A9461C637E9129261588D0,b42001c1d85bb1aa8af53b05e4da59e2a811f76be17396a0792a82e3a7a14675,2026-09-09T13:34:00,Rogers City,
MI,2027,2026/2027,True,Compass Minerals,Presque Isle,Seasonal Back-Up,MDOT,seasonal_backup,delivered,USD/short ton,900.0,80.37,72333.0,,260000000713,award,price+volume,derived,MI_FY2027_CompassMinerals_260000000713.pdf,33,https://www.michigan.gov/dtmb/-/media/Project/Websites/dtmb/Procurement/Contracts/022/260000000713.pdf?rev=044d384e33124f69856ff95f406d8b63&hash=EDE0618298A9461C637E9129261588D0,b42001c1d85bb1aa8af53b05e4da59e2a811f76be17396a0792a82e3a7a14675,2026-09-09T13:34:00,Posen,
MI,2027,2026/2027,True,Compass Minerals,Presque Isle,Early Fill,MiDEAL / State Agency,early_fill,delivered,USD/short ton,100.0,81.77,8177.0,,260000000713,award,price+volume,derived,MI_FY2027_CompassMinerals_260000000713.pdf,36,https://www.michigan.gov/dtmb/-/media/Project/Websites/dtmb/Procurement/Contracts/022/260000000713.pdf?rev=044d384e33124f69856ff95f406d8b63&hash=EDE0618298A9461C637E9129261588D0,b42001c1d85bb1aa8af53b05e4da59e2a811f76be17396a0792a82e3a7a14675,2026-09-09T13:34:00,PRESQUE ISLE COUNTY ROAD COMMISSION,
MI,2027,2026/2027,True,Compass Minerals,Presque Isle,Early Fill,MiDEAL / State Agency,early_fill,delivered,USD/short ton,100.0,81.77,8177.0,,260000000713,award,price+volume,derived,MI_FY2027_CompassMinerals_260000000713.pdf,36,https://www.michigan.gov/dtmb/-/media/Project/Websites/dtmb/Procurement/Contracts/022/260000000713.pdf?rev=044d384e33124f69856ff95f406d8b63&hash=EDE0618298A9461C637E9129261588D0,b42001c1d85bb1aa8af53b05e4da59e2a811f76be17396a0792a82e3a7a14675,2026-09-09T13:34:00,PRESQUE ISLE COUNTY ROAD COMMISSION,
MI,2027,2026/2027,True,Compass Minerals,Presque Isle,Early Fill,MiDEAL / State Agency,early_fill,delivered,USD/short ton,700.0,81.77,57239.0,,260000000713,award,price+volume,derived,MI_FY2027_CompassMinerals_260000000713.pdf,36,https://www.michigan.gov/dtmb/-/media/Project/Websites/dtmb/Procurement/Contracts/022/260000000713.pdf?rev=044d384e33124f69856ff95f406d8b63&hash=EDE0618298A9461C637E9129261588D0,b42001c1d85bb1aa8af53b05e4da59e2a811f76be17396a0792a82e3a7a14675,2026-09-09T13:34:00,"ROGERS CITY, CITY OF",
MI,2027,2026/2027,True,Compass Minerals,Presque Isle,Seasonal Back-Up,MiDEAL / State Agency,seasonal_backup,delivered,USD/short ton,100.0,80.37,8037.0,,260000000713,award,price+volume,derived,MI_FY2027_CompassMinerals_260000000713.pdf,39,https://www.michigan.gov/dtmb/-/media/Project/Websites/dtmb/Procurement/Contracts/022/260000000713.pdf?rev=044d384e33124f69856ff95f406d8b63&hash=EDE0618298A9461C637E9129261588D0,b42001c1d85bb1aa8af53b05e4da59e2a811f76be17396a0792a82e3a7a14675,2026-09-09T13:34:00,"ROGERS CITY, CITY OF",
MI,2027,2026/2027,True,Compass Minerals,Presque Isle,Seasonal Back-Up,MiDEAL / State Agency,seasonal_backup,delivered,USD/short ton,700.0,80.37,56259.0,,260000000713,award,price+volume,derived,MI_FY2027_CompassMinerals_260000000713.pdf,39,https://www.michigan.gov/dtmb/-/media/Project/Websites/dtmb/Procurement/Contracts/022/260000000713.pdf?rev=044d384e33124f69856ff95f406d8b63&hash=EDE0618298A9461C637E9129261588D0,b42001c1d85bb1aa8af53b05e4da59e2a811f76be17396a0792a82e3a7a14675,2026-09-09T13:34:00,PRESQUE ISLE COUNTY ROAD COMMISSION,
MI,2027,2026/2027,True,Compass Minerals,Presque Isle,Seasonal Back-Up,MiDEAL / State Agency,seasonal_backup,delivered,USD/short ton,500.0,80.37,40185.0,,260000000713,award,price+volume,derived,MI_FY2027_CompassMinerals_260000000713.pdf,39,https://www.michigan.gov/dtmb/-/media/Project/Websites/dtmb/Procurement/Contracts/022/260000000713.pdf?rev=044d384e33124f69856ff95f406d8b63&hash=EDE0618298A9461C637E9129261588D0,b42001c1d85bb1aa8af53b05e4da59e2a811f76be17396a0792a82e3a7a14675,2026-09-09T13:34:00,PRESQUE ISLE COUNTY ROAD COMMISSION,
MI,2027,2026/2027,True,Compass Minerals,Presque Isle,Seasonal Back-Up,MiDEAL / State Agency,seasonal_backup,delivered,USD/short ton,800.0,80.37,64296.0,,260000000713,award,price+volume,derived,MI_FY2027_CompassMinerals_260000000713.pdf,39,https://www.michigan.gov/dtmb/-/media/Project/Websites/dtmb/Procurement/Contracts/022/260000000713.pdf?rev=044d384e33124f69856ff95f406d8b63&hash=EDE0618298A9461C637E9129261588D0,b42001c1d85bb1aa8af53b05e4da59e2a811f76be17396a0792a82e3a7a14675,2026-09-09T13:34:00,PRESQUE ISLE COUNTY ROAD COMMISSION,
MI,2027,2026/2027,True,Compass Minerals,Roscommon,Seasonal Back-Up,MDOT,seasonal_backup,delivered,USD/short ton,300.0,79.68,23904.0,,260000000713,award,price+volume,derived,MI_FY2027_CompassMinerals_260000000713.pdf,33,https://www.michigan.gov/dtmb/-/media/Project/Websites/dtmb/Procurement/Contracts/022/260000000713.pdf?rev=044d384e33124f69856ff95f406d8b63&hash=EDE0618298A9461C637E9129261588D0,b42001c1d85bb1aa8af53b05e4da59e2a811f76be17396a0792a82e3a7a14675,2026-09-09T13:34:00,Houghton Lake,
MI,2027,2026/2027,True,Compass Minerals,Roscommon,Seasonal Back-Up,MDOT,seasonal_backup,delivered,USD/short ton,2600.0,79.68,207168.0,,260000000713,award,price+volume,derived,MI_FY2027_CompassMinerals_260000000713.pdf,33,https://www.michigan.gov/dtmb/-/media/Project/Websites/dtmb/Procurement/Contracts/022/260000000713.pdf?rev=044d384e33124f69856ff95f406d8b63&hash=EDE0618298A9461C637E9129261588D0,b42001c1d85bb1aa8af53b05e4da59e2a811f76be17396a0792a82e3a7a14675,2026-09-09T13:34:00,Prudenville,
MI,2027,2026/2027,True,Compass Minerals,Roscommon,Seasonal Back-Up,MDOT,seasonal_backup,delivered,USD/short ton,100.0,79.68,7968.0,,260000000713,award,price+volume,derived,MI_FY2027_CompassMinerals_260000000713.pdf,33,https://www.michigan.gov/dtmb/-/media/Project/Websites/dtmb/Procurement/Contracts/022/260000000713.pdf?rev=044d384e33124f69856ff95f406d8b63&hash=EDE0618298A9461C637E9129261588D0,b42001c1d85bb1aa8af53b05e4da59e2a811f76be17396a0792a82e3a7a14675,2026-09-09T13:34:00,Roscommon,
MI,2027,2026/2027,True,Compass Minerals,Roscommon,Seasonal Back-Up,MiDEAL / State Agency,seasonal_backup,delivered,USD/short ton,150.0,79.68,11952.0,,260000000713,award,price+volume,derived,MI_FY2027_CompassMinerals_260000000713.pdf,39,https://www.michigan.gov/dtmb/-/media/Project/Websites/dtmb/Procurement/Contracts/022/260000000713.pdf?rev=044d384e33124f69856ff95f406d8b63&hash=EDE0618298A9461C637E9129261588D0,b42001c1d85bb1aa8af53b05e4da59e2a811f76be17396a0792a82e3a7a14675,2026-09-09T13:34:00,ROSCOMMON COUNTY ROAD COMMISSION,
MI,2027,2026/2027,True,Compass Minerals,Roscommon,Seasonal Back-Up,MiDEAL / State Agency,seasonal_backup,delivered,USD/short ton,3100.0,79.68,247008.0,,260000000713,award,price+volume,derived,MI_FY2027_CompassMinerals_260000000713.pdf,39,https://www.michigan.gov/dtmb/-/media/Project/Websites/dtmb/Procurement/Contracts/022/260000000713.pdf?rev=044d384e33124f69856ff95f406d8b63&hash=EDE0618298A9461C637E9129261588D0,b42001c1d85bb1aa8af53b05e4da59e2a811f76be17396a0792a82e3a7a14675,2026-09-09T13:34:00,ROSCOMMON COUNTY ROAD COMMISSION,
MI,2027,2026/2027,True,Compass Minerals,Roscommon,Seasonal Back-Up,MiDEAL / State Agency,seasonal_backup,delivered,USD/short ton,100.0,79.68,7968.0,,260000000713,award,price+volume,derived,MI_FY2027_CompassMinerals_260000000713.pdf,39,https://www.michigan.gov/dtmb/-/media/Project/Websites/dtmb/Procurement/Contracts/022/260000000713.pdf?rev=044d384e33124f69856ff95f406d8b63&hash=EDE0618298A9461C637E9129261588D0,b42001c1d85bb1aa8af53b05e4da59e2a811f76be17396a0792a82e3a7a14675,2026-09-09T13:34:00,ROSCOMMON COUNTY ROAD COMMISSION,
MI,2027,2026/2027,True,Compass Minerals,Saginaw,Seasonal Back-Up,MDOT,seasonal_backup,delivered,USD/short ton,1000.0,56.99,56990.0,,260000000713,award,price+volume,derived,MI_FY2027_CompassMinerals_260000000713.pdf,34,https://www.michigan.gov/dtmb/-/media/Project/Websites/dtmb/Procurement/Contracts/022/260000000713.pdf?rev=044d384e33124f69856ff95f406d8b63&hash=EDE0618298A9461C637E9129261588D0,b42001c1d85bb1aa8af53b05e4da59e2a811f76be17396a0792a82e3a7a14675,2026-09-09T13:34:00,Saginaw West,
MI,2027,2026/2027,True,Compass Minerals,Saginaw,Seasonal Back-Up,MDOT,seasonal_backup,delivered,USD/short ton,2000.0,56.99,113980.0,,260000000713,award,price+volume,derived,MI_FY2027_CompassMinerals_260000000713.pdf,34,https://www.michigan.gov/dtmb/-/media/Project/Websites/dtmb/Procurement/Contracts/022/260000000713.pdf?rev=044d384e33124f69856ff95f406d8b63&hash=EDE0618298A9461C637E9129261588D0,b42001c1d85bb1aa8af53b05e4da59e2a811f76be17396a0792a82e3a7a14675,2026-09-09T13:34:00,Saginaw East,
MI,2027,2026/2027,True,Compass Minerals,Saginaw,Seasonal Back-Up,MiDEAL / State Agency,seasonal_backup,delivered,USD/short ton,50.0,56.99,2849.5,,260000000713,award,price+volume,derived,MI_FY2027_CompassMinerals_260000000713.pdf,40,https://www.michigan.gov/dtmb/-/media/Project/Websites/dtmb/Procurement/Contracts/022/260000000713.pdf?rev=044d384e33124f69856ff95f406d8b63&hash=EDE0618298A9461C637E9129261588D0,b42001c1d85bb1aa8af53b05e4da59e2a811f76be17396a0792a82e3a7a14675,2026-09-09T13:34:00,SAGINAW COUNTY,
MI,2027,2026/2027,True,Compass Minerals,Saginaw,Seasonal Back-Up,MiDEAL / State Agency,seasonal_backup,delivered,USD/short ton,2500.0,56.99,142475.0,,260000000713,award,price+volume,derived,MI_FY2027_CompassMinerals_260000000713.pdf,40,https://www.michigan.gov/dtmb/-/media/Project/Websites/dtmb/Procurement/Contracts/022/260000000713.pdf?rev=044d384e33124f69856ff95f406d8b63&hash=EDE0618298A9461C637E9129261588D0,b42001c1d85bb1aa8af53b05e4da59e2a811f76be17396a0792a82e3a7a14675,2026-09-09T13:34:00,"SAGINAW, CITY OF",
MI,2027,2026/2027,True,Compass Minerals,Saginaw,Seasonal Back-Up,MiDEAL / State Agency,seasonal_backup,delivered,USD/short ton,150.0,56.99,8548.5,,260000000713,award,price+volume,derived,MI_FY2027_CompassMinerals_260000000713.pdf,40,https://www.michigan.gov/dtmb/-/media/Project/Websites/dtmb/Procurement/Contracts/022/260000000713.pdf?rev=044d384e33124f69856ff95f406d8b63&hash=EDE0618298A9461C637E9129261588D0,b42001c1d85bb1aa8af53b05e4da59e2a811f76be17396a0792a82e3a7a14675,2026-09-09T13:34:00,"BIRCH RUN, VILLAGE OF",
MI,2027,2026/2027,True,Compass Minerals,Saginaw,Seasonal Back-Up,MiDEAL / State Agency,seasonal_backup,delivered,USD/short ton,50.0,56.99,2849.5,,260000000713,award,price+volume,derived,MI_FY2027_CompassMinerals_260000000713.pdf,40,https://www.michigan.gov/dtmb/-/media/Project/Websites/dtmb/Procurement/Contracts/022/260000000713.pdf?rev=044d384e33124f69856ff95f406d8b63&hash=EDE0618298A9461C637E9129261588D0,b42001c1d85bb1aa8af53b05e4da59e2a811f76be17396a0792a82e3a7a14675,2026-09-09T13:34:00,City of Zilwaukee,
MI,2027,2026/2027,True,Compass Minerals,Saginaw,Seasonal Back-Up,MiDEAL / State Agency,seasonal_backup,delivered,USD/short ton,100.0,56.99,5699.0,,260000000713,award,price+volume,derived,MI_FY2027_CompassMinerals_260000000713.pdf,40,https://www.michigan.gov/dtmb/-/media/Project/Websites/dtmb/Procurement/Contracts/022/260000000713.pdf?rev=044d384e33124f69856ff95f406d8b63&hash=EDE0618298A9461C637E9129261588D0,b42001c1d85bb1aa8af53b05e4da59e2a811f76be17396a0792a82e3a7a14675,2026-09-09T13:34:00,SAGINAW VALLEY STATE UNIVERSITY,
MI,2027,2026/2027,True,Compass Minerals,Saginaw,Seasonal Back-Up,MiDEAL / State Agency,seasonal_backup,delivered,USD/short ton,5000.0,56.99,284950.0,,260000000713,award,price+volume,derived,MI_FY2027_CompassMinerals_260000000713.pdf,40,https://www.michigan.gov/dtmb/-/media/Project/Websites/dtmb/Procurement/Contracts/022/260000000713.pdf?rev=044d384e33124f69856ff95f406d8b63&hash=EDE0618298A9461C637E9129261588D0,b42001c1d85bb1aa8af53b05e4da59e2a811f76be17396a0792a82e3a7a14675,2026-09-09T13:34:00,SAGINAW COUNTY ROAD COMMISSION,
MI,2027,2026/2027,True,Compass Minerals,Saginaw,Seasonal Back-Up,MiDEAL / State Agency,seasonal_backup,delivered,USD/short ton,2000.0,56.99,113980.0,,260000000713,award,price+volume,derived,MI_FY2027_CompassMinerals_260000000713.pdf,40,https://www.michigan.gov/dtmb/-/media/Project/Websites/dtmb/Procurement/Contracts/022/260000000713.pdf?rev=044d384e33124f69856ff95f406d8b63&hash=EDE0618298A9461C637E9129261588D0,b42001c1d85bb1aa8af53b05e4da59e2a811f76be17396a0792a82e3a7a14675,2026-09-09T13:34:00,SAGINAW COUNTY ROAD COMMISSION,
MI,2027,2026/2027,True,Compass Minerals,Saginaw,Seasonal Back-Up,MiDEAL / State Agency,seasonal_backup,delivered,USD/short ton,2500.0,56.99,142475.0,,260000000713,award,price+volume,derived,MI_FY2027_CompassMinerals_260000000713.pdf,40,https://www.michigan.gov/dtmb/-/media/Project/Websites/dtmb/Procurement/Contracts/022/260000000713.pdf?rev=044d384e33124f69856ff95f406d8b63&hash=EDE0618298A9461C637E9129261588D0,b42001c1d85bb1aa8af53b05e4da59e2a811f76be17396a0792a82e3a7a14675,2026-09-09T13:34:00,SAGINAW COUNTY ROAD COMMISSION,
MI,2027,2026/2027,True,Compass Minerals,Saginaw,Seasonal Back-Up,MiDEAL / State Agency,seasonal_backup,delivered,USD/short ton,450.0,56.99,25645.5,,260000000713,award,price+volume,derived,MI_FY2027_CompassMinerals_260000000713.pdf,40,https://www.michigan.gov/dtmb/-/media/Project/Websites/dtmb/Procurement/Contracts/022/260000000713.pdf?rev=044d384e33124f69856ff95f406d8b63&hash=EDE0618298A9461C637E9129261588D0,b42001c1d85bb1aa8af53b05e4da59e2a811f76be17396a0792a82e3a7a14675,2026-09-09T13:34:00,"FRANKENMUTH, CITY OF",
MI,2027,2026/2027,True,Compass Minerals,Saginaw,Seasonal Back-Up,MiDEAL / State Agency,seasonal_backup,delivered,USD/short ton,50.0,56.99,2849.5,,260000000713,award,price+volume,derived,MI_FY2027_CompassMinerals_260000000713.pdf,40,https://www.michigan.gov/dtmb/-/media/Project/Websites/dtmb/Procurement/Contracts/022/260000000713.pdf?rev=044d384e33124f69856ff95f406d8b63&hash=EDE0618298A9461C637E9129261588D0,b42001c1d85bb1aa8af53b05e4da59e2a811f76be17396a0792a82e3a7a14675,2026-09-09T13:34:00,"ST. CHARLES, VILLAGE OF",
MI,2027,2026/2027,True,Compass Minerals,Saginaw,Seasonal Back-Up,MiDEAL / State Agency,seasonal_backup,delivered,USD/short ton,50.0,56.99,2849.5,,260000000713,award,price+volume,derived,MI_FY2027_CompassMinerals_260000000713.pdf,40,https://www.michigan.gov/dtmb/-/media/Project/Websites/dtmb/Procurement/Contracts/022/260000000713.pdf?rev=044d384e33124f69856ff95f406d8b63&hash=EDE0618298A9461C637E9129261588D0,b42001c1d85bb1aa8af53b05e4da59e2a811f76be17396a0792a82e3a7a14675,2026-09-09T13:34:00,"CHESANING, VILLAGE OF",
MI,2027,2026/2027,True,Compass Minerals,Schoolcraft,Early Fill,MDOT,early_fill,delivered,USD/short ton,2250.0,89.23,200767.5,,260000000713,award,price+volume,derived,MI_FY2027_CompassMinerals_260000000713.pdf,28,https://www.michigan.gov/dtmb/-/media/Project/Websites/dtmb/Procurement/Contracts/022/260000000713.pdf?rev=044d384e33124f69856ff95f406d8b63&hash=EDE0618298A9461C637E9129261588D0,b42001c1d85bb1aa8af53b05e4da59e2a811f76be17396a0792a82e3a7a14675,2026-09-09T13:34:00,Manistique,
MI,2027,2026/2027,True,Compass Minerals,Schoolcraft,Early Fill,MDOT,early_fill,delivered,USD/short ton,2900.0,89.23,258767.0,,260000000713,award,price+volume,derived,MI_FY2027_CompassMinerals_260000000713.pdf,28,https://www.michigan.gov/dtmb/-/media/Project/Websites/dtmb/Procurement/Contracts/022/260000000713.pdf?rev=044d384e33124f69856ff95f406d8b63&hash=EDE0618298A9461C637E9129261588D0,b42001c1d85bb1aa8af53b05e4da59e2a811f76be17396a0792a82e3a7a14675,2026-09-09T13:34:00,Seney,
MI,2027,2026/2027,True,Compass Minerals,Schoolcraft,Seasonal Back-Up,MDOT,seasonal_backup,delivered,USD/short ton,2050.0,93.13,190916.5,,260000000713,award,price+volume,derived,MI_FY2027_CompassMinerals_260000000713.pdf,32,https://www.michigan.gov/dtmb/-/media/Project/Websites/dtmb/Procurement/Contracts/022/260000000713.pdf?rev=044d384e33124f69856ff95f406d8b63&hash=EDE0618298A9461C637E9129261588D0,b42001c1d85bb1aa8af53b05e4da59e2a811f76be17396a0792a82e3a7a14675,2026-09-09T13:34:00,Manistique,
MI,2027,2026/2027,True,Compass Minerals,Schoolcraft,Seasonal Back-Up,MDOT,seasonal_backup,delivered,USD/short ton,250.0,93.13,23282.5,,260000000713,award,price+volume,derived,MI_FY2027_CompassMinerals_260000000713.pdf,32,https://www.michigan.gov/dtmb/-/media/Project/Websites/dtmb/Procurement/Contracts/022/260000000713.pdf?rev=044d384e33124f69856ff95f406d8b63&hash=EDE0618298A9461C637E9129261588D0,b42001c1d85bb1aa8af53b05e4da59e2a811f76be17396a0792a82e3a7a14675,2026-09-09T13:34:00,Seney,
MI,2027,2026/2027,True,Compass Minerals,Schoolcraft,Early Fill,MiDEAL / State Agency,early_fill,delivered,USD/short ton,500.0,89.23,44615.0,,260000000713,award,price+volume,derived,MI_FY2027_CompassMinerals_260000000713.pdf,36,https://www.michigan.gov/dtmb/-/media/Project/Websites/dtmb/Procurement/Contracts/022/260000000713.pdf?rev=044d384e33124f69856ff95f406d8b63&hash=EDE0618298A9461C637E9129261588D0,b42001c1d85bb1aa8af53b05e4da59e2a811f76be17396a0792a82e3a7a14675,2026-09-09T13:34:00,"MANISTIQUE, CITY OF",
MI,2027,2026/2027,True,Compass Minerals,Schoolcraft,Early Fill,MiDEAL / State Agency,early_fill,delivered,USD/short ton,600.0,89.23,53538.0,,260000000713,award,price+volume,derived,MI_FY2027_CompassMinerals_260000000713.pdf,36,https://www.michigan.gov/dtmb/-/media/Project/Websites/dtmb/Procurement/Contracts/022/260000000713.pdf?rev=044d384e33124f69856ff95f406d8b63&hash=EDE0618298A9461C637E9129261588D0,b42001c1d85bb1aa8af53b05e4da59e2a811f76be17396a0792a82e3a7a14675,2026-09-09T13:34:00,SCHOOLCRAFT COUNTY ROAD COMMISSION,
MI,2027,2026/2027,True,Compass Minerals,Schoolcraft,Early Fill,MiDEAL / State Agency,early_fill,delivered,USD/short ton,300.0,89.23,26769.0,,260000000713,award,price+volume,derived,MI_FY2027_CompassMinerals_260000000713.pdf,36,https://www.michigan.gov/dtmb/-/media/Project/Websites/dtmb/Procurement/Contracts/022/260000000713.pdf?rev=044d384e33124f69856ff95f406d8b63&hash=EDE0618298A9461C637E9129261588D0,b42001c1d85bb1aa8af53b05e4da59e2a811f76be17396a0792a82e3a7a14675,2026-09-09T13:34:00,SCHOOLCRAFT COUNTY ROAD COMMISSION,
MI,2027,2026/2027,True,Compass Minerals,Schoolcraft,Seasonal Back-Up,MiDEAL / State Agency,seasonal_backup,delivered,USD/short ton,600.0,93.13,55878.0,,260000000713,award,price+volume,derived,MI_FY2027_CompassMinerals_260000000713.pdf,38,https://www.michigan.gov/dtmb/-/media/Project/Websites/dtmb/Procurement/Contracts/022/260000000713.pdf?rev=044d384e33124f69856ff95f406d8b63&hash=EDE0618298A9461C637E9129261588D0,b42001c1d85bb1aa8af53b05e4da59e2a811f76be17396a0792a82e3a7a14675,2026-09-09T13:34:00,SCHOOLCRAFT COUNTY ROAD COMMISSION,
MI,2027,2026/2027,True,Compass Minerals,Schoolcraft,Seasonal Back-Up,MiDEAL / State Agency,seasonal_backup,delivered,USD/short ton,250.0,93.13,23282.5,,260000000713,award,price+volume,derived,MI_FY2027_CompassMinerals_260000000713.pdf,38,https://www.michigan.gov/dtmb/-/media/Project/Websites/dtmb/Procurement/Contracts/022/260000000713.pdf?rev=044d384e33124f69856ff95f406d8b63&hash=EDE0618298A9461C637E9129261588D0,b42001c1d85bb1aa8af53b05e4da59e2a811f76be17396a0792a82e3a7a14675,2026-09-09T13:34:00,SCHOOLCRAFT COUNTY ROAD COMMISSION,
MI,2027,2026/2027,True,Compass Minerals,Schoolcraft,Seasonal Back-Up,MiDEAL / State Agency,seasonal_backup,delivered,USD/short ton,200.0,93.13,18626.0,,260000000713,award,price+volume,derived,MI_FY2027_CompassMinerals_260000000713.pdf,38,https://www.michigan.gov/dtmb/-/media/Project/Websites/dtmb/Procurement/Contracts/022/260000000713.pdf?rev=044d384e33124f69856ff95f406d8b63&hash=EDE0618298A9461C637E9129261588D0,b42001c1d85bb1aa8af53b05e4da59e2a811f76be17396a0792a82e3a7a14675,2026-09-09T13:34:00,"MANISTIQUE, CITY OF",
MI,2027,2026/2027,True,Compass Minerals,Wexford,Seasonal Back-Up,MDOT,seasonal_backup,delivered,USD/short ton,800.0,83.18,66544.0,,260000000713,award,price+volume,derived,MI_FY2027_CompassMinerals_260000000713.pdf,33,https://www.michigan.gov/dtmb/-/media/Project/Websites/dtmb/Procurement/Contracts/022/260000000713.pdf?rev=044d384e33124f69856ff95f406d8b63&hash=EDE0618298A9461C637E9129261588D0,b42001c1d85bb1aa8af53b05e4da59e2a811f76be17396a0792a82e3a7a14675,2026-09-09T13:34:00,Cadillac,
MI,2027,2026/2027,True,Compass Minerals,Wexford,Seasonal Back-Up,MDOT,seasonal_backup,delivered,USD/short ton,1500.0,83.18,124770.0,,260000000713,award,price+volume,derived,MI_FY2027_CompassMinerals_260000000713.pdf,33,https://www.michigan.gov/dtmb/-/media/Project/Websites/dtmb/Procurement/Contracts/022/260000000713.pdf?rev=044d384e33124f69856ff95f406d8b63&hash=EDE0618298A9461C637E9129261588D0,b42001c1d85bb1aa8af53b05e4da59e2a811f76be17396a0792a82e3a7a14675,2026-09-09T13:34:00,Boon,
MI,2027,2026/2027,True,Compass Minerals,Wexford,Seasonal Back-Up,MiDEAL / State Agency,seasonal_backup,delivered,USD/short ton,1000.0,83.18,83180.0,,260000000713,award,price+volume,derived,MI_FY2027_CompassMinerals_260000000713.pdf,39,https://www.michigan.gov/dtmb/-/media/Project/Websites/dtmb/Procurement/Contracts/022/260000000713.pdf?rev=044d384e33124f69856ff95f406d8b63&hash=EDE0618298A9461C637E9129261588D0,b42001c1d85bb1aa8af53b05e4da59e2a811f76be17396a0792a82e3a7a14675,2026-09-09T13:34:00,WEXFORD COUNTY ROAD COMMISSION,
MI,2027,2026/2027,True,Compass Minerals,Wexford,Seasonal Back-Up,MiDEAL / State Agency,seasonal_backup,delivered,USD/short ton,200.0,83.18,16636.0,,260000000713,award,price+volume,derived,MI_FY2027_CompassMinerals_260000000713.pdf,39,https://www.michigan.gov/dtmb/-/media/Project/Websites/dtmb/Procurement/Contracts/022/260000000713.pdf?rev=044d384e33124f69856ff95f406d8b63&hash=EDE0618298A9461C637E9129261588D0,b42001c1d85bb1aa8af53b05e4da59e2a811f76be17396a0792a82e3a7a14675,2026-09-09T13:34:00,WEXFORD COUNTY ROAD COMMISSION,
MI,2027,2026/2027,True,Detroit Salt,Allegan,Early Fill,MDOT,early_fill,delivered,USD/short ton,2500.0,69.78,174450.0,,260000000712,award,price+volume,derived,MI_FY2027_DetroitSalt_260000000712.pdf,28,https://www.michigan.gov/dtmb/-/media/Project/Websites/dtmb/Procurement/Contracts/MiDEAL/002/260000000712.pdf?rev=8d4ed14d634d466fa9207bb1d92c2458&hash=AAB40CFD3A7E1C61C7C17CA7044DBB4B,79cde6947d8c40afaaa6880a47e91c0cbcc4dd6d45876106c1492033bd40ce51,2026-09-09T13:33:59,Fennville,
MI,2027,2026/2027,True,Detroit Salt,Allegan,Early Fill,MDOT,early_fill,delivered,USD/short ton,2000.0,69.78,139560.0,,260000000712,award,price+volume,derived,MI_FY2027_DetroitSalt_260000000712.pdf,28,https://www.michigan.gov/dtmb/-/media/Project/Websites/dtmb/Procurement/Contracts/MiDEAL/002/260000000712.pdf?rev=8d4ed14d634d466fa9207bb1d92c2458&hash=AAB40CFD3A7E1C61C7C17CA7044DBB4B,79cde6947d8c40afaaa6880a47e91c0cbcc4dd6d45876106c1492033bd40ce51,2026-09-09T13:33:59,Plainwell,
MI,2027,2026/2027,True,Detroit Salt,Allegan,Early Fill,MiDEAL / State Agency,early_fill,delivered,USD/short ton,100.0,69.78,6978.0,,260000000712,award,price+volume,derived,MI_FY2027_DetroitSalt_260000000712.pdf,35,https://www.michigan.gov/dtmb/-/media/Project/Websites/dtmb/Procurement/Contracts/MiDEAL/002/260000000712.pdf?rev=8d4ed14d634d466fa9207bb1d92c2458&hash=AAB40CFD3A7E1C61C7C17CA7044DBB4B,79cde6947d8c40afaaa6880a47e91c0cbcc4dd6d45876106c1492033bd40ce51,2026-09-09T13:33:59,"SAUGATUCK, CITY OF",
MI,2027,2026/2027,True,Detroit Salt,Allegan,Early Fill,MiDEAL / State Agency,early_fill,delivered,USD/short ton,50.0,69.78,3489.0,,260000000712,award,price+volume,derived,MI_FY2027_DetroitSalt_260000000712.pdf,35,https://www.michigan.gov/dtmb/-/media/Project/Websites/dtmb/Procurement/Contracts/MiDEAL/002/260000000712.pdf?rev=8d4ed14d634d466fa9207bb1d92c2458&hash=AAB40CFD3A7E1C61C7C17CA7044DBB4B,79cde6947d8c40afaaa6880a47e91c0cbcc4dd6d45876106c1492033bd40ce51,2026-09-09T13:33:59,WAYLAND UNION SCHOOLS,
MI,2027,2026/2027,True,Detroit Salt,Allegan,Early Fill,MiDEAL / State Agency,early_fill,delivered,USD/short ton,100.0,69.78,6978.0,,260000000712,award,price+volume,derived,MI_FY2027_DetroitSalt_260000000712.pdf,35,https://www.michigan.gov/dtmb/-/media/Project/Websites/dtmb/Procurement/Contracts/MiDEAL/002/260000000712.pdf?rev=8d4ed14d634d466fa9207bb1d92c2458&hash=AAB40CFD3A7E1C61C7C17CA7044DBB4B,79cde6947d8c40afaaa6880a47e91c0cbcc4dd6d45876106c1492033bd40ce51,2026-09-09T13:33:59,"PLAINWELL, CITY OF",
MI,2027,2026/2027,True,Detroit Salt,Allegan,Early Fill,MiDEAL / State Agency,early_fill,delivered,USD/short ton,200.0,69.78,13956.0,,260000000712,award,price+volume,derived,MI_FY2027_DetroitSalt_260000000712.pdf,35,https://www.michigan.gov/dtmb/-/media/Project/Websites/dtmb/Procurement/Contracts/MiDEAL/002/260000000712.pdf?rev=8d4ed14d634d466fa9207bb1d92c2458&hash=AAB40CFD3A7E1C61C7C17CA7044DBB4B,79cde6947d8c40afaaa6880a47e91c0cbcc4dd6d45876106c1492033bd40ce51,2026-09-09T13:33:59,"OTSEGO, CITY OF",
MI,2027,2026/2027,True,Detroit Salt,Allegan,Early Fill,MiDEAL / State Agency,early_fill,delivered,USD/short ton,750.0,69.78,52335.0,,260000000712,award,price+volume,derived,MI_FY2027_DetroitSalt_260000000712.pdf,35,https://www.michigan.gov/dtmb/-/media/Project/Websites/dtmb/Procurement/Contracts/MiDEAL/002/260000000712.pdf?rev=8d4ed14d634d466fa9207bb1d92c2458&hash=AAB40CFD3A7E1C61C7C17CA7044DBB4B,79cde6947d8c40afaaa6880a47e91c0cbcc4dd6d45876106c1492033bd40ce51,2026-09-09T13:33:59,ALLEGAN COUNTY ROAD COMMISSION,
MI,2027,2026/2027,True,Detroit Salt,Allegan,Early Fill,MiDEAL / State Agency,early_fill,delivered,USD/short ton,1500.0,69.78,104670.0,,260000000712,award,price+volume,derived,MI_FY2027_DetroitSalt_260000000712.pdf,35,https://www.michigan.gov/dtmb/-/media/Project/Websites/dtmb/Procurement/Contracts/MiDEAL/002/260000000712.pdf?rev=8d4ed14d634d466fa9207bb1d92c2458&hash=AAB40CFD3A7E1C61C7C17CA7044DBB4B,79cde6947d8c40afaaa6880a47e91c0cbcc4dd6d45876106c1492033bd40ce51,2026-09-09T13:33:59,ALLEGAN COUNTY ROAD COMMISSION,
MI,2027,2026/2027,True,Detroit Salt,Allegan,Early Fill,MiDEAL / State Agency,early_fill,delivered,USD/short ton,1500.0,69.78,104670.0,,260000000712,award,price+volume,derived,MI_FY2027_DetroitSalt_260000000712.pdf,35,https://www.michigan.gov/dtmb/-/media/Project/Websites/dtmb/Procurement/Contracts/MiDEAL/002/260000000712.pdf?rev=8d4ed14d634d466fa9207bb1d92c2458&hash=AAB40CFD3A7E1C61C7C17CA7044DBB4B,79cde6947d8c40afaaa6880a47e91c0cbcc4dd6d45876106c1492033bd40ce51,2026-09-09T13:33:59,ALLEGAN COUNTY ROAD COMMISSION,
MI,2027,2026/2027,True,Detroit Salt,Allegan,Early Fill,MiDEAL / State Agency,early_fill,delivered,USD/short ton,1500.0,69.78,104670.0,,260000000712,award,price+volume,derived,MI_FY2027_DetroitSalt_260000000712.pdf,35,https://www.michigan.gov/dtmb/-/media/Project/Websites/dtmb/Procurement/Contracts/MiDEAL/002/260000000712.pdf?rev=8d4ed14d634d466fa9207bb1d92c2458&hash=AAB40CFD3A7E1C61C7C17CA7044DBB4B,79cde6947d8c40afaaa6880a47e91c0cbcc4dd6d45876106c1492033bd40ce51,2026-09-09T13:33:59,ALLEGAN COUNTY ROAD COMMISSION,
MI,2027,2026/2027,True,Detroit Salt,Allegan,Early Fill,MiDEAL / State Agency,early_fill,delivered,USD/short ton,50.0,69.78,3489.0,,260000000712,award,price+volume,derived,MI_FY2027_DetroitSalt_260000000712.pdf,35,https://www.michigan.gov/dtmb/-/media/Project/Websites/dtmb/Procurement/Contracts/MiDEAL/002/260000000712.pdf?rev=8d4ed14d634d466fa9207bb1d92c2458&hash=AAB40CFD3A7E1C61C7C17CA7044DBB4B,79cde6947d8c40afaaa6880a47e91c0cbcc4dd6d45876106c1492033bd40ce51,2026-09-09T13:33:59,"FENNVILLE, CITY OF",
MI,2027,2026/2027,True,Detroit Salt,Allegan,Early Fill,MiDEAL / State Agency,early_fill,delivered,USD/short ton,250.0,69.78,17445.0,,260000000712,award,price+volume,derived,MI_FY2027_DetroitSalt_260000000712.pdf,35,https://www.michigan.gov/dtmb/-/media/Project/Websites/dtmb/Procurement/Contracts/MiDEAL/002/260000000712.pdf?rev=8d4ed14d634d466fa9207bb1d92c2458&hash=AAB40CFD3A7E1C61C7C17CA7044DBB4B,79cde6947d8c40afaaa6880a47e91c0cbcc4dd6d45876106c1492033bd40ce51,2026-09-09T13:33:59,"ALLEGAN, CITY OF",
MI,2027,2026/2027,True,Detroit Salt,Antrim,Early Fill,MDOT,early_fill,delivered,USD/short ton,650.0,81.07,52695.5,,260000000712,award,price+volume,derived,MI_FY2027_DetroitSalt_260000000712.pdf,27,https://www.michigan.gov/dtmb/-/media/Project/Websites/dtmb/Procurement/Contracts/MiDEAL/002/260000000712.pdf?rev=8d4ed14d634d466fa9207bb1d92c2458&hash=AAB40CFD3A7E1C61C7C17CA7044DBB4B,79cde6947d8c40afaaa6880a47e91c0cbcc4dd6d45876106c1492033bd40ce51,2026-09-09T13:33:59,Central Lake,
MI,2027,2026/2027,True,Detroit Salt,Antrim,Early Fill,MDOT,early_fill,delivered,USD/short ton,750.0,81.07,60802.5,,260000000712,award,price+volume,derived,MI_FY2027_DetroitSalt_260000000712.pdf,27,https://www.michigan.gov/dtmb/-/media/Project/Websites/dtmb/Procurement/Contracts/MiDEAL/002/260000000712.pdf?rev=8d4ed14d634d466fa9207bb1d92c2458&hash=AAB40CFD3A7E1C61C7C17CA7044DBB4B,79cde6947d8c40afaaa6880a47e91c0cbcc4dd6d45876106c1492033bd40ce51,2026-09-09T13:33:59,Kewadin,
MI,2027,2026/2027,True,Detroit Salt,Antrim,Early Fill,MDOT,early_fill,delivered,USD/short ton,1600.0,81.07,129712.0,,260000000712,award,price+volume,derived,MI_FY2027_DetroitSalt_260000000712.pdf,27,https://www.michigan.gov/dtmb/-/media/Project/Websites/dtmb/Procurement/Contracts/MiDEAL/002/260000000712.pdf?rev=8d4ed14d634d466fa9207bb1d92c2458&hash=AAB40CFD3A7E1C61C7C17CA7044DBB4B,79cde6947d8c40afaaa6880a47e91c0cbcc4dd6d45876106c1492033bd40ce51,2026-09-09T13:33:59,Mancelona,
MI,2027,2026/2027,True,Detroit Salt,Antrim,Early Fill,MiDEAL / State Agency,early_fill,delivered,USD/short ton,2200.0,81.07,178354.0,,260000000712,award,price+volume,derived,MI_FY2027_DetroitSalt_260000000712.pdf,35,https://www.michigan.gov/dtmb/-/media/Project/Websites/dtmb/Procurement/Contracts/MiDEAL/002/260000000712.pdf?rev=8d4ed14d634d466fa9207bb1d92c2458&hash=AAB40CFD3A7E1C61C7C17CA7044DBB4B,79cde6947d8c40afaaa6880a47e91c0cbcc4dd6d45876106c1492033bd40ce51,2026-09-09T13:33:59,ANTRIM COUNTY ROAD COMMISSION,
MI,2027,2026/2027,True,Detroit Salt,Antrim,Early Fill,MiDEAL / State Agency,early_fill,delivered,USD/short ton,1450.0,81.07,117551.5,,260000000712,award,price+volume,derived,MI_FY2027_DetroitSalt_260000000712.pdf,35,https://www.michigan.gov/dtmb/-/media/Project/Websites/dtmb/Procurement/Contracts/MiDEAL/002/260000000712.pdf?rev=8d4ed14d634d466fa9207bb1d92c2458&hash=AAB40CFD3A7E1C61C7C17CA7044DBB4B,79cde6947d8c40afaaa6880a47e91c0cbcc4dd6d45876106c1492033bd40ce51,2026-09-09T13:33:59,ANTRIM COUNTY ROAD COMMISSION,
MI,2027,2026/2027,True,Detroit Salt,Antrim,Early Fill,MiDEAL / State Agency,early_fill,delivered,USD/short ton,750.0,81.07,60802.5,,260000000712,award,price+volume,derived,MI_FY2027_DetroitSalt_260000000712.pdf,35,https://www.michigan.gov/dtmb/-/media/Project/Websites/dtmb/Procurement/Contracts/MiDEAL/002/260000000712.pdf?rev=8d4ed14d634d466fa9207bb1d92c2458&hash=AAB40CFD3A7E1C61C7C17CA7044DBB4B,79cde6947d8c40afaaa6880a47e91c0cbcc4dd6d45876106c1492033bd40ce51,2026-09-09T13:33:59,ANTRIM COUNTY ROAD COMMISSION,
MI,2027,2026/2027,True,Detroit Salt,Antrim,Early Fill,MiDEAL / State Agency,early_fill,delivered,USD/short ton,150.0,81.07,12160.5,,260000000712,award,price+volume,derived,MI_FY2027_DetroitSalt_260000000712.pdf,35,https://www.michigan.gov/dtmb/-/media/Project/Websites/dtmb/Procurement/Contracts/MiDEAL/002/260000000712.pdf?rev=8d4ed14d634d466fa9207bb1d92c2458&hash=AAB40CFD3A7E1C61C7C17CA7044DBB4B,79cde6947d8c40afaaa6880a47e91c0cbcc4dd6d45876106c1492033bd40ce51,2026-09-09T13:33:59,"BELLAIRE, VILLAGE OF",
MI,2027,2026/2027,True,Detroit Salt,Arenac,Seasonal Back-Up,MiDEAL / State Agency,seasonal_backup,delivered,USD/short ton,500.0,67.55,33775.0,,260000000713,award,price+volume,derived,MI_FY2027_CompassMinerals_260000000713.pdf,41,https://www.michigan.gov/dtmb/-/media/Project/Websites/dtmb/Procurement/Contracts/022/260000000713.pdf?rev=044d384e33124f69856ff95f406d8b63&hash=EDE0618298A9461C637E9129261588D0,b42001c1d85bb1aa8af53b05e4da59e2a811f76be17396a0792a82e3a7a14675,2026-09-09T13:34:00,ARENAC COUNTY ROAD COMMISSION,
MI,2027,2026/2027,True,Detroit Salt,Arenac,Seasonal Back-Up,MiDEAL / State Agency,seasonal_backup,delivered,USD/short ton,200.0,67.55,13510.0,,260000000713,award,price+volume,derived,MI_FY2027_CompassMinerals_260000000713.pdf,41,https://www.michigan.gov/dtmb/-/media/Project/Websites/dtmb/Procurement/Contracts/022/260000000713.pdf?rev=044d384e33124f69856ff95f406d8b63&hash=EDE0618298A9461C637E9129261588D0,b42001c1d85bb1aa8af53b05e4da59e2a811f76be17396a0792a82e3a7a14675,2026-09-09T13:34:00,SAGINAW CHIPPEWA INDIAN TRIBE,
MI,2027,2026/2027,True,Detroit Salt,Arenac,Seasonal Back-Up,MiDEAL / State Agency,seasonal_backup,delivered,USD/short ton,200.0,67.55,13510.0,,260000000713,award,price+volume,derived,MI_FY2027_CompassMinerals_260000000713.pdf,41,https://www.michigan.gov/dtmb/-/media/Project/Websites/dtmb/Procurement/Contracts/022/260000000713.pdf?rev=044d384e33124f69856ff95f406d8b63&hash=EDE0618298A9461C637E9129261588D0,b42001c1d85bb1aa8af53b05e4da59e2a811f76be17396a0792a82e3a7a14675,2026-09-09T13:34:00,"STANDISH, CITY OF",
MI,2027,2026/2027,True,Detroit Salt,Arenac,Early Fill,MDOT,early_fill,delivered,USD/short ton,1000.0,61.79,61790.0,,260000000712,award,price+volume,derived,MI_FY2027_DetroitSalt_260000000712.pdf,28,https://www.michigan.gov/dtmb/-/media/Project/Websites/dtmb/Procurement/Contracts/MiDEAL/002/260000000712.pdf?rev=8d4ed14d634d466fa9207bb1d92c2458&hash=AAB40CFD3A7E1C61C7C17CA7044DBB4B,79cde6947d8c40afaaa6880a47e91c0cbcc4dd6d45876106c1492033bd40ce51,2026-09-09T13:33:59,Standish,
MI,2027,2026/2027,True,Detroit Salt,Arenac,Seasonal Back-Up,MDOT,seasonal_backup,delivered,USD/short ton,1500.0,67.55,101325.0,,260000000712,award,price+volume,derived,MI_FY2027_DetroitSalt_260000000712.pdf,32,https://www.michigan.gov/dtmb/-/media/Project/Websites/dtmb/Procurement/Contracts/MiDEAL/002/260000000712.pdf?rev=8d4ed14d634d466fa9207bb1d92c2458&hash=AAB40CFD3A7E1C61C7C17CA7044DBB4B,79cde6947d8c40afaaa6880a47e91c0cbcc4dd6d45876106c1492033bd40ce51,2026-09-09T13:33:59,Standish,
MI,2027,2026/2027,True,Detroit Salt,Arenac,Early Fill,MiDEAL / State Agency,early_fill,delivered,USD/short ton,50.0,61.79,3089.5,,260000000712,award,price+volume,derived,MI_FY2027_DetroitSalt_260000000712.pdf,36,https://www.michigan.gov/dtmb/-/media/Project/Websites/dtmb/Procurement/Contracts/MiDEAL/002/260000000712.pdf?rev=8d4ed14d634d466fa9207bb1d92c2458&hash=AAB40CFD3A7E1C61C7C17CA7044DBB4B,79cde6947d8c40afaaa6880a47e91c0cbcc4dd6d45876106c1492033bd40ce51,2026-09-09T13:33:59,"STANDISH, CITY OF",
MI,2027,2026/2027,True,Detroit Salt,Arenac,Early Fill,MiDEAL / State Agency,early_fill,delivered,USD/short ton,1500.0,61.79,92685.0,,260000000712,award,price+volume,derived,MI_FY2027_DetroitSalt_260000000712.pdf,36,https://www.michigan.gov/dtmb/-/media/Project/Websites/dtmb/Procurement/Contracts/MiDEAL/002/260000000712.pdf?rev=8d4ed14d634d466fa9207bb1d92c2458&hash=AAB40CFD3A7E1C61C7C17CA7044DBB4B,79cde6947d8c40afaaa6880a47e91c0cbcc4dd6d45876106c1492033bd40ce51,2026-09-09T13:33:59,ARENAC COUNTY ROAD COMMISSION,
MI,2027,2026/2027,True,Detroit Salt,Barry,Seasonal Back-Up,MiDEAL / State Agency,seasonal_backup,delivered,USD/short ton,300.0,73.26,21978.0,,260000000713,award,price+volume,derived,MI_FY2027_CompassMinerals_260000000713.pdf,41,https://www.michigan.gov/dtmb/-/media/Project/Websites/dtmb/Procurement/Contracts/022/260000000713.pdf?rev=044d384e33124f69856ff95f406d8b63&hash=EDE0618298A9461C637E9129261588D0,b42001c1d85bb1aa8af53b05e4da59e2a811f76be17396a0792a82e3a7a14675,2026-09-09T13:34:00,"MIDDLEVILLE, VILLAGE OF",
MI,2027,2026/2027,True,Detroit Salt,Barry,Seasonal Back-Up,MiDEAL / State Agency,seasonal_backup,delivered,USD/short ton,5000.0,73.26,366300.0,,260000000713,award,price+volume,derived,MI_FY2027_CompassMinerals_260000000713.pdf,41,https://www.michigan.gov/dtmb/-/media/Project/Websites/dtmb/Procurement/Contracts/022/260000000713.pdf?rev=044d384e33124f69856ff95f406d8b63&hash=EDE0618298A9461C637E9129261588D0,b42001c1d85bb1aa8af53b05e4da59e2a811f76be17396a0792a82e3a7a14675,2026-09-09T13:34:00,BARRY COUNTY ROAD COMMISSION,
MI,2027,2026/2027,True,Detroit Salt,Barry,Seasonal Back-Up,MiDEAL / State Agency,seasonal_backup,delivered,USD/short ton,700.0,73.26,51282.0,,260000000713,award,price+volume,derived,MI_FY2027_CompassMinerals_260000000713.pdf,41,https://www.michigan.gov/dtmb/-/media/Project/Websites/dtmb/Procurement/Contracts/022/260000000713.pdf?rev=044d384e33124f69856ff95f406d8b63&hash=EDE0618298A9461C637E9129261588D0,b42001c1d85bb1aa8af53b05e4da59e2a811f76be17396a0792a82e3a7a14675,2026-09-09T13:34:00,HASTINGS CITY OF,
MI,2027,2026/2027,True,Detroit Salt,Barry,Seasonal Back-Up,MiDEAL / State Agency,seasonal_backup,delivered,USD/short ton,100.0,73.26,7326.0,,260000000713,award,price+volume,derived,MI_FY2027_CompassMinerals_260000000713.pdf,41,https://www.michigan.gov/dtmb/-/media/Project/Websites/dtmb/Procurement/Contracts/022/260000000713.pdf?rev=044d384e33124f69856ff95f406d8b63&hash=EDE0618298A9461C637E9129261588D0,b42001c1d85bb1aa8af53b05e4da59e2a811f76be17396a0792a82e3a7a14675,2026-09-09T13:34:00,THORNAPPLE KELLOGG SCHOOLS,
MI,2027,2026/2027,True,Detroit Salt,Barry,Seasonal Back-Up,MiDEAL / State Agency,seasonal_backup,delivered,USD/short ton,150.0,73.26,10989.0,,260000000713,award,price+volume,derived,MI_FY2027_CompassMinerals_260000000713.pdf,41,https://www.michigan.gov/dtmb/-/media/Project/Websites/dtmb/Procurement/Contracts/022/260000000713.pdf?rev=044d384e33124f69856ff95f406d8b63&hash=EDE0618298A9461C637E9129261588D0,b42001c1d85bb1aa8af53b05e4da59e2a811f76be17396a0792a82e3a7a14675,2026-09-09T13:34:00,"NASHVILLE, VILLAGE OF",
MI,2027,2026/2027,True,Detroit Salt,Barry,Early Fill,MDOT,early_fill,delivered,USD/short ton,1500.0,73.84,110760.0,,260000000712,award,price+volume,derived,MI_FY2027_DetroitSalt_260000000712.pdf,28,https://www.michigan.gov/dtmb/-/media/Project/Websites/dtmb/Procurement/Contracts/MiDEAL/002/260000000712.pdf?rev=8d4ed14d634d466fa9207bb1d92c2458&hash=AAB40CFD3A7E1C61C7C17CA7044DBB4B,79cde6947d8c40afaaa6880a47e91c0cbcc4dd6d45876106c1492033bd40ce51,2026-09-09T13:33:59,Hastings,
MI,2027,2026/2027,True,Detroit Salt,Barry,Seasonal Back-Up,MDOT,seasonal_backup,delivered,USD/short ton,2000.0,73.26,146520.0,,260000000712,award,price+volume,derived,MI_FY2027_DetroitSalt_260000000712.pdf,32,https://www.michigan.gov/dtmb/-/media/Project/Websites/dtmb/Procurement/Contracts/MiDEAL/002/260000000712.pdf?rev=8d4ed14d634d466fa9207bb1d92c2458&hash=AAB40CFD3A7E1C61C7C17CA7044DBB4B,79cde6947d8c40afaaa6880a47e91c0cbcc4dd6d45876106c1492033bd40ce51,2026-09-09T13:33:59,Hastings,
MI,2027,2026/2027,True,Detroit Salt,Barry,Early Fill,MiDEAL / State Agency,early_fill,delivered,USD/short ton,50.0,73.84,3692.0,,260000000712,award,price+volume,derived,MI_FY2027_DetroitSalt_260000000712.pdf,35,https://www.michigan.gov/dtmb/-/media/Project/Websites/dtmb/Procurement/Contracts/MiDEAL/002/260000000712.pdf?rev=8d4ed14d634d466fa9207bb1d92c2458&hash=AAB40CFD3A7E1C61C7C17CA7044DBB4B,79cde6947d8c40afaaa6880a47e91c0cbcc4dd6d45876106c1492033bd40ce51,2026-09-09T13:33:59,THORNAPPLE KELLOGG SCHOOLS,
MI,2027,2026/2027,True,Detroit Salt,Barry,Early Fill,MiDEAL / State Agency,early_fill,delivered,USD/short ton,150.0,73.84,11076.0,,260000000712,award,price+volume,derived,MI_FY2027_DetroitSalt_260000000712.pdf,35,https://www.michigan.gov/dtmb/-/media/Project/Websites/dtmb/Procurement/Contracts/MiDEAL/002/260000000712.pdf?rev=8d4ed14d634d466fa9207bb1d92c2458&hash=AAB40CFD3A7E1C61C7C17CA7044DBB4B,79cde6947d8c40afaaa6880a47e91c0cbcc4dd6d45876106c1492033bd40ce51,2026-09-09T13:33:59,"NASHVILLE, VILLAGE OF",
MI,2027,2026/2027,True,Detroit Salt,Barry,Early Fill,MiDEAL / State Agency,early_fill,delivered,USD/short ton,100.0,73.84,7384.0,,260000000712,award,price+volume,derived,MI_FY2027_DetroitSalt_260000000712.pdf,35,https://www.michigan.gov/dtmb/-/media/Project/Websites/dtmb/Procurement/Contracts/MiDEAL/002/260000000712.pdf?rev=8d4ed14d634d466fa9207bb1d92c2458&hash=AAB40CFD3A7E1C61C7C17CA7044DBB4B,79cde6947d8c40afaaa6880a47e91c0cbcc4dd6d45876106c1492033bd40ce51,2026-09-09T13:33:59,"MIDDLEVILLE, VILLAGE OF",
MI,2027,2026/2027,True,Detroit Salt,Bay,Seasonal Back-Up,MiDEAL / State Agency,seasonal_backup,delivered,USD/short ton,100.0,62.68,6268.0,,260000000713,award,price+volume,derived,MI_FY2027_CompassMinerals_260000000713.pdf,41,https://www.michigan.gov/dtmb/-/media/Project/Websites/dtmb/Procurement/Contracts/022/260000000713.pdf?rev=044d384e33124f69856ff95f406d8b63&hash=EDE0618298A9461C637E9129261588D0,b42001c1d85bb1aa8af53b05e4da59e2a811f76be17396a0792a82e3a7a14675,2026-09-09T13:34:00,"AUBURN, CITY OF",
MI,2027,2026/2027,True,Detroit Salt,Bay,Seasonal Back-Up,MiDEAL / State Agency,seasonal_backup,delivered,USD/short ton,2000.0,62.68,125360.0,,260000000713,award,price+volume,derived,MI_FY2027_CompassMinerals_260000000713.pdf,41,https://www.michigan.gov/dtmb/-/media/Project/Websites/dtmb/Procurement/Contracts/022/260000000713.pdf?rev=044d384e33124f69856ff95f406d8b63&hash=EDE0618298A9461C637E9129261588D0,b42001c1d85bb1aa8af53b05e4da59e2a811f76be17396a0792a82e3a7a14675,2026-09-09T13:34:00,BAY COUNTY ROAD COMMISSION,
MI,2027,2026/2027,True,Detroit Salt,Bay,Seasonal Back-Up,MiDEAL / State Agency,seasonal_backup,delivered,USD/short ton,1000.0,62.68,62680.0,,260000000713,award,price+volume,derived,MI_FY2027_CompassMinerals_260000000713.pdf,41,https://www.michigan.gov/dtmb/-/media/Project/Websites/dtmb/Procurement/Contracts/022/260000000713.pdf?rev=044d384e33124f69856ff95f406d8b63&hash=EDE0618298A9461C637E9129261588D0,b42001c1d85bb1aa8af53b05e4da59e2a811f76be17396a0792a82e3a7a14675,2026-09-09T13:34:00,BAY COUNTY ROAD COMMISSION,
MI,2027,2026/2027,True,Detroit Salt,Bay,Seasonal Back-Up,MiDEAL / State Agency,seasonal_backup,delivered,USD/short ton,1000.0,62.68,62680.0,,260000000713,award,price+volume,derived,MI_FY2027_CompassMinerals_260000000713.pdf,41,https://www.michigan.gov/dtmb/-/media/Project/Websites/dtmb/Procurement/Contracts/022/260000000713.pdf?rev=044d384e33124f69856ff95f406d8b63&hash=EDE0618298A9461C637E9129261588D0,b42001c1d85bb1aa8af53b05e4da59e2a811f76be17396a0792a82e3a7a14675,2026-09-09T13:34:00,BAY COUNTY ROAD COMMISSION,
MI,2027,2026/2027,True,Detroit Salt,Bay,Seasonal Back-Up,MiDEAL / State Agency,seasonal_backup,delivered,USD/short ton,50.0,62.68,3134.0,,260000000713,award,price+volume,derived,MI_FY2027_CompassMinerals_260000000713.pdf,41,https://www.michigan.gov/dtmb/-/media/Project/Websites/dtmb/Procurement/Contracts/022/260000000713.pdf?rev=044d384e33124f69856ff95f406d8b63&hash=EDE0618298A9461C637E9129261588D0,b42001c1d85bb1aa8af53b05e4da59e2a811f76be17396a0792a82e3a7a14675,2026-09-09T13:34:00,DELTA COLLEGE,
MI,2027,2026/2027,True,Detroit Salt,Bay,Seasonal Back-Up,MiDEAL / State Agency,seasonal_backup,delivered,USD/short ton,50.0,62.68,3134.0,,260000000713,award,price+volume,derived,MI_FY2027_CompassMinerals_260000000713.pdf,41,https://www.michigan.gov/dtmb/-/media/Project/Websites/dtmb/Procurement/Contracts/022/260000000713.pdf?rev=044d384e33124f69856ff95f406d8b63&hash=EDE0618298A9461C637E9129261588D0,b42001c1d85bb1aa8af53b05e4da59e2a811f76be17396a0792a82e3a7a14675,2026-09-09T13:34:00,"ESSEXVILLE, CITY OF",
MI,2027,2026/2027,True,Detroit Salt,Bay,Seasonal Back-Up,MiDEAL / State Agency,seasonal_backup,delivered,USD/short ton,100.0,62.68,6268.0,,260000000713,award,price+volume,derived,MI_FY2027_CompassMinerals_260000000713.pdf,41,https://www.michigan.gov/dtmb/-/media/Project/Websites/dtmb/Procurement/Contracts/022/260000000713.pdf?rev=044d384e33124f69856ff95f406d8b63&hash=EDE0618298A9461C637E9129261588D0,b42001c1d85bb1aa8af53b05e4da59e2a811f76be17396a0792a82e3a7a14675,2026-09-09T13:34:00,"BAY CITY, CITY OF",
MI,2027,2026/2027,True,Detroit Salt,Bay,Early Fill,MDOT,early_fill,delivered,USD/short ton,500.0,59.71,29855.0,,260000000712,award,price+volume,derived,MI_FY2027_DetroitSalt_260000000712.pdf,28,https://www.michigan.gov/dtmb/-/media/Project/Websites/dtmb/Procurement/Contracts/MiDEAL/002/260000000712.pdf?rev=8d4ed14d634d466fa9207bb1d92c2458&hash=AAB40CFD3A7E1C61C7C17CA7044DBB4B,79cde6947d8c40afaaa6880a47e91c0cbcc4dd6d45876106c1492033bd40ce51,2026-09-09T13:33:59,East District,
MI,2027,2026/2027,True,Detroit Salt,Bay,Early Fill,MDOT,early_fill,delivered,USD/short ton,1500.0,59.71,89565.0,,260000000712,award,price+volume,derived,MI_FY2027_DetroitSalt_260000000712.pdf,28,https://www.michigan.gov/dtmb/-/media/Project/Websites/dtmb/Procurement/Contracts/MiDEAL/002/260000000712.pdf?rev=8d4ed14d634d466fa9207bb1d92c2458&hash=AAB40CFD3A7E1C61C7C17CA7044DBB4B,79cde6947d8c40afaaa6880a47e91c0cbcc4dd6d45876106c1492033bd40ce51,2026-09-09T13:33:59,Kawkawlin,
MI,2027,2026/2027,True,Detroit Salt,Bay,Early Fill,MDOT,early_fill,delivered,USD/short ton,500.0,59.71,29855.0,,260000000712,award,price+volume,derived,MI_FY2027_DetroitSalt_260000000712.pdf,28,https://www.michigan.gov/dtmb/-/media/Project/Websites/dtmb/Procurement/Contracts/MiDEAL/002/260000000712.pdf?rev=8d4ed14d634d466fa9207bb1d92c2458&hash=AAB40CFD3A7E1C61C7C17CA7044DBB4B,79cde6947d8c40afaaa6880a47e91c0cbcc4dd6d45876106c1492033bd40ce51,2026-09-09T13:33:59,Pinconning,
MI,2027,2026/2027,True,Detroit Salt,Bay,Seasonal Back-Up,MDOT,seasonal_backup,delivered,USD/short ton,500.0,62.68,31340.0,,260000000712,award,price+volume,derived,MI_FY2027_DetroitSalt_260000000712.pdf,32,https://www.michigan.gov/dtmb/-/media/Project/Websites/dtmb/Procurement/Contracts/MiDEAL/002/260000000712.pdf?rev=8d4ed14d634d466fa9207bb1d92c2458&hash=AAB40CFD3A7E1C61C7C17CA7044DBB4B,79cde6947d8c40afaaa6880a47e91c0cbcc4dd6d45876106c1492033bd40ce51,2026-09-09T13:33:59,East District,
MI,2027,2026/2027,True,Detroit Salt,Bay,Seasonal Back-Up,MDOT,seasonal_backup,delivered,USD/short ton,2000.0,62.68,125360.0,,260000000712,award,price+volume,derived,MI_FY2027_DetroitSalt_260000000712.pdf,32,https://www.michigan.gov/dtmb/-/media/Project/Websites/dtmb/Procurement/Contracts/MiDEAL/002/260000000712.pdf?rev=8d4ed14d634d466fa9207bb1d92c2458&hash=AAB40CFD3A7E1C61C7C17CA7044DBB4B,79cde6947d8c40afaaa6880a47e91c0cbcc4dd6d45876106c1492033bd40ce51,2026-09-09T13:33:59,Kawkawlin,
MI,2027,2026/2027,True,Detroit Salt,Bay,Seasonal Back-Up,MDOT,seasonal_backup,delivered,USD/short ton,500.0,62.68,31340.0,,260000000712,award,price+volume,derived,MI_FY2027_DetroitSalt_260000000712.pdf,32,https://www.michigan.gov/dtmb/-/media/Project/Websites/dtmb/Procurement/Contracts/MiDEAL/002/260000000712.pdf?rev=8d4ed14d634d466fa9207bb1d92c2458&hash=AAB40CFD3A7E1C61C7C17CA7044DBB4B,79cde6947d8c40afaaa6880a47e91c0cbcc4dd6d45876106c1492033bd40ce51,2026-09-09T13:33:59,Pinconning,
MI,2027,2026/2027,True,Detroit Salt,Bay,Early Fill,MiDEAL / State Agency,early_fill,delivered,USD/short ton,100.0,59.71,5971.0,,260000000712,award,price+volume,derived,MI_FY2027_DetroitSalt_260000000712.pdf,36,https://www.michigan.gov/dtmb/-/media/Project/Websites/dtmb/Procurement/Contracts/MiDEAL/002/260000000712.pdf?rev=8d4ed14d634d466fa9207bb1d92c2458&hash=AAB40CFD3A7E1C61C7C17CA7044DBB4B,79cde6947d8c40afaaa6880a47e91c0cbcc4dd6d45876106c1492033bd40ce51,2026-09-09T13:33:59,"ESSEXVILLE, CITY OF",
MI,2027,2026/2027,True,Detroit Salt,Bay,Early Fill,MiDEAL / State Agency,early_fill,delivered,USD/short ton,100.0,59.71,5971.0,,260000000712,award,price+volume,derived,MI_FY2027_DetroitSalt_260000000712.pdf,36,https://www.michigan.gov/dtmb/-/media/Project/Websites/dtmb/Procurement/Contracts/MiDEAL/002/260000000712.pdf?rev=8d4ed14d634d466fa9207bb1d92c2458&hash=AAB40CFD3A7E1C61C7C17CA7044DBB4B,79cde6947d8c40afaaa6880a47e91c0cbcc4dd6d45876106c1492033bd40ce51,2026-09-09T13:33:59,"BAY CITY, CITY OF",
MI,2027,2026/2027,True,Detroit Salt,Bay,Early Fill,MiDEAL / State Agency,early_fill,delivered,USD/short ton,2500.0,59.71,149275.0,,260000000712,award,price+volume,derived,MI_FY2027_DetroitSalt_260000000712.pdf,36,https://www.michigan.gov/dtmb/-/media/Project/Websites/dtmb/Procurement/Contracts/MiDEAL/002/260000000712.pdf?rev=8d4ed14d634d466fa9207bb1d92c2458&hash=AAB40CFD3A7E1C61C7C17CA7044DBB4B,79cde6947d8c40afaaa6880a47e91c0cbcc4dd6d45876106c1492033bd40ce51,2026-09-09T13:33:59,BAY COUNTY ROAD COMMISSION,
MI,2027,2026/2027,True,Detroit Salt,Bay,Early Fill,MiDEAL / State Agency,early_fill,delivered,USD/short ton,700.0,59.71,41797.0,,260000000712,award,price+volume,derived,MI_FY2027_DetroitSalt_260000000712.pdf,36,https://www.michigan.gov/dtmb/-/media/Project/Websites/dtmb/Procurement/Contracts/MiDEAL/002/260000000712.pdf?rev=8d4ed14d634d466fa9207bb1d92c2458&hash=AAB40CFD3A7E1C61C7C17CA7044DBB4B,79cde6947d8c40afaaa6880a47e91c0cbcc4dd6d45876106c1492033bd40ce51,2026-09-09T13:33:59,BAY COUNTY ROAD COMMISSION,
MI,2027,2026/2027,True,Detroit Salt,Bay,Early Fill,MiDEAL / State Agency,early_fill,delivered,USD/short ton,200.0,59.71,11942.0,,260000000712,award,price+volume,derived,MI_FY2027_DetroitSalt_260000000712.pdf,36,https://www.michigan.gov/dtmb/-/media/Project/Websites/dtmb/Procurement/Contracts/MiDEAL/002/260000000712.pdf?rev=8d4ed14d634d466fa9207bb1d92c2458&hash=AAB40CFD3A7E1C61C7C17CA7044DBB4B,79cde6947d8c40afaaa6880a47e91c0cbcc4dd6d45876106c1492033bd40ce51,2026-09-09T13:33:59,BAY COUNTY ROAD COMMISSION,
MI,2027,2026/2027,True,Detroit Salt,Bay,Early Fill,MiDEAL / State Agency,early_fill,delivered,USD/short ton,50.0,59.71,2985.5,,260000000712,award,price+volume,derived,MI_FY2027_DetroitSalt_260000000712.pdf,36,https://www.michigan.gov/dtmb/-/media/Project/Websites/dtmb/Procurement/Contracts/MiDEAL/002/260000000712.pdf?rev=8d4ed14d634d466fa9207bb1d92c2458&hash=AAB40CFD3A7E1C61C7C17CA7044DBB4B,79cde6947d8c40afaaa6880a47e91c0cbcc4dd6d45876106c1492033bd40ce51,2026-09-09T13:33:59,"PINCONNING, CITY OF",
MI,2027,2026/2027,True,Detroit Salt,Bay,Early Fill,MiDEAL / State Agency,early_fill,delivered,USD/short ton,100.0,59.71,5971.0,,260000000712,award,price+volume,derived,MI_FY2027_DetroitSalt_260000000712.pdf,36,https://www.michigan.gov/dtmb/-/media/Project/Websites/dtmb/Procurement/Contracts/MiDEAL/002/260000000712.pdf?rev=8d4ed14d634d466fa9207bb1d92c2458&hash=AAB40CFD3A7E1C61C7C17CA7044DBB4B,79cde6947d8c40afaaa6880a47e91c0cbcc4dd6d45876106c1492033bd40ce51,2026-09-09T13:33:59,DELTA COLLEGE,
MI,2027,2026/2027,True,Detroit Salt,Bay,Early Fill,MiDEAL / State Agency,early_fill,delivered,USD/short ton,1000.0,59.71,59710.0,,260000000712,award,price+volume,derived,MI_FY2027_DetroitSalt_260000000712.pdf,36,https://www.michigan.gov/dtmb/-/media/Project/Websites/dtmb/Procurement/Contracts/MiDEAL/002/260000000712.pdf?rev=8d4ed14d634d466fa9207bb1d92c2458&hash=AAB40CFD3A7E1C61C7C17CA7044DBB4B,79cde6947d8c40afaaa6880a47e91c0cbcc4dd6d45876106c1492033bd40ce51,2026-09-09T13:33:59,"BAY CITY, CITY OF",
MI,2027,2026/2027,True,Detroit Salt,Berrien,Seasonal Back-Up,MiDEAL / State Agency,seasonal_backup,delivered,USD/short ton,50.0,74.16,3708.0,,260000000713,award,price+volume,derived,MI_FY2027_CompassMinerals_260000000713.pdf,42,https://www.michigan.gov/dtmb/-/media/Project/Websites/dtmb/Procurement/Contracts/022/260000000713.pdf?rev=044d384e33124f69856ff95f406d8b63&hash=EDE0618298A9461C637E9129261588D0,b42001c1d85bb1aa8af53b05e4da59e2a811f76be17396a0792a82e3a7a14675,2026-09-09T13:34:00,"BERRIEN SPRINGS, VILLAGE OF",
MI,2027,2026/2027,True,Detroit Salt,Berrien,Seasonal Back-Up,MiDEAL / State Agency,seasonal_backup,delivered,USD/short ton,50.0,74.16,3708.0,,260000000713,award,price+volume,derived,MI_FY2027_CompassMinerals_260000000713.pdf,42,https://www.michigan.gov/dtmb/-/media/Project/Websites/dtmb/Procurement/Contracts/022/260000000713.pdf?rev=044d384e33124f69856ff95f406d8b63&hash=EDE0618298A9461C637E9129261588D0,b42001c1d85bb1aa8af53b05e4da59e2a811f76be17396a0792a82e3a7a14675,2026-09-09T13:34:00,"BERRIEN SPRINGS, VILLAGE OF",
MI,2027,2026/2027,True,Detroit Salt,Berrien,Seasonal Back-Up,MiDEAL / State Agency,seasonal_backup,delivered,USD/short ton,250.0,74.16,18540.0,,260000000713,award,price+volume,derived,MI_FY2027_CompassMinerals_260000000713.pdf,42,https://www.michigan.gov/dtmb/-/media/Project/Websites/dtmb/Procurement/Contracts/022/260000000713.pdf?rev=044d384e33124f69856ff95f406d8b63&hash=EDE0618298A9461C637E9129261588D0,b42001c1d85bb1aa8af53b05e4da59e2a811f76be17396a0792a82e3a7a14675,2026-09-09T13:34:00,"ST. JOSEPH, CITY OF",
MI,2027,2026/2027,True,Detroit Salt,Berrien,Seasonal Back-Up,MiDEAL / State Agency,seasonal_backup,delivered,USD/short ton,300.0,74.16,22248.0,,260000000713,award,price+volume,derived,MI_FY2027_CompassMinerals_260000000713.pdf,42,https://www.michigan.gov/dtmb/-/media/Project/Websites/dtmb/Procurement/Contracts/022/260000000713.pdf?rev=044d384e33124f69856ff95f406d8b63&hash=EDE0618298A9461C637E9129261588D0,b42001c1d85bb1aa8af53b05e4da59e2a811f76be17396a0792a82e3a7a14675,2026-09-09T13:34:00,"NEW BUFFALO, CITY OF",
MI,2027,2026/2027,True,Detroit Salt,Berrien,Seasonal Back-Up,MiDEAL / State Agency,seasonal_backup,delivered,USD/short ton,150.0,74.16,11124.0,,260000000713,award,price+volume,derived,MI_FY2027_CompassMinerals_260000000713.pdf,42,https://www.michigan.gov/dtmb/-/media/Project/Websites/dtmb/Procurement/Contracts/022/260000000713.pdf?rev=044d384e33124f69856ff95f406d8b63&hash=EDE0618298A9461C637E9129261588D0,b42001c1d85bb1aa8af53b05e4da59e2a811f76be17396a0792a82e3a7a14675,2026-09-09T13:34:00,"BUCHANAN, CITY OF",
MI,2027,2026/2027,True,Detroit Salt,Berrien,Seasonal Back-Up,MiDEAL / State Agency,seasonal_backup,delivered,USD/short ton,50.0,74.16,3708.0,,260000000713,award,price+volume,derived,MI_FY2027_CompassMinerals_260000000713.pdf,42,https://www.michigan.gov/dtmb/-/media/Project/Websites/dtmb/Procurement/Contracts/022/260000000713.pdf?rev=044d384e33124f69856ff95f406d8b63&hash=EDE0618298A9461C637E9129261588D0,b42001c1d85bb1aa8af53b05e4da59e2a811f76be17396a0792a82e3a7a14675,2026-09-09T13:34:00,STEVENSVILLE VILLAGE OF,
MI,2027,2026/2027,True,Detroit Salt,Berrien,Seasonal Back-Up,MiDEAL / State Agency,seasonal_backup,delivered,USD/short ton,100.0,74.16,7416.0,,260000000713,award,price+volume,derived,MI_FY2027_CompassMinerals_260000000713.pdf,42,https://www.michigan.gov/dtmb/-/media/Project/Websites/dtmb/Procurement/Contracts/022/260000000713.pdf?rev=044d384e33124f69856ff95f406d8b63&hash=EDE0618298A9461C637E9129261588D0,b42001c1d85bb1aa8af53b05e4da59e2a811f76be17396a0792a82e3a7a14675,2026-09-09T13:34:00,"WATERVLIET, CITY OF",
MI,2027,2026/2027,True,Detroit Salt,Berrien,Seasonal Back-Up,MiDEAL / State Agency,seasonal_backup,delivered,USD/short ton,250.0,74.16,18540.0,,260000000713,award,price+volume,derived,MI_FY2027_CompassMinerals_260000000713.pdf,42,https://www.michigan.gov/dtmb/-/media/Project/Websites/dtmb/Procurement/Contracts/022/260000000713.pdf?rev=044d384e33124f69856ff95f406d8b63&hash=EDE0618298A9461C637E9129261588D0,b42001c1d85bb1aa8af53b05e4da59e2a811f76be17396a0792a82e3a7a14675,2026-09-09T13:34:00,BRIDGMAN CITY OF,
MI,2027,2026/2027,True,Detroit Salt,Berrien,Seasonal Back-Up,MiDEAL / State Agency,seasonal_backup,delivered,USD/short ton,200.0,74.16,14832.0,,260000000713,award,price+volume,derived,MI_FY2027_CompassMinerals_260000000713.pdf,42,https://www.michigan.gov/dtmb/-/media/Project/Websites/dtmb/Procurement/Contracts/022/260000000713.pdf?rev=044d384e33124f69856ff95f406d8b63&hash=EDE0618298A9461C637E9129261588D0,b42001c1d85bb1aa8af53b05e4da59e2a811f76be17396a0792a82e3a7a14675,2026-09-09T13:34:00,"COLOMA, CITY OF",
MI,2027,2026/2027,True,Detroit Salt,Berrien,Seasonal Back-Up,MiDEAL / State Agency,seasonal_backup,delivered,USD/short ton,150.0,74.16,11124.0,,260000000713,award,price+volume,derived,MI_FY2027_CompassMinerals_260000000713.pdf,42,https://www.michigan.gov/dtmb/-/media/Project/Websites/dtmb/Procurement/Contracts/022/260000000713.pdf?rev=044d384e33124f69856ff95f406d8b63&hash=EDE0618298A9461C637E9129261588D0,b42001c1d85bb1aa8af53b05e4da59e2a811f76be17396a0792a82e3a7a14675,2026-09-09T13:34:00,"THREE OAKS, VILLAGE OF",
MI,2027,2026/2027,True,Detroit Salt,Berrien,Seasonal Back-Up,MiDEAL / State Agency,seasonal_backup,delivered,USD/short ton,600.0,74.16,44496.0,,260000000713,award,price+volume,derived,MI_FY2027_CompassMinerals_260000000713.pdf,42,https://www.michigan.gov/dtmb/-/media/Project/Websites/dtmb/Procurement/Contracts/022/260000000713.pdf?rev=044d384e33124f69856ff95f406d8b63&hash=EDE0618298A9461C637E9129261588D0,b42001c1d85bb1aa8af53b05e4da59e2a811f76be17396a0792a82e3a7a14675,2026-09-09T13:34:00,BERRIEN COUNTY,
MI,2027,2026/2027,True,Detroit Salt,Berrien,Seasonal Back-Up,MiDEAL / State Agency,seasonal_backup,delivered,USD/short ton,1000.0,74.16,74160.0,,260000000713,award,price+volume,derived,MI_FY2027_CompassMinerals_260000000713.pdf,42,https://www.michigan.gov/dtmb/-/media/Project/Websites/dtmb/Procurement/Contracts/022/260000000713.pdf?rev=044d384e33124f69856ff95f406d8b63&hash=EDE0618298A9461C637E9129261588D0,b42001c1d85bb1aa8af53b05e4da59e2a811f76be17396a0792a82e3a7a14675,2026-09-09T13:34:00,BERRIEN COUNTY,
MI,2027,2026/2027,True,Detroit Salt,Berrien,Seasonal Back-Up,MiDEAL / State Agency,seasonal_backup,delivered,USD/short ton,1200.0,74.16,88992.0,,260000000713,award,price+volume,derived,MI_FY2027_CompassMinerals_260000000713.pdf,42,https://www.michigan.gov/dtmb/-/media/Project/Websites/dtmb/Procurement/Contracts/022/260000000713.pdf?rev=044d384e33124f69856ff95f406d8b63&hash=EDE0618298A9461C637E9129261588D0,b42001c1d85bb1aa8af53b05e4da59e2a811f76be17396a0792a82e3a7a14675,2026-09-09T13:34:00,BERRIEN COUNTY,
MI,2027,2026/2027,True,Detroit Salt,Berrien,Seasonal Back-Up,MiDEAL / State Agency,seasonal_backup,delivered,USD/short ton,1400.0,74.16,103824.0,,260000000713,award,price+volume,derived,MI_FY2027_CompassMinerals_260000000713.pdf,42,https://www.michigan.gov/dtmb/-/media/Project/Websites/dtmb/Procurement/Contracts/022/260000000713.pdf?rev=044d384e33124f69856ff95f406d8b63&hash=EDE0618298A9461C637E9129261588D0,b42001c1d85bb1aa8af53b05e4da59e2a811f76be17396a0792a82e3a7a14675,2026-09-09T13:34:00,BERRIEN COUNTY,
MI,2027,2026/2027,True,Detroit Salt,Berrien,Seasonal Back-Up,MiDEAL / State Agency,seasonal_backup,delivered,USD/short ton,1400.0,74.16,103824.0,,260000000713,award,price+volume,derived,MI_FY2027_CompassMinerals_260000000713.pdf,42,https://www.michigan.gov/dtmb/-/media/Project/Websites/dtmb/Procurement/Contracts/022/260000000713.pdf?rev=044d384e33124f69856ff95f406d8b63&hash=EDE0618298A9461C637E9129261588D0,b42001c1d85bb1aa8af53b05e4da59e2a811f76be17396a0792a82e3a7a14675,2026-09-09T13:34:00,BERRIEN COUNTY,
MI,2027,2026/2027,True,Detroit Salt,Berrien,Seasonal Back-Up,MiDEAL / State Agency,seasonal_backup,delivered,USD/short ton,300.0,74.16,22248.0,,260000000713,award,price+volume,derived,MI_FY2027_CompassMinerals_260000000713.pdf,42,https://www.michigan.gov/dtmb/-/media/Project/Websites/dtmb/Procurement/Contracts/022/260000000713.pdf?rev=044d384e33124f69856ff95f406d8b63&hash=EDE0618298A9461C637E9129261588D0,b42001c1d85bb1aa8af53b05e4da59e2a811f76be17396a0792a82e3a7a14675,2026-09-09T13:34:00,BERRIEN COUNTY,
MI,2027,2026/2027,True,Detroit Salt,Berrien,Seasonal Back-Up,MiDEAL / State Agency,seasonal_backup,delivered,USD/short ton,1000.0,74.16,74160.0,,260000000713,award,price+volume,derived,MI_FY2027_CompassMinerals_260000000713.pdf,42,https://www.michigan.gov/dtmb/-/media/Project/Websites/dtmb/Procurement/Contracts/022/260000000713.pdf?rev=044d384e33124f69856ff95f406d8b63&hash=EDE0618298A9461C637E9129261588D0,b42001c1d85bb1aa8af53b05e4da59e2a811f76be17396a0792a82e3a7a14675,2026-09-09T13:34:00,"NILES, CITY OF",
MI,2027,2026/2027,True,Detroit Salt,Berrien,Seasonal Back-Up,MiDEAL / State Agency,seasonal_backup,delivered,USD/short ton,800.0,74.16,59328.0,,260000000713,award,price+volume,derived,MI_FY2027_CompassMinerals_260000000713.pdf,42,https://www.michigan.gov/dtmb/-/media/Project/Websites/dtmb/Procurement/Contracts/022/260000000713.pdf?rev=044d384e33124f69856ff95f406d8b63&hash=EDE0618298A9461C637E9129261588D0,b42001c1d85bb1aa8af53b05e4da59e2a811f76be17396a0792a82e3a7a14675,2026-09-09T13:34:00,"BENTON HARBOR, CITY OF",
MI,2027,2026/2027,True,Detroit Salt,Berrien,Early Fill,MDOT,early_fill,delivered,USD/short ton,1500.0,76.2,114300.0,,260000000712,award,price+volume,derived,MI_FY2027_DetroitSalt_260000000712.pdf,29,https://www.michigan.gov/dtmb/-/media/Project/Websites/dtmb/Procurement/Contracts/MiDEAL/002/260000000712.pdf?rev=8d4ed14d634d466fa9207bb1d92c2458&hash=AAB40CFD3A7E1C61C7C17CA7044DBB4B,79cde6947d8c40afaaa6880a47e91c0cbcc4dd6d45876106c1492033bd40ce51,2026-09-09T13:33:59,Sawyer,
MI,2027,2026/2027,True,Detroit Salt,Berrien,Early Fill,MDOT,early_fill,delivered,USD/short ton,2000.0,76.2,152400.0,,260000000712,award,price+volume,derived,MI_FY2027_DetroitSalt_260000000712.pdf,30,https://www.michigan.gov/dtmb/-/media/Project/Websites/dtmb/Procurement/Contracts/MiDEAL/002/260000000712.pdf?rev=8d4ed14d634d466fa9207bb1d92c2458&hash=AAB40CFD3A7E1C61C7C17CA7044DBB4B,79cde6947d8c40afaaa6880a47e91c0cbcc4dd6d45876106c1492033bd40ce51,2026-09-09T13:33:59,Niles,
MI,2027,2026/2027,True,Detroit Salt,Berrien,Seasonal Back-Up,MDOT,seasonal_backup,delivered,USD/short ton,2200.0,74.16,163152.0,,260000000712,award,price+volume,derived,MI_FY2027_DetroitSalt_260000000712.pdf,33,https://www.michigan.gov/dtmb/-/media/Project/Websites/dtmb/Procurement/Contracts/MiDEAL/002/260000000712.pdf?rev=8d4ed14d634d466fa9207bb1d92c2458&hash=AAB40CFD3A7E1C61C7C17CA7044DBB4B,79cde6947d8c40afaaa6880a47e91c0cbcc4dd6d45876106c1492033bd40ce51,2026-09-09T13:33:59,Sawyer,
MI,2027,2026/2027,True,Detroit Salt,Berrien,Seasonal Back-Up,MDOT,seasonal_backup,delivered,USD/short ton,3300.0,74.16,244728.0,,260000000712,award,price+volume,derived,MI_FY2027_DetroitSalt_260000000712.pdf,33,https://www.michigan.gov/dtmb/-/media/Project/Websites/dtmb/Procurement/Contracts/MiDEAL/002/260000000712.pdf?rev=8d4ed14d634d466fa9207bb1d92c2458&hash=AAB40CFD3A7E1C61C7C17CA7044DBB4B,79cde6947d8c40afaaa6880a47e91c0cbcc4dd6d45876106c1492033bd40ce51,2026-09-09T13:33:59,Niles,
MI,2027,2026/2027,True,Detroit Salt,Berrien,Seasonal Back-Up,MDOT,seasonal_backup,delivered,USD/short ton,4200.0,74.16,311472.0,,260000000712,award,price+volume,derived,MI_FY2027_DetroitSalt_260000000712.pdf,33,https://www.michigan.gov/dtmb/-/media/Project/Websites/dtmb/Procurement/Contracts/MiDEAL/002/260000000712.pdf?rev=8d4ed14d634d466fa9207bb1d92c2458&hash=AAB40CFD3A7E1C61C7C17CA7044DBB4B,79cde6947d8c40afaaa6880a47e91c0cbcc4dd6d45876106c1492033bd40ce51,2026-09-09T13:33:59,Coloma,
MI,2027,2026/2027,True,Detroit Salt,Berrien,Early Fill,MiDEAL / State Agency,early_fill,delivered,USD/short ton,300.0,76.2,22860.0,,260000000712,award,price+volume,derived,MI_FY2027_DetroitSalt_260000000712.pdf,37,https://www.michigan.gov/dtmb/-/media/Project/Websites/dtmb/Procurement/Contracts/MiDEAL/002/260000000712.pdf?rev=8d4ed14d634d466fa9207bb1d92c2458&hash=AAB40CFD3A7E1C61C7C17CA7044DBB4B,79cde6947d8c40afaaa6880a47e91c0cbcc4dd6d45876106c1492033bd40ce51,2026-09-09T13:33:59,"BUCHANAN, CITY OF",
MI,2027,2026/2027,True,Detroit Salt,Berrien,Early Fill,MiDEAL / State Agency,early_fill,delivered,USD/short ton,100.0,76.2,7620.0,,260000000712,award,price+volume,derived,MI_FY2027_DetroitSalt_260000000712.pdf,37,https://www.michigan.gov/dtmb/-/media/Project/Websites/dtmb/Procurement/Contracts/MiDEAL/002/260000000712.pdf?rev=8d4ed14d634d466fa9207bb1d92c2458&hash=AAB40CFD3A7E1C61C7C17CA7044DBB4B,79cde6947d8c40afaaa6880a47e91c0cbcc4dd6d45876106c1492033bd40ce51,2026-09-09T13:33:59,"NEW BUFFALO, CITY OF",
MI,2027,2026/2027,True,Detroit Salt,Berrien,Early Fill,MiDEAL / State Agency,early_fill,delivered,USD/short ton,200.0,76.2,15240.0,,260000000712,award,price+volume,derived,MI_FY2027_DetroitSalt_260000000712.pdf,37,https://www.michigan.gov/dtmb/-/media/Project/Websites/dtmb/Procurement/Contracts/MiDEAL/002/260000000712.pdf?rev=8d4ed14d634d466fa9207bb1d92c2458&hash=AAB40CFD3A7E1C61C7C17CA7044DBB4B,79cde6947d8c40afaaa6880a47e91c0cbcc4dd6d45876106c1492033bd40ce51,2026-09-09T13:33:59,"COLOMA, CITY OF",
MI,2027,2026/2027,True,Detroit Salt,Berrien,Early Fill,MiDEAL / State Agency,early_fill,delivered,USD/short ton,150.0,76.2,11430.0,,260000000712,award,price+volume,derived,MI_FY2027_DetroitSalt_260000000712.pdf,38,https://www.michigan.gov/dtmb/-/media/Project/Websites/dtmb/Procurement/Contracts/MiDEAL/002/260000000712.pdf?rev=8d4ed14d634d466fa9207bb1d92c2458&hash=AAB40CFD3A7E1C61C7C17CA7044DBB4B,79cde6947d8c40afaaa6880a47e91c0cbcc4dd6d45876106c1492033bd40ce51,2026-09-09T13:33:59,"BENTON HARBOR, CITY OF",
MI,2027,2026/2027,True,Detroit Salt,Berrien,Early Fill,MiDEAL / State Agency,early_fill,delivered,USD/short ton,50.0,76.2,3810.0,,260000000712,award,price+volume,derived,MI_FY2027_DetroitSalt_260000000712.pdf,38,https://www.michigan.gov/dtmb/-/media/Project/Websites/dtmb/Procurement/Contracts/MiDEAL/002/260000000712.pdf?rev=8d4ed14d634d466fa9207bb1d92c2458&hash=AAB40CFD3A7E1C61C7C17CA7044DBB4B,79cde6947d8c40afaaa6880a47e91c0cbcc4dd6d45876106c1492033bd40ce51,2026-09-09T13:33:59,"BERRIEN SPRINGS, VILLAGE OF",
MI,2027,2026/2027,True,Detroit Salt,Berrien,Early Fill,MiDEAL / State Agency,early_fill,delivered,USD/short ton,100.0,76.2,7620.0,,260000000712,award,price+volume,derived,MI_FY2027_DetroitSalt_260000000712.pdf,38,https://www.michigan.gov/dtmb/-/media/Project/Websites/dtmb/Procurement/Contracts/MiDEAL/002/260000000712.pdf?rev=8d4ed14d634d466fa9207bb1d92c2458&hash=AAB40CFD3A7E1C61C7C17CA7044DBB4B,79cde6947d8c40afaaa6880a47e91c0cbcc4dd6d45876106c1492033bd40ce51,2026-09-09T13:33:59,"BERRIEN SPRINGS, VILLAGE OF",
MI,2027,2026/2027,True,Detroit Salt,Berrien,Early Fill,MiDEAL / State Agency,early_fill,delivered,USD/short ton,50.0,76.2,3810.0,,260000000712,award,price+volume,derived,MI_FY2027_DetroitSalt_260000000712.pdf,38,https://www.michigan.gov/dtmb/-/media/Project/Websites/dtmb/Procurement/Contracts/MiDEAL/002/260000000712.pdf?rev=8d4ed14d634d466fa9207bb1d92c2458&hash=AAB40CFD3A7E1C61C7C17CA7044DBB4B,79cde6947d8c40afaaa6880a47e91c0cbcc4dd6d45876106c1492033bd40ce51,2026-09-09T13:33:59,"THREE OAKS, VILLAGE OF",
MI,2027,2026/2027,True,Detroit Salt,Berrien,Early Fill,MiDEAL / State Agency,early_fill,delivered,USD/short ton,100.0,76.2,7620.0,,260000000712,award,price+volume,derived,MI_FY2027_DetroitSalt_260000000712.pdf,38,https://www.michigan.gov/dtmb/-/media/Project/Websites/dtmb/Procurement/Contracts/MiDEAL/002/260000000712.pdf?rev=8d4ed14d634d466fa9207bb1d92c2458&hash=AAB40CFD3A7E1C61C7C17CA7044DBB4B,79cde6947d8c40afaaa6880a47e91c0cbcc4dd6d45876106c1492033bd40ce51,2026-09-09T13:33:59,"WATERVLIET, CITY OF",
MI,2027,2026/2027,True,Detroit Salt,Berrien,Early Fill,MiDEAL / State Agency,early_fill,delivered,USD/short ton,800.0,76.2,60960.0,,260000000712,award,price+volume,derived,MI_FY2027_DetroitSalt_260000000712.pdf,38,https://www.michigan.gov/dtmb/-/media/Project/Websites/dtmb/Procurement/Contracts/MiDEAL/002/260000000712.pdf?rev=8d4ed14d634d466fa9207bb1d92c2458&hash=AAB40CFD3A7E1C61C7C17CA7044DBB4B,79cde6947d8c40afaaa6880a47e91c0cbcc4dd6d45876106c1492033bd40ce51,2026-09-09T13:33:59,"ST. JOSEPH, CITY OF",
MI,2027,2026/2027,True,Detroit Salt,Berrien,Early Fill,MiDEAL / State Agency,early_fill,delivered,USD/short ton,300.0,76.2,22860.0,,260000000712,award,price+volume,derived,MI_FY2027_DetroitSalt_260000000712.pdf,38,https://www.michigan.gov/dtmb/-/media/Project/Websites/dtmb/Procurement/Contracts/MiDEAL/002/260000000712.pdf?rev=8d4ed14d634d466fa9207bb1d92c2458&hash=AAB40CFD3A7E1C61C7C17CA7044DBB4B,79cde6947d8c40afaaa6880a47e91c0cbcc4dd6d45876106c1492033bd40ce51,2026-09-09T13:33:59,BRIDGMAN CITY OF,
MI,2027,2026/2027,True,Detroit Salt,Berrien,Early Fill,MiDEAL / State Agency,early_fill,delivered,USD/short ton,300.0,76.2,22860.0,,260000000712,award,price+volume,derived,MI_FY2027_DetroitSalt_260000000712.pdf,38,https://www.michigan.gov/dtmb/-/media/Project/Websites/dtmb/Procurement/Contracts/MiDEAL/002/260000000712.pdf?rev=8d4ed14d634d466fa9207bb1d92c2458&hash=AAB40CFD3A7E1C61C7C17CA7044DBB4B,79cde6947d8c40afaaa6880a47e91c0cbcc4dd6d45876106c1492033bd40ce51,2026-09-09T13:33:59,BERRIEN COUNTY,
MI,2027,2026/2027,True,Detroit Salt,Branch,Seasonal Back-Up,MiDEAL / State Agency,seasonal_backup,delivered,USD/short ton,150.0,75.75,11362.5,,260000000713,award,price+volume,derived,MI_FY2027_CompassMinerals_260000000713.pdf,42,https://www.michigan.gov/dtmb/-/media/Project/Websites/dtmb/Procurement/Contracts/022/260000000713.pdf?rev=044d384e33124f69856ff95f406d8b63&hash=EDE0618298A9461C637E9129261588D0,b42001c1d85bb1aa8af53b05e4da59e2a811f76be17396a0792a82e3a7a14675,2026-09-09T13:34:00,"UNION CITY, VILLAGE OF",
MI,2027,2026/2027,True,Detroit Salt,Branch,Seasonal Back-Up,MiDEAL / State Agency,seasonal_backup,delivered,USD/short ton,50.0,75.75,3787.5,,260000000713,award,price+volume,derived,MI_FY2027_CompassMinerals_260000000713.pdf,42,https://www.michigan.gov/dtmb/-/media/Project/Websites/dtmb/Procurement/Contracts/022/260000000713.pdf?rev=044d384e33124f69856ff95f406d8b63&hash=EDE0618298A9461C637E9129261588D0,b42001c1d85bb1aa8af53b05e4da59e2a811f76be17396a0792a82e3a7a14675,2026-09-09T13:34:00,"BRONSON, CITY OF",
MI,2027,2026/2027,True,Detroit Salt,Branch,Seasonal Back-Up,MiDEAL / State Agency,seasonal_backup,delivered,USD/short ton,500.0,75.75,37875.0,,260000000713,award,price+volume,derived,MI_FY2027_CompassMinerals_260000000713.pdf,42,https://www.michigan.gov/dtmb/-/media/Project/Websites/dtmb/Procurement/Contracts/022/260000000713.pdf?rev=044d384e33124f69856ff95f406d8b63&hash=EDE0618298A9461C637E9129261588D0,b42001c1d85bb1aa8af53b05e4da59e2a811f76be17396a0792a82e3a7a14675,2026-09-09T13:34:00,"COLDWATER, CITY OF",
MI,2027,2026/2027,True,Detroit Salt,Branch,Seasonal Back-Up,MiDEAL / State Agency,seasonal_backup,delivered,USD/short ton,1200.0,75.75,90900.0,,260000000713,award,price+volume,derived,MI_FY2027_CompassMinerals_260000000713.pdf,42,https://www.michigan.gov/dtmb/-/media/Project/Websites/dtmb/Procurement/Contracts/022/260000000713.pdf?rev=044d384e33124f69856ff95f406d8b63&hash=EDE0618298A9461C637E9129261588D0,b42001c1d85bb1aa8af53b05e4da59e2a811f76be17396a0792a82e3a7a14675,2026-09-09T13:34:00,BRANCH COUNTY ROAD COMMISSION,
MI,2027,2026/2027,True,Detroit Salt,Branch,Early Fill,MDOT,early_fill,delivered,USD/short ton,1600.0,74.38,119008.0,,260000000712,award,price+volume,derived,MI_FY2027_DetroitSalt_260000000712.pdf,30,https://www.michigan.gov/dtmb/-/media/Project/Websites/dtmb/Procurement/Contracts/MiDEAL/002/260000000712.pdf?rev=8d4ed14d634d466fa9207bb1d92c2458&hash=AAB40CFD3A7E1C61C7C17CA7044DBB4B,79cde6947d8c40afaaa6880a47e91c0cbcc4dd6d45876106c1492033bd40ce51,2026-09-09T13:33:59,Branch CRC,
MI,2027,2026/2027,True,Detroit Salt,Branch,Seasonal Back-Up,MDOT,seasonal_backup,delivered,USD/short ton,2500.0,75.75,189375.0,,260000000712,award,price+volume,derived,MI_FY2027_DetroitSalt_260000000712.pdf,33,https://www.michigan.gov/dtmb/-/media/Project/Websites/dtmb/Procurement/Contracts/MiDEAL/002/260000000712.pdf?rev=8d4ed14d634d466fa9207bb1d92c2458&hash=AAB40CFD3A7E1C61C7C17CA7044DBB4B,79cde6947d8c40afaaa6880a47e91c0cbcc4dd6d45876106c1492033bd40ce51,2026-09-09T13:33:59,Branch CRC,
MI,2027,2026/2027,True,Detroit Salt,Branch,Early Fill,MiDEAL / State Agency,early_fill,delivered,USD/short ton,100.0,74.38,7438.0,,260000000712,award,price+volume,derived,MI_FY2027_DetroitSalt_260000000712.pdf,38,https://www.michigan.gov/dtmb/-/media/Project/Websites/dtmb/Procurement/Contracts/MiDEAL/002/260000000712.pdf?rev=8d4ed14d634d466fa9207bb1d92c2458&hash=AAB40CFD3A7E1C61C7C17CA7044DBB4B,79cde6947d8c40afaaa6880a47e91c0cbcc4dd6d45876106c1492033bd40ce51,2026-09-09T13:33:59,"BRONSON, CITY OF",
MI,2027,2026/2027,True,Detroit Salt,Branch,Early Fill,MiDEAL / State Agency,early_fill,delivered,USD/short ton,4800.0,74.38,357024.0,,260000000712,award,price+volume,derived,MI_FY2027_DetroitSalt_260000000712.pdf,38,https://www.michigan.gov/dtmb/-/media/Project/Websites/dtmb/Procurement/Contracts/MiDEAL/002/260000000712.pdf?rev=8d4ed14d634d466fa9207bb1d92c2458&hash=AAB40CFD3A7E1C61C7C17CA7044DBB4B,79cde6947d8c40afaaa6880a47e91c0cbcc4dd6d45876106c1492033bd40ce51,2026-09-09T13:33:59,BRANCH COUNTY ROAD COMMISSION,
MI,2027,2026/2027,True,Detroit Salt,Branch,Early Fill,MiDEAL / State Agency,early_fill,delivered,USD/short ton,100.0,74.38,7438.0,,260000000712,award,price+volume,derived,MI_FY2027_DetroitSalt_260000000712.pdf,38,https://www.michigan.gov/dtmb/-/media/Project/Websites/dtmb/Procurement/Contracts/MiDEAL/002/260000000712.pdf?rev=8d4ed14d634d466fa9207bb1d92c2458&hash=AAB40CFD3A7E1C61C7C17CA7044DBB4B,79cde6947d8c40afaaa6880a47e91c0cbcc4dd6d45876106c1492033bd40ce51,2026-09-09T13:33:59,"QUINCY, VILLAGE OF",
MI,2027,2026/2027,True,Detroit Salt,Calhoun,Seasonal Back-Up,MiDEAL / State Agency,seasonal_backup,delivered,USD/short ton,6000.0,72.14,432840.0,,260000000713,award,price+volume,derived,MI_FY2027_CompassMinerals_260000000713.pdf,42,https://www.michigan.gov/dtmb/-/media/Project/Websites/dtmb/Procurement/Contracts/022/260000000713.pdf?rev=044d384e33124f69856ff95f406d8b63&hash=EDE0618298A9461C637E9129261588D0,b42001c1d85bb1aa8af53b05e4da59e2a811f76be17396a0792a82e3a7a14675,2026-09-09T13:34:00,CALHOUN COUNTY,
MI,2027,2026/2027,True,Detroit Salt,Calhoun,Seasonal Back-Up,MiDEAL / State Agency,seasonal_backup,delivered,USD/short ton,6000.0,72.14,432840.0,,260000000713,award,price+volume,derived,MI_FY2027_CompassMinerals_260000000713.pdf,42,https://www.michigan.gov/dtmb/-/media/Project/Websites/dtmb/Procurement/Contracts/022/260000000713.pdf?rev=044d384e33124f69856ff95f406d8b63&hash=EDE0618298A9461C637E9129261588D0,b42001c1d85bb1aa8af53b05e4da59e2a811f76be17396a0792a82e3a7a14675,2026-09-09T13:34:00,CALHOUN COUNTY,
MI,2027,2026/2027,True,Detroit Salt,Calhoun,Seasonal Back-Up,MiDEAL / State Agency,seasonal_backup,delivered,USD/short ton,300.0,72.14,21642.0,,260000000713,award,price+volume,derived,MI_FY2027_CompassMinerals_260000000713.pdf,42,https://www.michigan.gov/dtmb/-/media/Project/Websites/dtmb/Procurement/Contracts/022/260000000713.pdf?rev=044d384e33124f69856ff95f406d8b63&hash=EDE0618298A9461C637E9129261588D0,b42001c1d85bb1aa8af53b05e4da59e2a811f76be17396a0792a82e3a7a14675,2026-09-09T13:34:00,CALHOUN COUNTY,
MI,2027,2026/2027,True,Detroit Salt,Calhoun,Seasonal Back-Up,MiDEAL / State Agency,seasonal_backup,delivered,USD/short ton,400.0,72.14,28856.0,,260000000713,award,price+volume,derived,MI_FY2027_CompassMinerals_260000000713.pdf,42,https://www.michigan.gov/dtmb/-/media/Project/Websites/dtmb/Procurement/Contracts/022/260000000713.pdf?rev=044d384e33124f69856ff95f406d8b63&hash=EDE0618298A9461C637E9129261588D0,b42001c1d85bb1aa8af53b05e4da59e2a811f76be17396a0792a82e3a7a14675,2026-09-09T13:34:00,ALBION CITY OF,
MI,2027,2026/2027,True,Detroit Salt,Calhoun,Seasonal Back-Up,MiDEAL / State Agency,seasonal_backup,delivered,USD/short ton,650.0,72.14,46891.0,,260000000713,award,price+volume,derived,MI_FY2027_CompassMinerals_260000000713.pdf,42,https://www.michigan.gov/dtmb/-/media/Project/Websites/dtmb/Procurement/Contracts/022/260000000713.pdf?rev=044d384e33124f69856ff95f406d8b63&hash=EDE0618298A9461C637E9129261588D0,b42001c1d85bb1aa8af53b05e4da59e2a811f76be17396a0792a82e3a7a14675,2026-09-09T13:34:00,"SPRINGFIELD, CITY OF",
MI,2027,2026/2027,True,Detroit Salt,Calhoun,Seasonal Back-Up,MiDEAL / State Agency,seasonal_backup,delivered,USD/short ton,7000.0,72.14,504980.0,,260000000713,award,price+volume,derived,MI_FY2027_CompassMinerals_260000000713.pdf,42,https://www.michigan.gov/dtmb/-/media/Project/Websites/dtmb/Procurement/Contracts/022/260000000713.pdf?rev=044d384e33124f69856ff95f406d8b63&hash=EDE0618298A9461C637E9129261588D0,b42001c1d85bb1aa8af53b05e4da59e2a811f76be17396a0792a82e3a7a14675,2026-09-09T13:34:00,"BATTLE CREEK, CITY OF",
MI,2027,2026/2027,True,Detroit Salt,Calhoun,Seasonal Back-Up,MiDEAL / State Agency,seasonal_backup,delivered,USD/short ton,200.0,72.14,14428.0,,260000000713,award,price+volume,derived,MI_FY2027_CompassMinerals_260000000713.pdf,42,https://www.michigan.gov/dtmb/-/media/Project/Websites/dtmb/Procurement/Contracts/022/260000000713.pdf?rev=044d384e33124f69856ff95f406d8b63&hash=EDE0618298A9461C637E9129261588D0,b42001c1d85bb1aa8af53b05e4da59e2a811f76be17396a0792a82e3a7a14675,2026-09-09T13:34:00,"MARSHALL, CITY OF",
MI,2027,2026/2027,True,Detroit Salt,Calhoun,Seasonal Back-Up,MiDEAL / State Agency,seasonal_backup,delivered,USD/short ton,50.0,72.14,3607.0,,260000000713,award,price+volume,derived,MI_FY2027_CompassMinerals_260000000713.pdf,42,https://www.michigan.gov/dtmb/-/media/Project/Websites/dtmb/Procurement/Contracts/022/260000000713.pdf?rev=044d384e33124f69856ff95f406d8b63&hash=EDE0618298A9461C637E9129261588D0,b42001c1d85bb1aa8af53b05e4da59e2a811f76be17396a0792a82e3a7a14675,2026-09-09T13:34:00,Kellogg Community College,
MI,2027,2026/2027,True,Detroit Salt,Calhoun,Seasonal Back-Up,MiDEAL / State Agency,seasonal_backup,delivered,USD/short ton,100.0,72.14,7214.0,,260000000713,award,price+volume,derived,MI_FY2027_CompassMinerals_260000000713.pdf,42,https://www.michigan.gov/dtmb/-/media/Project/Websites/dtmb/Procurement/Contracts/022/260000000713.pdf?rev=044d384e33124f69856ff95f406d8b63&hash=EDE0618298A9461C637E9129261588D0,b42001c1d85bb1aa8af53b05e4da59e2a811f76be17396a0792a82e3a7a14675,2026-09-09T13:34:00,DMVA-AGENCY,
MI,2027,2026/2027,True,Detroit Salt,Calhoun,Early Fill,MDOT,early_fill,delivered,USD/short ton,500.0,75.75,37875.0,,260000000712,award,price+volume,derived,MI_FY2027_DetroitSalt_260000000712.pdf,30,https://www.michigan.gov/dtmb/-/media/Project/Websites/dtmb/Procurement/Contracts/MiDEAL/002/260000000712.pdf?rev=8d4ed14d634d466fa9207bb1d92c2458&hash=AAB40CFD3A7E1C61C7C17CA7044DBB4B,79cde6947d8c40afaaa6880a47e91c0cbcc4dd6d45876106c1492033bd40ce51,2026-09-09T13:33:59,Marshall,
MI,2027,2026/2027,True,Detroit Salt,Calhoun,Seasonal Back-Up,MDOT,seasonal_backup,delivered,USD/short ton,800.0,72.14,57712.0,,260000000712,award,price+volume,derived,MI_FY2027_DetroitSalt_260000000712.pdf,33,https://www.michigan.gov/dtmb/-/media/Project/Websites/dtmb/Procurement/Contracts/MiDEAL/002/260000000712.pdf?rev=8d4ed14d634d466fa9207bb1d92c2458&hash=AAB40CFD3A7E1C61C7C17CA7044DBB4B,79cde6947d8c40afaaa6880a47e91c0cbcc4dd6d45876106c1492033bd40ce51,2026-09-09T13:33:59,Marshall,
MI,2027,2026/2027,True,Detroit Salt,Calhoun,Seasonal Back-Up,MDOT,seasonal_backup,delivered,USD/short ton,4000.0,72.14,288560.0,,260000000712,award,price+volume,derived,MI_FY2027_DetroitSalt_260000000712.pdf,33,https://www.michigan.gov/dtmb/-/media/Project/Websites/dtmb/Procurement/Contracts/MiDEAL/002/260000000712.pdf?rev=8d4ed14d634d466fa9207bb1d92c2458&hash=AAB40CFD3A7E1C61C7C17CA7044DBB4B,79cde6947d8c40afaaa6880a47e91c0cbcc4dd6d45876106c1492033bd40ce51,2026-09-09T13:33:59,CCRD - Marshall,
MI,2027,2026/2027,True,Detroit Salt,Calhoun,Seasonal Back-Up,MDOT,seasonal_backup,delivered,USD/short ton,2800.0,72.14,201992.0,,260000000712,award,price+volume,derived,MI_FY2027_DetroitSalt_260000000712.pdf,33,https://www.michigan.gov/dtmb/-/media/Project/Websites/dtmb/Procurement/Contracts/MiDEAL/002/260000000712.pdf?rev=8d4ed14d634d466fa9207bb1d92c2458&hash=AAB40CFD3A7E1C61C7C17CA7044DBB4B,79cde6947d8c40afaaa6880a47e91c0cbcc4dd6d45876106c1492033bd40ce51,2026-09-09T13:33:59,CRD - Battle Cree,
MI,2027,2026/2027,True,Detroit Salt,Calhoun,Early Fill,MiDEAL / State Agency,early_fill,delivered,USD/short ton,500.0,75.75,37875.0,,260000000712,award,price+volume,derived,MI_FY2027_DetroitSalt_260000000712.pdf,38,https://www.michigan.gov/dtmb/-/media/Project/Websites/dtmb/Procurement/Contracts/MiDEAL/002/260000000712.pdf?rev=8d4ed14d634d466fa9207bb1d92c2458&hash=AAB40CFD3A7E1C61C7C17CA7044DBB4B,79cde6947d8c40afaaa6880a47e91c0cbcc4dd6d45876106c1492033bd40ce51,2026-09-09T13:33:59,"MARSHALL, CITY OF",
MI,2027,2026/2027,True,Detroit Salt,Calhoun,Early Fill,MiDEAL / State Agency,early_fill,delivered,USD/short ton,100.0,75.75,7575.0,,260000000712,award,price+volume,derived,MI_FY2027_DetroitSalt_260000000712.pdf,38,https://www.michigan.gov/dtmb/-/media/Project/Websites/dtmb/Procurement/Contracts/MiDEAL/002/260000000712.pdf?rev=8d4ed14d634d466fa9207bb1d92c2458&hash=AAB40CFD3A7E1C61C7C17CA7044DBB4B,79cde6947d8c40afaaa6880a47e91c0cbcc4dd6d45876106c1492033bd40ce51,2026-09-09T13:33:59,Kellogg Community College,
MI,2027,2026/2027,True,Detroit Salt,Calhoun,Early Fill,MiDEAL / State Agency,early_fill,delivered,USD/short ton,200.0,75.75,15150.0,,260000000712,award,price+volume,derived,MI_FY2027_DetroitSalt_260000000712.pdf,38,https://www.michigan.gov/dtmb/-/media/Project/Websites/dtmb/Procurement/Contracts/MiDEAL/002/260000000712.pdf?rev=8d4ed14d634d466fa9207bb1d92c2458&hash=AAB40CFD3A7E1C61C7C17CA7044DBB4B,79cde6947d8c40afaaa6880a47e91c0cbcc4dd6d45876106c1492033bd40ce51,2026-09-09T13:33:59,ALBION CITY OF,
MI,2027,2026/2027,True,Detroit Salt,Cass,Seasonal Back-Up,MiDEAL / State Agency,seasonal_backup,delivered,USD/short ton,2400.0,78.78,189072.0,,260000000713,award,price+volume,derived,MI_FY2027_CompassMinerals_260000000713.pdf,42,https://www.michigan.gov/dtmb/-/media/Project/Websites/dtmb/Procurement/Contracts/022/260000000713.pdf?rev=044d384e33124f69856ff95f406d8b63&hash=EDE0618298A9461C637E9129261588D0,b42001c1d85bb1aa8af53b05e4da59e2a811f76be17396a0792a82e3a7a14675,2026-09-09T13:34:00,CASS COUNTY ROAD COMMISSION,
MI,2027,2026/2027,True,Detroit Salt,Cass,Seasonal Back-Up,MiDEAL / State Agency,seasonal_backup,delivered,USD/short ton,50.0,78.78,3939.0,,260000000713,award,price+volume,derived,MI_FY2027_CompassMinerals_260000000713.pdf,42,https://www.michigan.gov/dtmb/-/media/Project/Websites/dtmb/Procurement/Contracts/022/260000000713.pdf?rev=044d384e33124f69856ff95f406d8b63&hash=EDE0618298A9461C637E9129261588D0,b42001c1d85bb1aa8af53b05e4da59e2a811f76be17396a0792a82e3a7a14675,2026-09-09T13:34:00,"MARCELLUS, VILLAGE OF",
MI,2027,2026/2027,True,Detroit Salt,Cass,Early Fill,MDOT,early_fill,delivered,USD/short ton,1200.0,81.05,97260.0,,260000000712,award,price+volume,derived,MI_FY2027_DetroitSalt_260000000712.pdf,30,https://www.michigan.gov/dtmb/-/media/Project/Websites/dtmb/Procurement/Contracts/MiDEAL/002/260000000712.pdf?rev=8d4ed14d634d466fa9207bb1d92c2458&hash=AAB40CFD3A7E1C61C7C17CA7044DBB4B,79cde6947d8c40afaaa6880a47e91c0cbcc4dd6d45876106c1492033bd40ce51,2026-09-09T13:33:59,Jones,
MI,2027,2026/2027,True,Detroit Salt,Cass,Seasonal Back-Up,MDOT,seasonal_backup,delivered,USD/short ton,2200.0,78.78,173316.0,,260000000712,award,price+volume,derived,MI_FY2027_DetroitSalt_260000000712.pdf,33,https://www.michigan.gov/dtmb/-/media/Project/Websites/dtmb/Procurement/Contracts/MiDEAL/002/260000000712.pdf?rev=8d4ed14d634d466fa9207bb1d92c2458&hash=AAB40CFD3A7E1C61C7C17CA7044DBB4B,79cde6947d8c40afaaa6880a47e91c0cbcc4dd6d45876106c1492033bd40ce51,2026-09-09T13:33:59,Jones,
MI,2027,2026/2027,True,Detroit Salt,Cass,Early Fill,MiDEAL / State Agency,early_fill,delivered,USD/short ton,600.0,81.05,48630.0,,260000000712,award,price+volume,derived,MI_FY2027_DetroitSalt_260000000712.pdf,38,https://www.michigan.gov/dtmb/-/media/Project/Websites/dtmb/Procurement/Contracts/MiDEAL/002/260000000712.pdf?rev=8d4ed14d634d466fa9207bb1d92c2458&hash=AAB40CFD3A7E1C61C7C17CA7044DBB4B,79cde6947d8c40afaaa6880a47e91c0cbcc4dd6d45876106c1492033bd40ce51,2026-09-09T13:33:59,CASS COUNTY ROAD COMMISSION,
MI,2027,2026/2027,True,Detroit Salt,Cass,Early Fill,MiDEAL / State Agency,early_fill,delivered,USD/short ton,600.0,81.05,48630.0,,260000000712,award,price+volume,derived,MI_FY2027_DetroitSalt_260000000712.pdf,38,https://www.michigan.gov/dtmb/-/media/Project/Websites/dtmb/Procurement/Contracts/MiDEAL/002/260000000712.pdf?rev=8d4ed14d634d466fa9207bb1d92c2458&hash=AAB40CFD3A7E1C61C7C17CA7044DBB4B,79cde6947d8c40afaaa6880a47e91c0cbcc4dd6d45876106c1492033bd40ce51,2026-09-09T13:33:59,"DOWAGIAC, CITY OF",
MI,2027,2026/2027,True,Detroit Salt,Cass,Early Fill,MiDEAL / State Agency,early_fill,delivered,USD/short ton,50.0,81.05,4052.5,,260000000712,award,price+volume,derived,MI_FY2027_DetroitSalt_260000000712.pdf,38,https://www.michigan.gov/dtmb/-/media/Project/Websites/dtmb/Procurement/Contracts/MiDEAL/002/260000000712.pdf?rev=8d4ed14d634d466fa9207bb1d92c2458&hash=AAB40CFD3A7E1C61C7C17CA7044DBB4B,79cde6947d8c40afaaa6880a47e91c0cbcc4dd6d45876106c1492033bd40ce51,2026-09-09T13:33:59,"MARCELLUS, VILLAGE OF",
MI,2027,2026/2027,True,Detroit Salt,Charlevoix,Early Fill,MDOT,early_fill,delivered,USD/short ton,1000.0,83.19,83190.0,,260000000712,award,price+volume,derived,MI_FY2027_DetroitSalt_260000000712.pdf,27,https://www.michigan.gov/dtmb/-/media/Project/Websites/dtmb/Procurement/Contracts/MiDEAL/002/260000000712.pdf?rev=8d4ed14d634d466fa9207bb1d92c2458&hash=AAB40CFD3A7E1C61C7C17CA7044DBB4B,79cde6947d8c40afaaa6880a47e91c0cbcc4dd6d45876106c1492033bd40ce51,2026-09-09T13:33:59,Boyne City,
MI,2027,2026/2027,True,Detroit Salt,Charlevoix,Early Fill,MDOT,early_fill,delivered,USD/short ton,1000.0,83.19,83190.0,,260000000712,award,price+volume,derived,MI_FY2027_DetroitSalt_260000000712.pdf,27,https://www.michigan.gov/dtmb/-/media/Project/Websites/dtmb/Procurement/Contracts/MiDEAL/002/260000000712.pdf?rev=8d4ed14d634d466fa9207bb1d92c2458&hash=AAB40CFD3A7E1C61C7C17CA7044DBB4B,79cde6947d8c40afaaa6880a47e91c0cbcc4dd6d45876106c1492033bd40ce51,2026-09-09T13:33:59,Ironton,
MI,2027,2026/2027,True,Detroit Salt,Charlevoix,Early Fill,MiDEAL / State Agency,early_fill,delivered,USD/short ton,1500.0,83.19,124785.0,,260000000712,award,price+volume,derived,MI_FY2027_DetroitSalt_260000000712.pdf,35,https://www.michigan.gov/dtmb/-/media/Project/Websites/dtmb/Procurement/Contracts/MiDEAL/002/260000000712.pdf?rev=8d4ed14d634d466fa9207bb1d92c2458&hash=AAB40CFD3A7E1C61C7C17CA7044DBB4B,79cde6947d8c40afaaa6880a47e91c0cbcc4dd6d45876106c1492033bd40ce51,2026-09-09T13:33:59,CHARLEVOIX COUNTY ROAD COMMISSION,
MI,2027,2026/2027,True,Detroit Salt,Charlevoix,Early Fill,MiDEAL / State Agency,early_fill,delivered,USD/short ton,1500.0,83.19,124785.0,,260000000712,award,price+volume,derived,MI_FY2027_DetroitSalt_260000000712.pdf,35,https://www.michigan.gov/dtmb/-/media/Project/Websites/dtmb/Procurement/Contracts/MiDEAL/002/260000000712.pdf?rev=8d4ed14d634d466fa9207bb1d92c2458&hash=AAB40CFD3A7E1C61C7C17CA7044DBB4B,79cde6947d8c40afaaa6880a47e91c0cbcc4dd6d45876106c1492033bd40ce51,2026-09-09T13:33:59,CHARLEVOIX COUNTY ROAD COMMISSION,
MI,2027,2026/2027,True,Detroit Salt,Charlevoix,Early Fill,MiDEAL / State Agency,early_fill,delivered,USD/short ton,250.0,83.19,20797.5,,260000000712,award,price+volume,derived,MI_FY2027_DetroitSalt_260000000712.pdf,35,https://www.michigan.gov/dtmb/-/media/Project/Websites/dtmb/Procurement/Contracts/MiDEAL/002/260000000712.pdf?rev=8d4ed14d634d466fa9207bb1d92c2458&hash=AAB40CFD3A7E1C61C7C17CA7044DBB4B,79cde6947d8c40afaaa6880a47e91c0cbcc4dd6d45876106c1492033bd40ce51,2026-09-09T13:33:59,"EAST JORDAN, CITY OF",
MI,2027,2026/2027,True,Detroit Salt,Charlevoix,Early Fill,MiDEAL / State Agency,early_fill,delivered,USD/short ton,250.0,83.19,20797.5,,260000000712,award,price+volume,derived,MI_FY2027_DetroitSalt_260000000712.pdf,35,https://www.michigan.gov/dtmb/-/media/Project/Websites/dtmb/Procurement/Contracts/MiDEAL/002/260000000712.pdf?rev=8d4ed14d634d466fa9207bb1d92c2458&hash=AAB40CFD3A7E1C61C7C17CA7044DBB4B,79cde6947d8c40afaaa6880a47e91c0cbcc4dd6d45876106c1492033bd40ce51,2026-09-09T13:33:59,"CHARLEVOIX, CITY OF",
MI,2027,2026/2027,True,Detroit Salt,Charlevoix,Early Fill,MiDEAL / State Agency,early_fill,delivered,USD/short ton,400.0,83.19,33276.0,,260000000712,award,price+volume,derived,MI_FY2027_DetroitSalt_260000000712.pdf,35,https://www.michigan.gov/dtmb/-/media/Project/Websites/dtmb/Procurement/Contracts/MiDEAL/002/260000000712.pdf?rev=8d4ed14d634d466fa9207bb1d92c2458&hash=AAB40CFD3A7E1C61C7C17CA7044DBB4B,79cde6947d8c40afaaa6880a47e91c0cbcc4dd6d45876106c1492033bd40ce51,2026-09-09T13:33:59,BOYNE CITY,
MI,2027,2026/2027,True,Detroit Salt,Chippewa,Early Fill,MDOT,early_fill,delivered,USD/short ton,2250.0,76.01,171022.5,,260000000712,award,price+volume,derived,MI_FY2027_DetroitSalt_260000000712.pdf,27,https://www.michigan.gov/dtmb/-/media/Project/Websites/dtmb/Procurement/Contracts/MiDEAL/002/260000000712.pdf?rev=8d4ed14d634d466fa9207bb1d92c2458&hash=AAB40CFD3A7E1C61C7C17CA7044DBB4B,79cde6947d8c40afaaa6880a47e91c0cbcc4dd6d45876106c1492033bd40ce51,2026-09-09T13:33:59,Goetzville,
MI,2027,2026/2027,True,Detroit Salt,Chippewa,Early Fill,MDOT,early_fill,delivered,USD/short ton,6000.0,76.01,456060.0,,260000000712,award,price+volume,derived,MI_FY2027_DetroitSalt_260000000712.pdf,27,https://www.michigan.gov/dtmb/-/media/Project/Websites/dtmb/Procurement/Contracts/MiDEAL/002/260000000712.pdf?rev=8d4ed14d634d466fa9207bb1d92c2458&hash=AAB40CFD3A7E1C61C7C17CA7044DBB4B,79cde6947d8c40afaaa6880a47e91c0cbcc4dd6d45876106c1492033bd40ce51,2026-09-09T13:33:59,Kinross,
MI,2027,2026/2027,True,Detroit Salt,Chippewa,Early Fill,MDOT,early_fill,delivered,USD/short ton,4750.0,76.01,361047.5,,260000000712,award,price+volume,derived,MI_FY2027_DetroitSalt_260000000712.pdf,27,https://www.michigan.gov/dtmb/-/media/Project/Websites/dtmb/Procurement/Contracts/MiDEAL/002/260000000712.pdf?rev=8d4ed14d634d466fa9207bb1d92c2458&hash=AAB40CFD3A7E1C61C7C17CA7044DBB4B,79cde6947d8c40afaaa6880a47e91c0cbcc4dd6d45876106c1492033bd40ce51,2026-09-09T13:33:59,Eckerman,
MI,2027,2026/2027,True,Detroit Salt,Chippewa,Early Fill,MiDEAL / State Agency,early_fill,delivered,USD/short ton,2600.0,76.01,197626.0,,260000000712,award,price+volume,derived,MI_FY2027_DetroitSalt_260000000712.pdf,35,https://www.michigan.gov/dtmb/-/media/Project/Websites/dtmb/Procurement/Contracts/MiDEAL/002/260000000712.pdf?rev=8d4ed14d634d466fa9207bb1d92c2458&hash=AAB40CFD3A7E1C61C7C17CA7044DBB4B,79cde6947d8c40afaaa6880a47e91c0cbcc4dd6d45876106c1492033bd40ce51,2026-09-09T13:33:59,"SAULT STE. MARIE, CITY OF",
MI,2027,2026/2027,True,Detroit Salt,Chippewa,Early Fill,MiDEAL / State Agency,early_fill,delivered,USD/short ton,400.0,76.01,30404.0,,260000000712,award,price+volume,derived,MI_FY2027_DetroitSalt_260000000712.pdf,35,https://www.michigan.gov/dtmb/-/media/Project/Websites/dtmb/Procurement/Contracts/MiDEAL/002/260000000712.pdf?rev=8d4ed14d634d466fa9207bb1d92c2458&hash=AAB40CFD3A7E1C61C7C17CA7044DBB4B,79cde6947d8c40afaaa6880a47e91c0cbcc4dd6d45876106c1492033bd40ce51,2026-09-09T13:33:59,SAULT TRIBE CENTRAL PURCHASING,
MI,2027,2026/2027,True,Detroit Salt,Chippewa,Early Fill,MiDEAL / State Agency,early_fill,delivered,USD/short ton,50.0,76.01,3800.5,,260000000712,award,price+volume,derived,MI_FY2027_DetroitSalt_260000000712.pdf,35,https://www.michigan.gov/dtmb/-/media/Project/Websites/dtmb/Procurement/Contracts/MiDEAL/002/260000000712.pdf?rev=8d4ed14d634d466fa9207bb1d92c2458&hash=AAB40CFD3A7E1C61C7C17CA7044DBB4B,79cde6947d8c40afaaa6880a47e91c0cbcc4dd6d45876106c1492033bd40ce51,2026-09-09T13:33:59,Bay Mills Indian Community,
MI,2027,2026/2027,True,Detroit Salt,Chippewa,Early Fill,MiDEAL / State Agency,early_fill,delivered,USD/short ton,750.0,76.01,57007.5,,260000000712,award,price+volume,derived,MI_FY2027_DetroitSalt_260000000712.pdf,35,https://www.michigan.gov/dtmb/-/media/Project/Websites/dtmb/Procurement/Contracts/MiDEAL/002/260000000712.pdf?rev=8d4ed14d634d466fa9207bb1d92c2458&hash=AAB40CFD3A7E1C61C7C17CA7044DBB4B,79cde6947d8c40afaaa6880a47e91c0cbcc4dd6d45876106c1492033bd40ce51,2026-09-09T13:33:59,CHIPPEWA COUNTY ROAD COMMISSION,
MI,2027,2026/2027,True,Detroit Salt,Clare,Seasonal Back-Up,MiDEAL / State Agency,seasonal_backup,delivered,USD/short ton,50.0,68.51,3425.5,,260000000713,award,price+volume,derived,MI_FY2027_CompassMinerals_260000000713.pdf,41,https://www.michigan.gov/dtmb/-/media/Project/Websites/dtmb/Procurement/Contracts/022/260000000713.pdf?rev=044d384e33124f69856ff95f406d8b63&hash=EDE0618298A9461C637E9129261588D0,b42001c1d85bb1aa8af53b05e4da59e2a811f76be17396a0792a82e3a7a14675,2026-09-09T13:34:00,MID MICHIGAN COMMUNITY COLLEGE,
MI,2027,2026/2027,True,Detroit Salt,Clare,Seasonal Back-Up,MiDEAL / State Agency,seasonal_backup,delivered,USD/short ton,50.0,68.51,3425.5,,260000000713,award,price+volume,derived,MI_FY2027_CompassMinerals_260000000713.pdf,41,https://www.michigan.gov/dtmb/-/media/Project/Websites/dtmb/Procurement/Contracts/022/260000000713.pdf?rev=044d384e33124f69856ff95f406d8b63&hash=EDE0618298A9461C637E9129261588D0,b42001c1d85bb1aa8af53b05e4da59e2a811f76be17396a0792a82e3a7a14675,2026-09-09T13:34:00,"FARWELL, VILLAGE OF",
MI,2027,2026/2027,True,Detroit Salt,Clare,Seasonal Back-Up,MiDEAL / State Agency,seasonal_backup,delivered,USD/short ton,1000.0,68.51,68510.0,,260000000713,award,price+volume,derived,MI_FY2027_CompassMinerals_260000000713.pdf,41,https://www.michigan.gov/dtmb/-/media/Project/Websites/dtmb/Procurement/Contracts/022/260000000713.pdf?rev=044d384e33124f69856ff95f406d8b63&hash=EDE0618298A9461C637E9129261588D0,b42001c1d85bb1aa8af53b05e4da59e2a811f76be17396a0792a82e3a7a14675,2026-09-09T13:34:00,CLARE COUNTY ROAD COMMISSION,
MI,2027,2026/2027,True,Detroit Salt,Clare,Seasonal Back-Up,MiDEAL / State Agency,seasonal_backup,delivered,USD/short ton,150.0,68.51,10276.5,,260000000713,award,price+volume,derived,MI_FY2027_CompassMinerals_260000000713.pdf,41,https://www.michigan.gov/dtmb/-/media/Project/Websites/dtmb/Procurement/Contracts/022/260000000713.pdf?rev=044d384e33124f69856ff95f406d8b63&hash=EDE0618298A9461C637E9129261588D0,b42001c1d85bb1aa8af53b05e4da59e2a811f76be17396a0792a82e3a7a14675,2026-09-09T13:34:00,"CLARE, CITY OF",
MI,2027,2026/2027,True,Detroit Salt,Clare,Early Fill,MDOT,early_fill,delivered,USD/short ton,2000.0,69.03,138060.0,,260000000712,award,price+volume,derived,MI_FY2027_DetroitSalt_260000000712.pdf,29,https://www.michigan.gov/dtmb/-/media/Project/Websites/dtmb/Procurement/Contracts/MiDEAL/002/260000000712.pdf?rev=8d4ed14d634d466fa9207bb1d92c2458&hash=AAB40CFD3A7E1C61C7C17CA7044DBB4B,79cde6947d8c40afaaa6880a47e91c0cbcc4dd6d45876106c1492033bd40ce51,2026-09-09T13:33:59,Harrison,
MI,2027,2026/2027,True,Detroit Salt,Clare,Seasonal Back-Up,MDOT,seasonal_backup,delivered,USD/short ton,2200.0,68.51,150722.0,,260000000712,award,price+volume,derived,MI_FY2027_DetroitSalt_260000000712.pdf,32,https://www.michigan.gov/dtmb/-/media/Project/Websites/dtmb/Procurement/Contracts/MiDEAL/002/260000000712.pdf?rev=8d4ed14d634d466fa9207bb1d92c2458&hash=AAB40CFD3A7E1C61C7C17CA7044DBB4B,79cde6947d8c40afaaa6880a47e91c0cbcc4dd6d45876106c1492033bd40ce51,2026-09-09T13:33:59,Harrison,
MI,2027,2026/2027,True,Detroit Salt,Clare,Early Fill,MiDEAL / State Agency,early_fill,delivered,USD/short ton,50.0,69.03,3451.5,,260000000712,award,price+volume,derived,MI_FY2027_DetroitSalt_260000000712.pdf,36,https://www.michigan.gov/dtmb/-/media/Project/Websites/dtmb/Procurement/Contracts/MiDEAL/002/260000000712.pdf?rev=8d4ed14d634d466fa9207bb1d92c2458&hash=AAB40CFD3A7E1C61C7C17CA7044DBB4B,79cde6947d8c40afaaa6880a47e91c0cbcc4dd6d45876106c1492033bd40ce51,2026-09-09T13:33:59,MID MICHIGAN COMMUNITY COLLEGE,
MI,2027,2026/2027,True,Detroit Salt,Clare,Early Fill,MiDEAL / State Agency,early_fill,delivered,USD/short ton,50.0,69.03,3451.5,,260000000712,award,price+volume,derived,MI_FY2027_DetroitSalt_260000000712.pdf,36,https://www.michigan.gov/dtmb/-/media/Project/Websites/dtmb/Procurement/Contracts/MiDEAL/002/260000000712.pdf?rev=8d4ed14d634d466fa9207bb1d92c2458&hash=AAB40CFD3A7E1C61C7C17CA7044DBB4B,79cde6947d8c40afaaa6880a47e91c0cbcc4dd6d45876106c1492033bd40ce51,2026-09-09T13:33:59,"FARWELL, VILLAGE OF",
MI,2027,2026/2027,True,Detroit Salt,Clare,Early Fill,MiDEAL / State Agency,early_fill,delivered,USD/short ton,1500.0,69.03,103545.0,,260000000712,award,price+volume,derived,MI_FY2027_DetroitSalt_260000000712.pdf,36,https://www.michigan.gov/dtmb/-/media/Project/Websites/dtmb/Procurement/Contracts/MiDEAL/002/260000000712.pdf?rev=8d4ed14d634d466fa9207bb1d92c2458&hash=AAB40CFD3A7E1C61C7C17CA7044DBB4B,79cde6947d8c40afaaa6880a47e91c0cbcc4dd6d45876106c1492033bd40ce51,2026-09-09T13:33:59,CLARE COUNTY ROAD COMMISSION,
MI,2027,2026/2027,True,Detroit Salt,Clare,Early Fill,MiDEAL / State Agency,early_fill,delivered,USD/short ton,150.0,69.03,10354.5,,260000000712,award,price+volume,derived,MI_FY2027_DetroitSalt_260000000712.pdf,36,https://www.michigan.gov/dtmb/-/media/Project/Websites/dtmb/Procurement/Contracts/MiDEAL/002/260000000712.pdf?rev=8d4ed14d634d466fa9207bb1d92c2458&hash=AAB40CFD3A7E1C61C7C17CA7044DBB4B,79cde6947d8c40afaaa6880a47e91c0cbcc4dd6d45876106c1492033bd40ce51,2026-09-09T13:33:59,"CLARE, CITY OF",
MI,2027,2026/2027,True,Detroit Salt,Clinton,Seasonal Back-Up,MiDEAL / State Agency,seasonal_backup,delivered,USD/short ton,100.0,66.31,6631.0,,260000000713,award,price+volume,derived,MI_FY2027_CompassMinerals_260000000713.pdf,43,https://www.michigan.gov/dtmb/-/media/Project/Websites/dtmb/Procurement/Contracts/022/260000000713.pdf?rev=044d384e33124f69856ff95f406d8b63&hash=EDE0618298A9461C637E9129261588D0,b42001c1d85bb1aa8af53b05e4da59e2a811f76be17396a0792a82e3a7a14675,2026-09-09T13:34:00,"OVID, CITY OF",
MI,2027,2026/2027,True,Detroit Salt,Clinton,Seasonal Back-Up,MiDEAL / State Agency,seasonal_backup,delivered,USD/short ton,350.0,66.31,23208.5,,260000000713,award,price+volume,derived,MI_FY2027_CompassMinerals_260000000713.pdf,43,https://www.michigan.gov/dtmb/-/media/Project/Websites/dtmb/Procurement/Contracts/022/260000000713.pdf?rev=044d384e33124f69856ff95f406d8b63&hash=EDE0618298A9461C637E9129261588D0,b42001c1d85bb1aa8af53b05e4da59e2a811f76be17396a0792a82e3a7a14675,2026-09-09T13:34:00,"ST. JOHNS, CITY OF",
MI,2027,2026/2027,True,Detroit Salt,Clinton,Seasonal Back-Up,MiDEAL / State Agency,seasonal_backup,delivered,USD/short ton,350.0,66.31,23208.5,,260000000713,award,price+volume,derived,MI_FY2027_CompassMinerals_260000000713.pdf,43,https://www.michigan.gov/dtmb/-/media/Project/Websites/dtmb/Procurement/Contracts/022/260000000713.pdf?rev=044d384e33124f69856ff95f406d8b63&hash=EDE0618298A9461C637E9129261588D0,b42001c1d85bb1aa8af53b05e4da59e2a811f76be17396a0792a82e3a7a14675,2026-09-09T13:34:00,"DEWITT, CITY OF",
MI,2027,2026/2027,True,Detroit Salt,Clinton,Seasonal Back-Up,MiDEAL / State Agency,seasonal_backup,delivered,USD/short ton,2500.0,66.31,165775.0,,260000000713,award,price+volume,derived,MI_FY2027_CompassMinerals_260000000713.pdf,43,https://www.michigan.gov/dtmb/-/media/Project/Websites/dtmb/Procurement/Contracts/022/260000000713.pdf?rev=044d384e33124f69856ff95f406d8b63&hash=EDE0618298A9461C637E9129261588D0,b42001c1d85bb1aa8af53b05e4da59e2a811f76be17396a0792a82e3a7a14675,2026-09-09T13:34:00,CLINTON COUNTY ROAD COMMISSION,
MI,2027,2026/2027,True,Detroit Salt,Clinton,Seasonal Back-Up,MiDEAL / State Agency,seasonal_backup,delivered,USD/short ton,1000.0,66.31,66310.0,,260000000713,award,price+volume,derived,MI_FY2027_CompassMinerals_260000000713.pdf,43,https://www.michigan.gov/dtmb/-/media/Project/Websites/dtmb/Procurement/Contracts/022/260000000713.pdf?rev=044d384e33124f69856ff95f406d8b63&hash=EDE0618298A9461C637E9129261588D0,b42001c1d85bb1aa8af53b05e4da59e2a811f76be17396a0792a82e3a7a14675,2026-09-09T13:34:00,"EAST LANSING, CITY OF",
MI,2027,2026/2027,True,Detroit Salt,Clinton,Early Fill,MDOT,early_fill,delivered,USD/short ton,1000.0,72.96,72960.0,,260000000712,award,price+volume,derived,MI_FY2027_DetroitSalt_260000000712.pdf,30,https://www.michigan.gov/dtmb/-/media/Project/Websites/dtmb/Procurement/Contracts/MiDEAL/002/260000000712.pdf?rev=8d4ed14d634d466fa9207bb1d92c2458&hash=AAB40CFD3A7E1C61C7C17CA7044DBB4B,79cde6947d8c40afaaa6880a47e91c0cbcc4dd6d45876106c1492033bd40ce51,2026-09-09T13:33:59,St. Johns,
MI,2027,2026/2027,True,Detroit Salt,Clinton,Seasonal Back-Up,MDOT,seasonal_backup,delivered,USD/short ton,2500.0,66.31,165775.0,,260000000712,award,price+volume,derived,MI_FY2027_DetroitSalt_260000000712.pdf,33,https://www.michigan.gov/dtmb/-/media/Project/Websites/dtmb/Procurement/Contracts/MiDEAL/002/260000000712.pdf?rev=8d4ed14d634d466fa9207bb1d92c2458&hash=AAB40CFD3A7E1C61C7C17CA7044DBB4B,79cde6947d8c40afaaa6880a47e91c0cbcc4dd6d45876106c1492033bd40ce51,2026-09-09T13:33:59,St. Johns,
MI,2027,2026/2027,True,Detroit Salt,Clinton,Early Fill,MiDEAL / State Agency,early_fill,delivered,USD/short ton,250.0,72.96,18240.0,,260000000712,award,price+volume,derived,MI_FY2027_DetroitSalt_260000000712.pdf,38,https://www.michigan.gov/dtmb/-/media/Project/Websites/dtmb/Procurement/Contracts/MiDEAL/002/260000000712.pdf?rev=8d4ed14d634d466fa9207bb1d92c2458&hash=AAB40CFD3A7E1C61C7C17CA7044DBB4B,79cde6947d8c40afaaa6880a47e91c0cbcc4dd6d45876106c1492033bd40ce51,2026-09-09T13:33:59,"ST. JOHNS, CITY OF",
MI,2027,2026/2027,True,Detroit Salt,Clinton,Early Fill,MiDEAL / State Agency,early_fill,delivered,USD/short ton,150.0,72.96,10944.0,,260000000712,award,price+volume,derived,MI_FY2027_DetroitSalt_260000000712.pdf,38,https://www.michigan.gov/dtmb/-/media/Project/Websites/dtmb/Procurement/Contracts/MiDEAL/002/260000000712.pdf?rev=8d4ed14d634d466fa9207bb1d92c2458&hash=AAB40CFD3A7E1C61C7C17CA7044DBB4B,79cde6947d8c40afaaa6880a47e91c0cbcc4dd6d45876106c1492033bd40ce51,2026-09-09T13:33:59,"DEWITT, CITY OF",
MI,2027,2026/2027,True,Detroit Salt,Clinton,Early Fill,MiDEAL / State Agency,early_fill,delivered,USD/short ton,1000.0,72.96,72960.0,,260000000712,award,price+volume,derived,MI_FY2027_DetroitSalt_260000000712.pdf,38,https://www.michigan.gov/dtmb/-/media/Project/Websites/dtmb/Procurement/Contracts/MiDEAL/002/260000000712.pdf?rev=8d4ed14d634d466fa9207bb1d92c2458&hash=AAB40CFD3A7E1C61C7C17CA7044DBB4B,79cde6947d8c40afaaa6880a47e91c0cbcc4dd6d45876106c1492033bd40ce51,2026-09-09T13:33:59,CLINTON COUNTY ROAD COMMISSION,
MI,2027,2026/2027,True,Detroit Salt,Clinton,Early Fill,MiDEAL / State Agency,early_fill,delivered,USD/short ton,1000.0,72.96,72960.0,,260000000712,award,price+volume,derived,MI_FY2027_DetroitSalt_260000000712.pdf,38,https://www.michigan.gov/dtmb/-/media/Project/Websites/dtmb/Procurement/Contracts/MiDEAL/002/260000000712.pdf?rev=8d4ed14d634d466fa9207bb1d92c2458&hash=AAB40CFD3A7E1C61C7C17CA7044DBB4B,79cde6947d8c40afaaa6880a47e91c0cbcc4dd6d45876106c1492033bd40ce51,2026-09-09T13:33:59,"EAST LANSING, CITY OF",
MI,2027,2026/2027,True,Detroit Salt,Clinton,Early Fill,MiDEAL / State Agency,early_fill,delivered,USD/short ton,50.0,72.96,3648.0,,260000000712,award,price+volume,derived,MI_FY2027_DetroitSalt_260000000712.pdf,38,https://www.michigan.gov/dtmb/-/media/Project/Websites/dtmb/Procurement/Contracts/MiDEAL/002/260000000712.pdf?rev=8d4ed14d634d466fa9207bb1d92c2458&hash=AAB40CFD3A7E1C61C7C17CA7044DBB4B,79cde6947d8c40afaaa6880a47e91c0cbcc4dd6d45876106c1492033bd40ce51,2026-09-09T13:33:59,"Fowler, Village of",
MI,2027,2026/2027,True,Detroit Salt,Crawford,Early Fill,MDOT,early_fill,delivered,USD/short ton,4800.0,75.47,362256.0,,260000000712,award,price+volume,derived,MI_FY2027_DetroitSalt_260000000712.pdf,27,https://www.michigan.gov/dtmb/-/media/Project/Websites/dtmb/Procurement/Contracts/MiDEAL/002/260000000712.pdf?rev=8d4ed14d634d466fa9207bb1d92c2458&hash=AAB40CFD3A7E1C61C7C17CA7044DBB4B,79cde6947d8c40afaaa6880a47e91c0cbcc4dd6d45876106c1492033bd40ce51,2026-09-09T13:33:59,Grayling,
MI,2027,2026/2027,True,Detroit Salt,Crawford,Early Fill,MiDEAL / State Agency,early_fill,delivered,USD/short ton,3150.0,75.47,237730.5,,260000000712,award,price+volume,derived,MI_FY2027_DetroitSalt_260000000712.pdf,35,https://www.michigan.gov/dtmb/-/media/Project/Websites/dtmb/Procurement/Contracts/MiDEAL/002/260000000712.pdf?rev=8d4ed14d634d466fa9207bb1d92c2458&hash=AAB40CFD3A7E1C61C7C17CA7044DBB4B,79cde6947d8c40afaaa6880a47e91c0cbcc4dd6d45876106c1492033bd40ce51,2026-09-09T13:33:59,CRAWFORD COUNTY ROAD COMMISSION,
MI,2027,2026/2027,True,Detroit Salt,Eaton,Seasonal Back-Up,MiDEAL / State Agency,seasonal_backup,delivered,USD/short ton,100.0,67.77,6777.0,,260000000713,award,price+volume,derived,MI_FY2027_CompassMinerals_260000000713.pdf,43,https://www.michigan.gov/dtmb/-/media/Project/Websites/dtmb/Procurement/Contracts/022/260000000713.pdf?rev=044d384e33124f69856ff95f406d8b63&hash=EDE0618298A9461C637E9129261588D0,b42001c1d85bb1aa8af53b05e4da59e2a811f76be17396a0792a82e3a7a14675,2026-09-09T13:34:00,GRAND LEDGE PUBLIC SCHOOLS,
MI,2027,2026/2027,True,Detroit Salt,Eaton,Seasonal Back-Up,MiDEAL / State Agency,seasonal_backup,delivered,USD/short ton,200.0,67.77,13554.0,,260000000713,award,price+volume,derived,MI_FY2027_CompassMinerals_260000000713.pdf,43,https://www.michigan.gov/dtmb/-/media/Project/Websites/dtmb/Procurement/Contracts/022/260000000713.pdf?rev=044d384e33124f69856ff95f406d8b63&hash=EDE0618298A9461C637E9129261588D0,b42001c1d85bb1aa8af53b05e4da59e2a811f76be17396a0792a82e3a7a14675,2026-09-09T13:34:00,LANSING COMMUNITY COLLEGE,
MI,2027,2026/2027,True,Detroit Salt,Eaton,Seasonal Back-Up,MiDEAL / State Agency,seasonal_backup,delivered,USD/short ton,100.0,67.77,6777.0,,260000000713,award,price+volume,derived,MI_FY2027_CompassMinerals_260000000713.pdf,43,https://www.michigan.gov/dtmb/-/media/Project/Websites/dtmb/Procurement/Contracts/022/260000000713.pdf?rev=044d384e33124f69856ff95f406d8b63&hash=EDE0618298A9461C637E9129261588D0,b42001c1d85bb1aa8af53b05e4da59e2a811f76be17396a0792a82e3a7a14675,2026-09-09T13:34:00,"VERMONTVILLE, VILLAGE OF",
MI,2027,2026/2027,True,Detroit Salt,Eaton,Seasonal Back-Up,MiDEAL / State Agency,seasonal_backup,delivered,USD/short ton,150.0,67.77,10165.5,,260000000713,award,price+volume,derived,MI_FY2027_CompassMinerals_260000000713.pdf,43,https://www.michigan.gov/dtmb/-/media/Project/Websites/dtmb/Procurement/Contracts/022/260000000713.pdf?rev=044d384e33124f69856ff95f406d8b63&hash=EDE0618298A9461C637E9129261588D0,b42001c1d85bb1aa8af53b05e4da59e2a811f76be17396a0792a82e3a7a14675,2026-09-09T13:34:00,EATON COUNTY ROAD COMMISSION,
MI,2027,2026/2027,True,Detroit Salt,Eaton,Seasonal Back-Up,MiDEAL / State Agency,seasonal_backup,delivered,USD/short ton,600.0,67.77,40662.0,,260000000713,award,price+volume,derived,MI_FY2027_CompassMinerals_260000000713.pdf,43,https://www.michigan.gov/dtmb/-/media/Project/Websites/dtmb/Procurement/Contracts/022/260000000713.pdf?rev=044d384e33124f69856ff95f406d8b63&hash=EDE0618298A9461C637E9129261588D0,b42001c1d85bb1aa8af53b05e4da59e2a811f76be17396a0792a82e3a7a14675,2026-09-09T13:34:00,DTMB-Facilities-Building Operations Division- AGENCY,
MI,2027,2026/2027,True,Detroit Salt,Eaton,Seasonal Back-Up,MiDEAL / State Agency,seasonal_backup,delivered,USD/short ton,3700.0,67.77,250749.0,,260000000713,award,price+volume,derived,MI_FY2027_CompassMinerals_260000000713.pdf,43,https://www.michigan.gov/dtmb/-/media/Project/Websites/dtmb/Procurement/Contracts/022/260000000713.pdf?rev=044d384e33124f69856ff95f406d8b63&hash=EDE0618298A9461C637E9129261588D0,b42001c1d85bb1aa8af53b05e4da59e2a811f76be17396a0792a82e3a7a14675,2026-09-09T13:34:00,EATON COUNTY ROAD COMMISSION,
MI,2027,2026/2027,True,Detroit Salt,Eaton,Seasonal Back-Up,MiDEAL / State Agency,seasonal_backup,delivered,USD/short ton,2000.0,67.77,135540.0,,260000000713,award,price+volume,derived,MI_FY2027_CompassMinerals_260000000713.pdf,43,https://www.michigan.gov/dtmb/-/media/Project/Websites/dtmb/Procurement/Contracts/022/260000000713.pdf?rev=044d384e33124f69856ff95f406d8b63&hash=EDE0618298A9461C637E9129261588D0,b42001c1d85bb1aa8af53b05e4da59e2a811f76be17396a0792a82e3a7a14675,2026-09-09T13:34:00,EATON COUNTY ROAD COMMISSION,
MI,2027,2026/2027,True,Detroit Salt,Eaton,Seasonal Back-Up,MiDEAL / State Agency,seasonal_backup,delivered,USD/short ton,1650.0,67.77,111820.5,,260000000713,award,price+volume,derived,MI_FY2027_CompassMinerals_260000000713.pdf,43,https://www.michigan.gov/dtmb/-/media/Project/Websites/dtmb/Procurement/Contracts/022/260000000713.pdf?rev=044d384e33124f69856ff95f406d8b63&hash=EDE0618298A9461C637E9129261588D0,b42001c1d85bb1aa8af53b05e4da59e2a811f76be17396a0792a82e3a7a14675,2026-09-09T13:34:00,EATON COUNTY ROAD COMMISSION,
MI,2027,2026/2027,True,Detroit Salt,Eaton,Seasonal Back-Up,MiDEAL / State Agency,seasonal_backup,delivered,USD/short ton,400.0,67.77,27108.0,,260000000713,award,price+volume,derived,MI_FY2027_CompassMinerals_260000000713.pdf,43,https://www.michigan.gov/dtmb/-/media/Project/Websites/dtmb/Procurement/Contracts/022/260000000713.pdf?rev=044d384e33124f69856ff95f406d8b63&hash=EDE0618298A9461C637E9129261588D0,b42001c1d85bb1aa8af53b05e4da59e2a811f76be17396a0792a82e3a7a14675,2026-09-09T13:34:00,EATON COUNTY ROAD COMMISSION,
MI,2027,2026/2027,True,Detroit Salt,Eaton,Seasonal Back-Up,MiDEAL / State Agency,seasonal_backup,delivered,USD/short ton,700.0,67.77,47439.0,,260000000713,award,price+volume,derived,MI_FY2027_CompassMinerals_260000000713.pdf,43,https://www.michigan.gov/dtmb/-/media/Project/Websites/dtmb/Procurement/Contracts/022/260000000713.pdf?rev=044d384e33124f69856ff95f406d8b63&hash=EDE0618298A9461C637E9129261588D0,b42001c1d85bb1aa8af53b05e4da59e2a811f76be17396a0792a82e3a7a14675,2026-09-09T13:34:00,GRAND LEDGE CITY OF,
MI,2027,2026/2027,True,Detroit Salt,Eaton,Seasonal Back-Up,MiDEAL / State Agency,seasonal_backup,delivered,USD/short ton,600.0,67.77,40662.0,,260000000713,award,price+volume,derived,MI_FY2027_CompassMinerals_260000000713.pdf,43,https://www.michigan.gov/dtmb/-/media/Project/Websites/dtmb/Procurement/Contracts/022/260000000713.pdf?rev=044d384e33124f69856ff95f406d8b63&hash=EDE0618298A9461C637E9129261588D0,b42001c1d85bb1aa8af53b05e4da59e2a811f76be17396a0792a82e3a7a14675,2026-09-09T13:34:00,"CHARLOTTE, CITY OF",
MI,2027,2026/2027,True,Detroit Salt,Eaton,Seasonal Back-Up,MiDEAL / State Agency,seasonal_backup,delivered,USD/short ton,50.0,67.77,3388.5,,260000000713,award,price+volume,derived,MI_FY2027_CompassMinerals_260000000713.pdf,43,https://www.michigan.gov/dtmb/-/media/Project/Websites/dtmb/Procurement/Contracts/022/260000000713.pdf?rev=044d384e33124f69856ff95f406d8b63&hash=EDE0618298A9461C637E9129261588D0,b42001c1d85bb1aa8af53b05e4da59e2a811f76be17396a0792a82e3a7a14675,2026-09-09T13:34:00,"POTTERVILLE, CITY OF",
MI,2027,2026/2027,True,Detroit Salt,Eaton,Early Fill,MDOT,early_fill,delivered,USD/short ton,1000.0,69.83,69830.0,,260000000712,award,price+volume,derived,MI_FY2027_DetroitSalt_260000000712.pdf,30,https://www.michigan.gov/dtmb/-/media/Project/Websites/dtmb/Procurement/Contracts/MiDEAL/002/260000000712.pdf?rev=8d4ed14d634d466fa9207bb1d92c2458&hash=AAB40CFD3A7E1C61C7C17CA7044DBB4B,79cde6947d8c40afaaa6880a47e91c0cbcc4dd6d45876106c1492033bd40ce51,2026-09-09T13:33:59,Grand Ledge,
MI,2027,2026/2027,True,Detroit Salt,Eaton,Early Fill,MDOT,early_fill,delivered,USD/short ton,500.0,69.83,34915.0,,260000000712,award,price+volume,derived,MI_FY2027_DetroitSalt_260000000712.pdf,30,https://www.michigan.gov/dtmb/-/media/Project/Websites/dtmb/Procurement/Contracts/MiDEAL/002/260000000712.pdf?rev=8d4ed14d634d466fa9207bb1d92c2458&hash=AAB40CFD3A7E1C61C7C17CA7044DBB4B,79cde6947d8c40afaaa6880a47e91c0cbcc4dd6d45876106c1492033bd40ce51,2026-09-09T13:33:59,Charlotte,
MI,2027,2026/2027,True,Detroit Salt,Eaton,Seasonal Back-Up,MDOT,seasonal_backup,delivered,USD/short ton,7500.0,67.77,508275.0,,260000000712,award,price+volume,derived,MI_FY2027_DetroitSalt_260000000712.pdf,33,https://www.michigan.gov/dtmb/-/media/Project/Websites/dtmb/Procurement/Contracts/MiDEAL/002/260000000712.pdf?rev=8d4ed14d634d466fa9207bb1d92c2458&hash=AAB40CFD3A7E1C61C7C17CA7044DBB4B,79cde6947d8c40afaaa6880a47e91c0cbcc4dd6d45876106c1492033bd40ce51,2026-09-09T13:33:59,Grand Ledge,
MI,2027,2026/2027,True,Detroit Salt,Eaton,Seasonal Back-Up,MDOT,seasonal_backup,delivered,USD/short ton,5500.0,67.77,372735.0,,260000000712,award,price+volume,derived,MI_FY2027_DetroitSalt_260000000712.pdf,33,https://www.michigan.gov/dtmb/-/media/Project/Websites/dtmb/Procurement/Contracts/MiDEAL/002/260000000712.pdf?rev=8d4ed14d634d466fa9207bb1d92c2458&hash=AAB40CFD3A7E1C61C7C17CA7044DBB4B,79cde6947d8c40afaaa6880a47e91c0cbcc4dd6d45876106c1492033bd40ce51,2026-09-09T13:33:59,Charlotte,
MI,2027,2026/2027,True,Detroit Salt,Eaton,Early Fill,MiDEAL / State Agency,early_fill,delivered,USD/short ton,300.0,69.83,20949.0,,260000000712,award,price+volume,derived,MI_FY2027_DetroitSalt_260000000712.pdf,38,https://www.michigan.gov/dtmb/-/media/Project/Websites/dtmb/Procurement/Contracts/MiDEAL/002/260000000712.pdf?rev=8d4ed14d634d466fa9207bb1d92c2458&hash=AAB40CFD3A7E1C61C7C17CA7044DBB4B,79cde6947d8c40afaaa6880a47e91c0cbcc4dd6d45876106c1492033bd40ce51,2026-09-09T13:33:59,"CHARLOTTE, CITY OF",
MI,2027,2026/2027,True,Detroit Salt,Eaton,Early Fill,MiDEAL / State Agency,early_fill,delivered,USD/short ton,50.0,69.83,3491.5,,260000000712,award,price+volume,derived,MI_FY2027_DetroitSalt_260000000712.pdf,38,https://www.michigan.gov/dtmb/-/media/Project/Websites/dtmb/Procurement/Contracts/MiDEAL/002/260000000712.pdf?rev=8d4ed14d634d466fa9207bb1d92c2458&hash=AAB40CFD3A7E1C61C7C17CA7044DBB4B,79cde6947d8c40afaaa6880a47e91c0cbcc4dd6d45876106c1492033bd40ce51,2026-09-09T13:33:59,GRAND LEDGE PUBLIC SCHOOLS,
MI,2027,2026/2027,True,Detroit Salt,Eaton,Early Fill,MiDEAL / State Agency,early_fill,delivered,USD/short ton,600.0,69.83,41898.0,,260000000712,award,price+volume,derived,MI_FY2027_DetroitSalt_260000000712.pdf,38,https://www.michigan.gov/dtmb/-/media/Project/Websites/dtmb/Procurement/Contracts/MiDEAL/002/260000000712.pdf?rev=8d4ed14d634d466fa9207bb1d92c2458&hash=AAB40CFD3A7E1C61C7C17CA7044DBB4B,79cde6947d8c40afaaa6880a47e91c0cbcc4dd6d45876106c1492033bd40ce51,2026-09-09T13:33:59,DTMB-Facilities-Building Operations Division- AGENCY,
MI,2027,2026/2027,True,Detroit Salt,Eaton,Early Fill,MiDEAL / State Agency,early_fill,delivered,USD/short ton,100.0,69.83,6983.0,,260000000712,award,price+volume,derived,MI_FY2027_DetroitSalt_260000000712.pdf,38,https://www.michigan.gov/dtmb/-/media/Project/Websites/dtmb/Procurement/Contracts/MiDEAL/002/260000000712.pdf?rev=8d4ed14d634d466fa9207bb1d92c2458&hash=AAB40CFD3A7E1C61C7C17CA7044DBB4B,79cde6947d8c40afaaa6880a47e91c0cbcc4dd6d45876106c1492033bd40ce51,2026-09-09T13:33:59,LANSING COMMUNITY COLLEGE,
MI,2027,2026/2027,True,Detroit Salt,Eaton,Early Fill,MiDEAL / State Agency,early_fill,delivered,USD/short ton,50.0,69.83,3491.5,,260000000712,award,price+volume,derived,MI_FY2027_DetroitSalt_260000000712.pdf,38,https://www.michigan.gov/dtmb/-/media/Project/Websites/dtmb/Procurement/Contracts/MiDEAL/002/260000000712.pdf?rev=8d4ed14d634d466fa9207bb1d92c2458&hash=AAB40CFD3A7E1C61C7C17CA7044DBB4B,79cde6947d8c40afaaa6880a47e91c0cbcc4dd6d45876106c1492033bd40ce51,2026-09-09T13:33:59,GRAND LEDGE CITY OF,
MI,2027,2026/2027,True,Detroit Salt,Eaton,Early Fill,MiDEAL / State Agency,early_fill,delivered,USD/short ton,200.0,69.83,13966.0,,260000000712,award,price+volume,derived,MI_FY2027_DetroitSalt_260000000712.pdf,38,https://www.michigan.gov/dtmb/-/media/Project/Websites/dtmb/Procurement/Contracts/MiDEAL/002/260000000712.pdf?rev=8d4ed14d634d466fa9207bb1d92c2458&hash=AAB40CFD3A7E1C61C7C17CA7044DBB4B,79cde6947d8c40afaaa6880a47e91c0cbcc4dd6d45876106c1492033bd40ce51,2026-09-09T13:33:59,EATON COUNTY ROAD COMMISSION,
MI,2027,2026/2027,True,Detroit Salt,Eaton,Early Fill,MiDEAL / State Agency,early_fill,delivered,USD/short ton,100.0,69.83,6983.0,,260000000712,award,price+volume,derived,MI_FY2027_DetroitSalt_260000000712.pdf,38,https://www.michigan.gov/dtmb/-/media/Project/Websites/dtmb/Procurement/Contracts/MiDEAL/002/260000000712.pdf?rev=8d4ed14d634d466fa9207bb1d92c2458&hash=AAB40CFD3A7E1C61C7C17CA7044DBB4B,79cde6947d8c40afaaa6880a47e91c0cbcc4dd6d45876106c1492033bd40ce51,2026-09-09T13:33:59,"VERMONTVILLE, VILLAGE OF",
MI,2027,2026/2027,True,Detroit Salt,Eaton,Early Fill,MiDEAL / State Agency,early_fill,delivered,USD/short ton,100.0,69.83,6983.0,,260000000712,award,price+volume,derived,MI_FY2027_DetroitSalt_260000000712.pdf,38,https://www.michigan.gov/dtmb/-/media/Project/Websites/dtmb/Procurement/Contracts/MiDEAL/002/260000000712.pdf?rev=8d4ed14d634d466fa9207bb1d92c2458&hash=AAB40CFD3A7E1C61C7C17CA7044DBB4B,79cde6947d8c40afaaa6880a47e91c0cbcc4dd6d45876106c1492033bd40ce51,2026-09-09T13:33:59,"POTTERVILLE, CITY OF",
MI,2027,2026/2027,True,Detroit Salt,Eaton,Early Fill,MiDEAL / State Agency,early_fill,delivered,USD/short ton,100.0,69.83,6983.0,,260000000712,award,price+volume,derived,MI_FY2027_DetroitSalt_260000000712.pdf,38,https://www.michigan.gov/dtmb/-/media/Project/Websites/dtmb/Procurement/Contracts/MiDEAL/002/260000000712.pdf?rev=8d4ed14d634d466fa9207bb1d92c2458&hash=AAB40CFD3A7E1C61C7C17CA7044DBB4B,79cde6947d8c40afaaa6880a47e91c0cbcc4dd6d45876106c1492033bd40ce51,2026-09-09T13:33:59,EATON COUNTY ROAD COMMISSION,
MI,2027,2026/2027,True,Detroit Salt,Eaton,Early Fill,MiDEAL / State Agency,early_fill,delivered,USD/short ton,300.0,69.83,20949.0,,260000000712,award,price+volume,derived,MI_FY2027_DetroitSalt_260000000712.pdf,38,https://www.michigan.gov/dtmb/-/media/Project/Websites/dtmb/Procurement/Contracts/MiDEAL/002/260000000712.pdf?rev=8d4ed14d634d466fa9207bb1d92c2458&hash=AAB40CFD3A7E1C61C7C17CA7044DBB4B,79cde6947d8c40afaaa6880a47e91c0cbcc4dd6d45876106c1492033bd40ce51,2026-09-09T13:33:59,EATON COUNTY ROAD COMMISSION,
MI,2027,2026/2027,True,Detroit Salt,Eaton,Early Fill,MiDEAL / State Agency,early_fill,delivered,USD/short ton,150.0,69.83,10474.5,,260000000712,award,price+volume,derived,MI_FY2027_DetroitSalt_260000000712.pdf,38,https://www.michigan.gov/dtmb/-/media/Project/Websites/dtmb/Procurement/Contracts/MiDEAL/002/260000000712.pdf?rev=8d4ed14d634d466fa9207bb1d92c2458&hash=AAB40CFD3A7E1C61C7C17CA7044DBB4B,79cde6947d8c40afaaa6880a47e91c0cbcc4dd6d45876106c1492033bd40ce51,2026-09-09T13:33:59,EATON COUNTY ROAD COMMISSION,
MI,2027,2026/2027,True,Detroit Salt,Eaton,Early Fill,MiDEAL / State Agency,early_fill,delivered,USD/short ton,50.0,69.83,3491.5,,260000000712,award,price+volume,derived,MI_FY2027_DetroitSalt_260000000712.pdf,38,https://www.michigan.gov/dtmb/-/media/Project/Websites/dtmb/Procurement/Contracts/MiDEAL/002/260000000712.pdf?rev=8d4ed14d634d466fa9207bb1d92c2458&hash=AAB40CFD3A7E1C61C7C17CA7044DBB4B,79cde6947d8c40afaaa6880a47e91c0cbcc4dd6d45876106c1492033bd40ce51,2026-09-09T13:33:59,EATON COUNTY ROAD COMMISSION,
MI,2027,2026/2027,True,Detroit Salt,Genesee,Early Fill,MiDEAL / State Agency,early_fill,delivered,USD/short ton,100.0,78.13,7813.0,,260000000712,award,price+volume,derived,MI_FY2027_DetroitSalt_260000000712.pdf,36,https://www.michigan.gov/dtmb/-/media/Project/Websites/dtmb/Procurement/Contracts/MiDEAL/002/260000000712.pdf?rev=8d4ed14d634d466fa9207bb1d92c2458&hash=AAB40CFD3A7E1C61C7C17CA7044DBB4B,79cde6947d8c40afaaa6880a47e91c0cbcc4dd6d45876106c1492033bd40ce51,2026-09-09T13:33:59,REMC 14,
MI,2027,2026/2027,True,Detroit Salt,Genesee,Early Fill,MiDEAL / State Agency,early_fill,delivered,USD/short ton,200.0,78.13,15626.0,,260000000712,award,price+volume,derived,MI_FY2027_DetroitSalt_260000000712.pdf,36,https://www.michigan.gov/dtmb/-/media/Project/Websites/dtmb/Procurement/Contracts/MiDEAL/002/260000000712.pdf?rev=8d4ed14d634d466fa9207bb1d92c2458&hash=AAB40CFD3A7E1C61C7C17CA7044DBB4B,79cde6947d8c40afaaa6880a47e91c0cbcc4dd6d45876106c1492033bd40ce51,2026-09-09T13:33:59,REMC 14,
MI,2027,2026/2027,True,Detroit Salt,Genesee,Early Fill,MiDEAL / State Agency,early_fill,delivered,USD/short ton,50.0,78.13,3906.5,,260000000712,award,price+volume,derived,MI_FY2027_DetroitSalt_260000000712.pdf,36,https://www.michigan.gov/dtmb/-/media/Project/Websites/dtmb/Procurement/Contracts/MiDEAL/002/260000000712.pdf?rev=8d4ed14d634d466fa9207bb1d92c2458&hash=AAB40CFD3A7E1C61C7C17CA7044DBB4B,79cde6947d8c40afaaa6880a47e91c0cbcc4dd6d45876106c1492033bd40ce51,2026-09-09T13:33:59,MT MORRIS CONSOLIDATED SCHOOLS,
MI,2027,2026/2027,True,Detroit Salt,Genesee,Early Fill,MiDEAL / State Agency,early_fill,delivered,USD/short ton,200.0,78.13,15626.0,,260000000712,award,price+volume,derived,MI_FY2027_DetroitSalt_260000000712.pdf,36,https://www.michigan.gov/dtmb/-/media/Project/Websites/dtmb/Procurement/Contracts/MiDEAL/002/260000000712.pdf?rev=8d4ed14d634d466fa9207bb1d92c2458&hash=AAB40CFD3A7E1C61C7C17CA7044DBB4B,79cde6947d8c40afaaa6880a47e91c0cbcc4dd6d45876106c1492033bd40ce51,2026-09-09T13:33:59,"MT. MORRIS, CITY OF",
MI,2027,2026/2027,True,Detroit Salt,Genesee,Early Fill,MiDEAL / State Agency,early_fill,delivered,USD/short ton,450.0,78.13,35158.5,,260000000712,award,price+volume,derived,MI_FY2027_DetroitSalt_260000000712.pdf,36,https://www.michigan.gov/dtmb/-/media/Project/Websites/dtmb/Procurement/Contracts/MiDEAL/002/260000000712.pdf?rev=8d4ed14d634d466fa9207bb1d92c2458&hash=AAB40CFD3A7E1C61C7C17CA7044DBB4B,79cde6947d8c40afaaa6880a47e91c0cbcc4dd6d45876106c1492033bd40ce51,2026-09-09T13:33:59,"DAVISON, CITY OF",
MI,2027,2026/2027,True,Detroit Salt,Genesee,Early Fill,MiDEAL / State Agency,early_fill,delivered,USD/short ton,150.0,78.13,11719.5,,260000000712,award,price+volume,derived,MI_FY2027_DetroitSalt_260000000712.pdf,36,https://www.michigan.gov/dtmb/-/media/Project/Websites/dtmb/Procurement/Contracts/MiDEAL/002/260000000712.pdf?rev=8d4ed14d634d466fa9207bb1d92c2458&hash=AAB40CFD3A7E1C61C7C17CA7044DBB4B,79cde6947d8c40afaaa6880a47e91c0cbcc4dd6d45876106c1492033bd40ce51,2026-09-09T13:33:59,Davison Community Schools,
MI,2027,2026/2027,True,Detroit Salt,Gladwin,Seasonal Back-Up,MiDEAL / State Agency,seasonal_backup,delivered,USD/short ton,100.0,69.98,6998.0,,260000000713,award,price+volume,derived,MI_FY2027_CompassMinerals_260000000713.pdf,41,https://www.michigan.gov/dtmb/-/media/Project/Websites/dtmb/Procurement/Contracts/022/260000000713.pdf?rev=044d384e33124f69856ff95f406d8b63&hash=EDE0618298A9461C637E9129261588D0,b42001c1d85bb1aa8af53b05e4da59e2a811f76be17396a0792a82e3a7a14675,2026-09-09T13:34:00,"Beaverton, City of",
MI,2027,2026/2027,True,Detroit Salt,Gladwin,Seasonal Back-Up,MiDEAL / State Agency,seasonal_backup,delivered,USD/short ton,1200.0,69.98,83976.0,,260000000713,award,price+volume,derived,MI_FY2027_CompassMinerals_260000000713.pdf,41,https://www.michigan.gov/dtmb/-/media/Project/Websites/dtmb/Procurement/Contracts/022/260000000713.pdf?rev=044d384e33124f69856ff95f406d8b63&hash=EDE0618298A9461C637E9129261588D0,b42001c1d85bb1aa8af53b05e4da59e2a811f76be17396a0792a82e3a7a14675,2026-09-09T13:34:00,GLADWIN COUNTY ROAD COMMISSION,
MI,2027,2026/2027,True,Detroit Salt,Gladwin,Seasonal Back-Up,MiDEAL / State Agency,seasonal_backup,delivered,USD/short ton,300.0,69.98,20994.0,,260000000713,award,price+volume,derived,MI_FY2027_CompassMinerals_260000000713.pdf,41,https://www.michigan.gov/dtmb/-/media/Project/Websites/dtmb/Procurement/Contracts/022/260000000713.pdf?rev=044d384e33124f69856ff95f406d8b63&hash=EDE0618298A9461C637E9129261588D0,b42001c1d85bb1aa8af53b05e4da59e2a811f76be17396a0792a82e3a7a14675,2026-09-09T13:34:00,"GLADWIN, CITY OF",
MI,2027,2026/2027,True,Detroit Salt,Gladwin,Early Fill,MDOT,early_fill,delivered,USD/short ton,600.0,69.07,41442.0,,260000000712,award,price+volume,derived,MI_FY2027_DetroitSalt_260000000712.pdf,29,https://www.michigan.gov/dtmb/-/media/Project/Websites/dtmb/Procurement/Contracts/MiDEAL/002/260000000712.pdf?rev=8d4ed14d634d466fa9207bb1d92c2458&hash=AAB40CFD3A7E1C61C7C17CA7044DBB4B,79cde6947d8c40afaaa6880a47e91c0cbcc4dd6d45876106c1492033bd40ce51,2026-09-09T13:33:59,Gladwin,
MI,2027,2026/2027,True,Detroit Salt,Gladwin,Seasonal Back-Up,MDOT,seasonal_backup,delivered,USD/short ton,600.0,69.98,41988.0,,260000000712,award,price+volume,derived,MI_FY2027_DetroitSalt_260000000712.pdf,32,https://www.michigan.gov/dtmb/-/media/Project/Websites/dtmb/Procurement/Contracts/MiDEAL/002/260000000712.pdf?rev=8d4ed14d634d466fa9207bb1d92c2458&hash=AAB40CFD3A7E1C61C7C17CA7044DBB4B,79cde6947d8c40afaaa6880a47e91c0cbcc4dd6d45876106c1492033bd40ce51,2026-09-09T13:33:59,Gladwin,
MI,2027,2026/2027,True,Detroit Salt,Gladwin,Early Fill,MiDEAL / State Agency,early_fill,delivered,USD/short ton,1200.0,69.07,82884.0,,260000000712,award,price+volume,derived,MI_FY2027_DetroitSalt_260000000712.pdf,36,https://www.michigan.gov/dtmb/-/media/Project/Websites/dtmb/Procurement/Contracts/MiDEAL/002/260000000712.pdf?rev=8d4ed14d634d466fa9207bb1d92c2458&hash=AAB40CFD3A7E1C61C7C17CA7044DBB4B,79cde6947d8c40afaaa6880a47e91c0cbcc4dd6d45876106c1492033bd40ce51,2026-09-09T13:33:59,GLADWIN COUNTY ROAD COMMISSION,
MI,2027,2026/2027,True,Detroit Salt,Gladwin,Early Fill,MiDEAL / State Agency,early_fill,delivered,USD/short ton,50.0,69.07,3453.5,,260000000712,award,price+volume,derived,MI_FY2027_DetroitSalt_260000000712.pdf,36,https://www.michigan.gov/dtmb/-/media/Project/Websites/dtmb/Procurement/Contracts/MiDEAL/002/260000000712.pdf?rev=8d4ed14d634d466fa9207bb1d92c2458&hash=AAB40CFD3A7E1C61C7C17CA7044DBB4B,79cde6947d8c40afaaa6880a47e91c0cbcc4dd6d45876106c1492033bd40ce51,2026-09-09T13:33:59,"GLADWIN, CITY OF",
MI,2027,2026/2027,True,Detroit Salt,Gladwin,Early Fill,MiDEAL / State Agency,early_fill,delivered,USD/short ton,50.0,69.07,3453.5,,260000000712,award,price+volume,derived,MI_FY2027_DetroitSalt_260000000712.pdf,36,https://www.michigan.gov/dtmb/-/media/Project/Websites/dtmb/Procurement/Contracts/MiDEAL/002/260000000712.pdf?rev=8d4ed14d634d466fa9207bb1d92c2458&hash=AAB40CFD3A7E1C61C7C17CA7044DBB4B,79cde6947d8c40afaaa6880a47e91c0cbcc4dd6d45876106c1492033bd40ce51,2026-09-09T13:33:59,"Beaverton, City of",
MI,2027,2026/2027,True,Detroit Salt,Grand Traverse,Early Fill,MDOT,early_fill,delivered,USD/short ton,1200.0,80.03,96036.0,,260000000712,award,price+volume,derived,MI_FY2027_DetroitSalt_260000000712.pdf,27,https://www.michigan.gov/dtmb/-/media/Project/Websites/dtmb/Procurement/Contracts/MiDEAL/002/260000000712.pdf?rev=8d4ed14d634d466fa9207bb1d92c2458&hash=AAB40CFD3A7E1C61C7C17CA7044DBB4B,79cde6947d8c40afaaa6880a47e91c0cbcc4dd6d45876106c1492033bd40ce51,2026-09-09T13:33:59,Kingsley,
MI,2027,2026/2027,True,Detroit Salt,Grand Traverse,Early Fill,MDOT,early_fill,delivered,USD/short ton,1200.0,80.03,96036.0,,260000000712,award,price+volume,derived,MI_FY2027_DetroitSalt_260000000712.pdf,27,https://www.michigan.gov/dtmb/-/media/Project/Websites/dtmb/Procurement/Contracts/MiDEAL/002/260000000712.pdf?rev=8d4ed14d634d466fa9207bb1d92c2458&hash=AAB40CFD3A7E1C61C7C17CA7044DBB4B,79cde6947d8c40afaaa6880a47e91c0cbcc4dd6d45876106c1492033bd40ce51,2026-09-09T13:33:59,Traverse City,
MI,2027,2026/2027,True,Detroit Salt,Grand Traverse,Early Fill,MiDEAL / State Agency,early_fill,delivered,USD/short ton,200.0,80.03,16006.0,,260000000712,award,price+volume,derived,MI_FY2027_DetroitSalt_260000000712.pdf,35,https://www.michigan.gov/dtmb/-/media/Project/Websites/dtmb/Procurement/Contracts/MiDEAL/002/260000000712.pdf?rev=8d4ed14d634d466fa9207bb1d92c2458&hash=AAB40CFD3A7E1C61C7C17CA7044DBB4B,79cde6947d8c40afaaa6880a47e91c0cbcc4dd6d45876106c1492033bd40ce51,2026-09-09T13:33:59,NORTHWESTERN MICHIGAN COLLEGE,
MI,2027,2026/2027,True,Detroit Salt,Grand Traverse,Early Fill,MiDEAL / State Agency,early_fill,delivered,USD/short ton,600.0,80.03,48018.0,,260000000712,award,price+volume,derived,MI_FY2027_DetroitSalt_260000000712.pdf,35,https://www.michigan.gov/dtmb/-/media/Project/Websites/dtmb/Procurement/Contracts/MiDEAL/002/260000000712.pdf?rev=8d4ed14d634d466fa9207bb1d92c2458&hash=AAB40CFD3A7E1C61C7C17CA7044DBB4B,79cde6947d8c40afaaa6880a47e91c0cbcc4dd6d45876106c1492033bd40ce51,2026-09-09T13:33:59,"TRAVERSE CITY, CITY OF",
MI,2027,2026/2027,True,Detroit Salt,Grand Traverse,Early Fill,MiDEAL / State Agency,early_fill,delivered,USD/short ton,4600.0,80.03,368138.0,,260000000712,award,price+volume,derived,MI_FY2027_DetroitSalt_260000000712.pdf,35,https://www.michigan.gov/dtmb/-/media/Project/Websites/dtmb/Procurement/Contracts/MiDEAL/002/260000000712.pdf?rev=8d4ed14d634d466fa9207bb1d92c2458&hash=AAB40CFD3A7E1C61C7C17CA7044DBB4B,79cde6947d8c40afaaa6880a47e91c0cbcc4dd6d45876106c1492033bd40ce51,2026-09-09T13:33:59,GRAND TRAVERSE COUNTY ROAD COMMISSION,
MI,2027,2026/2027,True,Detroit Salt,Grand Traverse,Early Fill,MiDEAL / State Agency,early_fill,delivered,USD/short ton,2800.0,80.03,224084.0,,260000000712,award,price+volume,derived,MI_FY2027_DetroitSalt_260000000712.pdf,35,https://www.michigan.gov/dtmb/-/media/Project/Websites/dtmb/Procurement/Contracts/MiDEAL/002/260000000712.pdf?rev=8d4ed14d634d466fa9207bb1d92c2458&hash=AAB40CFD3A7E1C61C7C17CA7044DBB4B,79cde6947d8c40afaaa6880a47e91c0cbcc4dd6d45876106c1492033bd40ce51,2026-09-09T13:33:59,GRAND TRAVERSE COUNTY ROAD COMMISSION,
MI,2027,2026/2027,True,Detroit Salt,Gratiot,Seasonal Back-Up,MiDEAL / State Agency,seasonal_backup,delivered,USD/short ton,100.0,66.55,6655.0,,260000000713,award,price+volume,derived,MI_FY2027_CompassMinerals_260000000713.pdf,41,https://www.michigan.gov/dtmb/-/media/Project/Websites/dtmb/Procurement/Contracts/022/260000000713.pdf?rev=044d384e33124f69856ff95f406d8b63&hash=EDE0618298A9461C637E9129261588D0,b42001c1d85bb1aa8af53b05e4da59e2a811f76be17396a0792a82e3a7a14675,2026-09-09T13:34:00,DOC-Central Michigan Correctional Facility - AGENCY,
MI,2027,2026/2027,True,Detroit Salt,Gratiot,Seasonal Back-Up,MiDEAL / State Agency,seasonal_backup,delivered,USD/short ton,50.0,66.55,3327.5,,260000000713,award,price+volume,derived,MI_FY2027_CompassMinerals_260000000713.pdf,41,https://www.michigan.gov/dtmb/-/media/Project/Websites/dtmb/Procurement/Contracts/022/260000000713.pdf?rev=044d384e33124f69856ff95f406d8b63&hash=EDE0618298A9461C637E9129261588D0,b42001c1d85bb1aa8af53b05e4da59e2a811f76be17396a0792a82e3a7a14675,2026-09-09T13:34:00,"ST. LOUIS, CITY OF",
MI,2027,2026/2027,True,Detroit Salt,Gratiot,Seasonal Back-Up,MiDEAL / State Agency,seasonal_backup,delivered,USD/short ton,200.0,66.55,13310.0,,260000000713,award,price+volume,derived,MI_FY2027_CompassMinerals_260000000713.pdf,41,https://www.michigan.gov/dtmb/-/media/Project/Websites/dtmb/Procurement/Contracts/022/260000000713.pdf?rev=044d384e33124f69856ff95f406d8b63&hash=EDE0618298A9461C637E9129261588D0,b42001c1d85bb1aa8af53b05e4da59e2a811f76be17396a0792a82e3a7a14675,2026-09-09T13:34:00,"ITHACA, CITY OF",
MI,2027,2026/2027,True,Detroit Salt,Gratiot,Seasonal Back-Up,MiDEAL / State Agency,seasonal_backup,delivered,USD/short ton,100.0,66.55,6655.0,,260000000713,award,price+volume,derived,MI_FY2027_CompassMinerals_260000000713.pdf,41,https://www.michigan.gov/dtmb/-/media/Project/Websites/dtmb/Procurement/Contracts/022/260000000713.pdf?rev=044d384e33124f69856ff95f406d8b63&hash=EDE0618298A9461C637E9129261588D0,b42001c1d85bb1aa8af53b05e4da59e2a811f76be17396a0792a82e3a7a14675,2026-09-09T13:34:00,"ALMA, CITY OF",
MI,2027,2026/2027,True,Detroit Salt,Gratiot,Seasonal Back-Up,MiDEAL / State Agency,seasonal_backup,delivered,USD/short ton,700.0,66.55,46585.0,,260000000713,award,price+volume,derived,MI_FY2027_CompassMinerals_260000000713.pdf,41,https://www.michigan.gov/dtmb/-/media/Project/Websites/dtmb/Procurement/Contracts/022/260000000713.pdf?rev=044d384e33124f69856ff95f406d8b63&hash=EDE0618298A9461C637E9129261588D0,b42001c1d85bb1aa8af53b05e4da59e2a811f76be17396a0792a82e3a7a14675,2026-09-09T13:34:00,GRATIOT COUNTY ROAD COMMISSION,
MI,2027,2026/2027,True,Detroit Salt,Gratiot,Early Fill,MDOT,early_fill,delivered,USD/short ton,1500.0,65.89,98835.0,,260000000712,award,price+volume,derived,MI_FY2027_DetroitSalt_260000000712.pdf,29,https://www.michigan.gov/dtmb/-/media/Project/Websites/dtmb/Procurement/Contracts/MiDEAL/002/260000000712.pdf?rev=8d4ed14d634d466fa9207bb1d92c2458&hash=AAB40CFD3A7E1C61C7C17CA7044DBB4B,79cde6947d8c40afaaa6880a47e91c0cbcc4dd6d45876106c1492033bd40ce51,2026-09-09T13:33:59,Ithaca,
MI,2027,2026/2027,True,Detroit Salt,Gratiot,Seasonal Back-Up,MDOT,seasonal_backup,delivered,USD/short ton,1500.0,66.55,99825.0,,260000000712,award,price+volume,derived,MI_FY2027_DetroitSalt_260000000712.pdf,32,https://www.michigan.gov/dtmb/-/media/Project/Websites/dtmb/Procurement/Contracts/MiDEAL/002/260000000712.pdf?rev=8d4ed14d634d466fa9207bb1d92c2458&hash=AAB40CFD3A7E1C61C7C17CA7044DBB4B,79cde6947d8c40afaaa6880a47e91c0cbcc4dd6d45876106c1492033bd40ce51,2026-09-09T13:33:59,Ithaca,
MI,2027,2026/2027,True,Detroit Salt,Gratiot,Early Fill,MiDEAL / State Agency,early_fill,delivered,USD/short ton,150.0,65.89,9883.5,,260000000712,award,price+volume,derived,MI_FY2027_DetroitSalt_260000000712.pdf,36,https://www.michigan.gov/dtmb/-/media/Project/Websites/dtmb/Procurement/Contracts/MiDEAL/002/260000000712.pdf?rev=8d4ed14d634d466fa9207bb1d92c2458&hash=AAB40CFD3A7E1C61C7C17CA7044DBB4B,79cde6947d8c40afaaa6880a47e91c0cbcc4dd6d45876106c1492033bd40ce51,2026-09-09T13:33:59,DOC-Central Michigan Correctional -AGENCY,
MI,2027,2026/2027,True,Detroit Salt,Gratiot,Early Fill,MiDEAL / State Agency,early_fill,delivered,USD/short ton,200.0,65.89,13178.0,,260000000712,award,price+volume,derived,MI_FY2027_DetroitSalt_260000000712.pdf,36,https://www.michigan.gov/dtmb/-/media/Project/Websites/dtmb/Procurement/Contracts/MiDEAL/002/260000000712.pdf?rev=8d4ed14d634d466fa9207bb1d92c2458&hash=AAB40CFD3A7E1C61C7C17CA7044DBB4B,79cde6947d8c40afaaa6880a47e91c0cbcc4dd6d45876106c1492033bd40ce51,2026-09-09T13:33:59,"ALMA, CITY OF",
MI,2027,2026/2027,True,Detroit Salt,Gratiot,Early Fill,MiDEAL / State Agency,early_fill,delivered,USD/short ton,500.0,65.89,32945.0,,260000000712,award,price+volume,derived,MI_FY2027_DetroitSalt_260000000712.pdf,36,https://www.michigan.gov/dtmb/-/media/Project/Websites/dtmb/Procurement/Contracts/MiDEAL/002/260000000712.pdf?rev=8d4ed14d634d466fa9207bb1d92c2458&hash=AAB40CFD3A7E1C61C7C17CA7044DBB4B,79cde6947d8c40afaaa6880a47e91c0cbcc4dd6d45876106c1492033bd40ce51,2026-09-09T13:33:59,GRATIOT COUNTY ROAD COMMISSION,
MI,2027,2026/2027,True,Detroit Salt,Gratiot,Early Fill,MiDEAL / State Agency,early_fill,delivered,USD/short ton,200.0,65.89,13178.0,,260000000712,award,price+volume,derived,MI_FY2027_DetroitSalt_260000000712.pdf,36,https://www.michigan.gov/dtmb/-/media/Project/Websites/dtmb/Procurement/Contracts/MiDEAL/002/260000000712.pdf?rev=8d4ed14d634d466fa9207bb1d92c2458&hash=AAB40CFD3A7E1C61C7C17CA7044DBB4B,79cde6947d8c40afaaa6880a47e91c0cbcc4dd6d45876106c1492033bd40ce51,2026-09-09T13:33:59,"ST. LOUIS, CITY OF",
MI,2027,2026/2027,True,Detroit Salt,Hillsdale,Seasonal Back-Up,MiDEAL / State Agency,seasonal_backup,delivered,USD/short ton,50.0,69.05,3452.5,,260000000713,award,price+volume,derived,MI_FY2027_CompassMinerals_260000000713.pdf,43,https://www.michigan.gov/dtmb/-/media/Project/Websites/dtmb/Procurement/Contracts/022/260000000713.pdf?rev=044d384e33124f69856ff95f406d8b63&hash=EDE0618298A9461C637E9129261588D0,b42001c1d85bb1aa8af53b05e4da59e2a811f76be17396a0792a82e3a7a14675,2026-09-09T13:34:00,"Reading, City of",
MI,2027,2026/2027,True,Detroit Salt,Hillsdale,Seasonal Back-Up,MiDEAL / State Agency,seasonal_backup,delivered,USD/short ton,300.0,69.05,20715.0,,260000000713,award,price+volume,derived,MI_FY2027_CompassMinerals_260000000713.pdf,43,https://www.michigan.gov/dtmb/-/media/Project/Websites/dtmb/Procurement/Contracts/022/260000000713.pdf?rev=044d384e33124f69856ff95f406d8b63&hash=EDE0618298A9461C637E9129261588D0,b42001c1d85bb1aa8af53b05e4da59e2a811f76be17396a0792a82e3a7a14675,2026-09-09T13:34:00,"JONESVILLE, CITY OF",
MI,2027,2026/2027,True,Detroit Salt,Hillsdale,Seasonal Back-Up,MiDEAL / State Agency,seasonal_backup,delivered,USD/short ton,10000.0,69.05,690500.0,,260000000713,award,price+volume,derived,MI_FY2027_CompassMinerals_260000000713.pdf,43,https://www.michigan.gov/dtmb/-/media/Project/Websites/dtmb/Procurement/Contracts/022/260000000713.pdf?rev=044d384e33124f69856ff95f406d8b63&hash=EDE0618298A9461C637E9129261588D0,b42001c1d85bb1aa8af53b05e4da59e2a811f76be17396a0792a82e3a7a14675,2026-09-09T13:34:00,HILLSDALE COUNTY ROAD COMMISSION,
MI,2027,2026/2027,True,Detroit Salt,Hillsdale,Seasonal Back-Up,MiDEAL / State Agency,seasonal_backup,delivered,USD/short ton,1000.0,69.05,69050.0,,260000000713,award,price+volume,derived,MI_FY2027_CompassMinerals_260000000713.pdf,43,https://www.michigan.gov/dtmb/-/media/Project/Websites/dtmb/Procurement/Contracts/022/260000000713.pdf?rev=044d384e33124f69856ff95f406d8b63&hash=EDE0618298A9461C637E9129261588D0,b42001c1d85bb1aa8af53b05e4da59e2a811f76be17396a0792a82e3a7a14675,2026-09-09T13:34:00,HILLSDALE COUNTY ROAD COMMISSION,
MI,2027,2026/2027,True,Detroit Salt,Hillsdale,Seasonal Back-Up,MiDEAL / State Agency,seasonal_backup,delivered,USD/short ton,1000.0,69.05,69050.0,,260000000713,award,price+volume,derived,MI_FY2027_CompassMinerals_260000000713.pdf,43,https://www.michigan.gov/dtmb/-/media/Project/Websites/dtmb/Procurement/Contracts/022/260000000713.pdf?rev=044d384e33124f69856ff95f406d8b63&hash=EDE0618298A9461C637E9129261588D0,b42001c1d85bb1aa8af53b05e4da59e2a811f76be17396a0792a82e3a7a14675,2026-09-09T13:34:00,HILLSDALE COUNTY ROAD COMMISSION,
MI,2027,2026/2027,True,Detroit Salt,Hillsdale,Seasonal Back-Up,MiDEAL / State Agency,seasonal_backup,delivered,USD/short ton,1000.0,69.05,69050.0,,260000000713,award,price+volume,derived,MI_FY2027_CompassMinerals_260000000713.pdf,43,https://www.michigan.gov/dtmb/-/media/Project/Websites/dtmb/Procurement/Contracts/022/260000000713.pdf?rev=044d384e33124f69856ff95f406d8b63&hash=EDE0618298A9461C637E9129261588D0,b42001c1d85bb1aa8af53b05e4da59e2a811f76be17396a0792a82e3a7a14675,2026-09-09T13:34:00,HILLSDALE COUNTY ROAD COMMISSION,
MI,2027,2026/2027,True,Detroit Salt,Hillsdale,Seasonal Back-Up,MiDEAL / State Agency,seasonal_backup,delivered,USD/short ton,1000.0,69.05,69050.0,,260000000713,award,price+volume,derived,MI_FY2027_CompassMinerals_260000000713.pdf,43,https://www.michigan.gov/dtmb/-/media/Project/Websites/dtmb/Procurement/Contracts/022/260000000713.pdf?rev=044d384e33124f69856ff95f406d8b63&hash=EDE0618298A9461C637E9129261588D0,b42001c1d85bb1aa8af53b05e4da59e2a811f76be17396a0792a82e3a7a14675,2026-09-09T13:34:00,HILLSDALE COUNTY ROAD COMMISSION,
MI,2027,2026/2027,True,Detroit Salt,Hillsdale,Seasonal Back-Up,MiDEAL / State Agency,seasonal_backup,delivered,USD/short ton,1000.0,69.05,69050.0,,260000000713,award,price+volume,derived,MI_FY2027_CompassMinerals_260000000713.pdf,43,https://www.michigan.gov/dtmb/-/media/Project/Websites/dtmb/Procurement/Contracts/022/260000000713.pdf?rev=044d384e33124f69856ff95f406d8b63&hash=EDE0618298A9461C637E9129261588D0,b42001c1d85bb1aa8af53b05e4da59e2a811f76be17396a0792a82e3a7a14675,2026-09-09T13:34:00,"HILLSDALE, CITY OF",
MI,2027,2026/2027,True,Detroit Salt,Hillsdale,Early Fill,MiDEAL / State Agency,early_fill,delivered,USD/short ton,50.0,79.89,3994.5,,260000000712,award,price+volume,derived,MI_FY2027_DetroitSalt_260000000712.pdf,38,https://www.michigan.gov/dtmb/-/media/Project/Websites/dtmb/Procurement/Contracts/MiDEAL/002/260000000712.pdf?rev=8d4ed14d634d466fa9207bb1d92c2458&hash=AAB40CFD3A7E1C61C7C17CA7044DBB4B,79cde6947d8c40afaaa6880a47e91c0cbcc4dd6d45876106c1492033bd40ce51,2026-09-09T13:33:59,"JONESVILLE, CITY OF",
MI,2027,2026/2027,True,Detroit Salt,Hillsdale,Early Fill,MiDEAL / State Agency,early_fill,delivered,USD/short ton,50.0,79.89,3994.5,,260000000712,award,price+volume,derived,MI_FY2027_DetroitSalt_260000000712.pdf,38,https://www.michigan.gov/dtmb/-/media/Project/Websites/dtmb/Procurement/Contracts/MiDEAL/002/260000000712.pdf?rev=8d4ed14d634d466fa9207bb1d92c2458&hash=AAB40CFD3A7E1C61C7C17CA7044DBB4B,79cde6947d8c40afaaa6880a47e91c0cbcc4dd6d45876106c1492033bd40ce51,2026-09-09T13:33:59,"Reading, City of",
MI,2027,2026/2027,True,Detroit Salt,Huron,Seasonal Back-Up,MiDEAL / State Agency,seasonal_backup,delivered,USD/short ton,50.0,64.89,3244.5,,260000000713,award,price+volume,derived,MI_FY2027_CompassMinerals_260000000713.pdf,41,https://www.michigan.gov/dtmb/-/media/Project/Websites/dtmb/Procurement/Contracts/022/260000000713.pdf?rev=044d384e33124f69856ff95f406d8b63&hash=EDE0618298A9461C637E9129261588D0,b42001c1d85bb1aa8af53b05e4da59e2a811f76be17396a0792a82e3a7a14675,2026-09-09T13:34:00,SEBEWAING VILLAGE OF,
MI,2027,2026/2027,True,Detroit Salt,Huron,Seasonal Back-Up,MiDEAL / State Agency,seasonal_backup,delivered,USD/short ton,600.0,64.89,38934.0,,260000000713,award,price+volume,derived,MI_FY2027_CompassMinerals_260000000713.pdf,41,https://www.michigan.gov/dtmb/-/media/Project/Websites/dtmb/Procurement/Contracts/022/260000000713.pdf?rev=044d384e33124f69856ff95f406d8b63&hash=EDE0618298A9461C637E9129261588D0,b42001c1d85bb1aa8af53b05e4da59e2a811f76be17396a0792a82e3a7a14675,2026-09-09T13:34:00,HURON COUNTY ROAD COMMISSION,
MI,2027,2026/2027,True,Detroit Salt,Huron,Seasonal Back-Up,MiDEAL / State Agency,seasonal_backup,delivered,USD/short ton,500.0,64.89,32445.0,,260000000713,award,price+volume,derived,MI_FY2027_CompassMinerals_260000000713.pdf,41,https://www.michigan.gov/dtmb/-/media/Project/Websites/dtmb/Procurement/Contracts/022/260000000713.pdf?rev=044d384e33124f69856ff95f406d8b63&hash=EDE0618298A9461C637E9129261588D0,b42001c1d85bb1aa8af53b05e4da59e2a811f76be17396a0792a82e3a7a14675,2026-09-09T13:34:00,HURON COUNTY ROAD COMMISSION,
MI,2027,2026/2027,True,Detroit Salt,Huron,Seasonal Back-Up,MiDEAL / State Agency,seasonal_backup,delivered,USD/short ton,350.0,64.89,22711.5,,260000000713,award,price+volume,derived,MI_FY2027_CompassMinerals_260000000713.pdf,41,https://www.michigan.gov/dtmb/-/media/Project/Websites/dtmb/Procurement/Contracts/022/260000000713.pdf?rev=044d384e33124f69856ff95f406d8b63&hash=EDE0618298A9461C637E9129261588D0,b42001c1d85bb1aa8af53b05e4da59e2a811f76be17396a0792a82e3a7a14675,2026-09-09T13:34:00,HURON COUNTY ROAD COMMISSION,
MI,2027,2026/2027,True,Detroit Salt,Huron,Seasonal Back-Up,MiDEAL / State Agency,seasonal_backup,delivered,USD/short ton,800.0,64.89,51912.0,,260000000713,award,price+volume,derived,MI_FY2027_CompassMinerals_260000000713.pdf,41,https://www.michigan.gov/dtmb/-/media/Project/Websites/dtmb/Procurement/Contracts/022/260000000713.pdf?rev=044d384e33124f69856ff95f406d8b63&hash=EDE0618298A9461C637E9129261588D0,b42001c1d85bb1aa8af53b05e4da59e2a811f76be17396a0792a82e3a7a14675,2026-09-09T13:34:00,HURON COUNTY ROAD COMMISSION,
MI,2027,2026/2027,True,Detroit Salt,Huron,Seasonal Back-Up,MiDEAL / State Agency,seasonal_backup,delivered,USD/short ton,250.0,64.89,16222.5,,260000000713,award,price+volume,derived,MI_FY2027_CompassMinerals_260000000713.pdf,41,https://www.michigan.gov/dtmb/-/media/Project/Websites/dtmb/Procurement/Contracts/022/260000000713.pdf?rev=044d384e33124f69856ff95f406d8b63&hash=EDE0618298A9461C637E9129261588D0,b42001c1d85bb1aa8af53b05e4da59e2a811f76be17396a0792a82e3a7a14675,2026-09-09T13:34:00,HURON COUNTY ROAD COMMISSION,
MI,2027,2026/2027,True,Detroit Salt,Huron,Early Fill,MDOT,early_fill,delivered,USD/short ton,400.0,66.76,26704.0,,260000000712,award,price+volume,derived,MI_FY2027_DetroitSalt_260000000712.pdf,29,https://www.michigan.gov/dtmb/-/media/Project/Websites/dtmb/Procurement/Contracts/MiDEAL/002/260000000712.pdf?rev=8d4ed14d634d466fa9207bb1d92c2458&hash=AAB40CFD3A7E1C61C7C17CA7044DBB4B,79cde6947d8c40afaaa6880a47e91c0cbcc4dd6d45876106c1492033bd40ce51,2026-09-09T13:33:59,Kinde,
MI,2027,2026/2027,True,Detroit Salt,Huron,Early Fill,MDOT,early_fill,delivered,USD/short ton,500.0,66.76,33380.0,,260000000712,award,price+volume,derived,MI_FY2027_DetroitSalt_260000000712.pdf,29,https://www.michigan.gov/dtmb/-/media/Project/Websites/dtmb/Procurement/Contracts/MiDEAL/002/260000000712.pdf?rev=8d4ed14d634d466fa9207bb1d92c2458&hash=AAB40CFD3A7E1C61C7C17CA7044DBB4B,79cde6947d8c40afaaa6880a47e91c0cbcc4dd6d45876106c1492033bd40ce51,2026-09-09T13:33:59,Bad Axe,
MI,2027,2026/2027,True,Detroit Salt,Huron,Early Fill,MDOT,early_fill,delivered,USD/short ton,100.0,66.76,6676.0,,260000000712,award,price+volume,derived,MI_FY2027_DetroitSalt_260000000712.pdf,29,https://www.michigan.gov/dtmb/-/media/Project/Websites/dtmb/Procurement/Contracts/MiDEAL/002/260000000712.pdf?rev=8d4ed14d634d466fa9207bb1d92c2458&hash=AAB40CFD3A7E1C61C7C17CA7044DBB4B,79cde6947d8c40afaaa6880a47e91c0cbcc4dd6d45876106c1492033bd40ce51,2026-09-09T13:33:59,Sand Beach,
MI,2027,2026/2027,True,Detroit Salt,Huron,Seasonal Back-Up,MDOT,seasonal_backup,delivered,USD/short ton,350.0,64.89,22711.5,,260000000712,award,price+volume,derived,MI_FY2027_DetroitSalt_260000000712.pdf,32,https://www.michigan.gov/dtmb/-/media/Project/Websites/dtmb/Procurement/Contracts/MiDEAL/002/260000000712.pdf?rev=8d4ed14d634d466fa9207bb1d92c2458&hash=AAB40CFD3A7E1C61C7C17CA7044DBB4B,79cde6947d8c40afaaa6880a47e91c0cbcc4dd6d45876106c1492033bd40ce51,2026-09-09T13:33:59,Kinde,
MI,2027,2026/2027,True,Detroit Salt,Huron,Seasonal Back-Up,MDOT,seasonal_backup,delivered,USD/short ton,500.0,64.89,32445.0,,260000000712,award,price+volume,derived,MI_FY2027_DetroitSalt_260000000712.pdf,32,https://www.michigan.gov/dtmb/-/media/Project/Websites/dtmb/Procurement/Contracts/MiDEAL/002/260000000712.pdf?rev=8d4ed14d634d466fa9207bb1d92c2458&hash=AAB40CFD3A7E1C61C7C17CA7044DBB4B,79cde6947d8c40afaaa6880a47e91c0cbcc4dd6d45876106c1492033bd40ce51,2026-09-09T13:33:59,Bad Axe,
MI,2027,2026/2027,True,Detroit Salt,Huron,Seasonal Back-Up,MDOT,seasonal_backup,delivered,USD/short ton,100.0,64.89,6489.0,,260000000712,award,price+volume,derived,MI_FY2027_DetroitSalt_260000000712.pdf,32,https://www.michigan.gov/dtmb/-/media/Project/Websites/dtmb/Procurement/Contracts/MiDEAL/002/260000000712.pdf?rev=8d4ed14d634d466fa9207bb1d92c2458&hash=AAB40CFD3A7E1C61C7C17CA7044DBB4B,79cde6947d8c40afaaa6880a47e91c0cbcc4dd6d45876106c1492033bd40ce51,2026-09-09T13:33:59,Port Hope,
MI,2027,2026/2027,True,Detroit Salt,Huron,Seasonal Back-Up,MDOT,seasonal_backup,delivered,USD/short ton,200.0,64.89,12978.0,,260000000712,award,price+volume,derived,MI_FY2027_DetroitSalt_260000000712.pdf,32,https://www.michigan.gov/dtmb/-/media/Project/Websites/dtmb/Procurement/Contracts/MiDEAL/002/260000000712.pdf?rev=8d4ed14d634d466fa9207bb1d92c2458&hash=AAB40CFD3A7E1C61C7C17CA7044DBB4B,79cde6947d8c40afaaa6880a47e91c0cbcc4dd6d45876106c1492033bd40ce51,2026-09-09T13:33:59,Sand Beach,
MI,2027,2026/2027,True,Detroit Salt,Huron,Seasonal Back-Up,MDOT,seasonal_backup,delivered,USD/short ton,350.0,64.89,22711.5,,260000000712,award,price+volume,derived,MI_FY2027_DetroitSalt_260000000712.pdf,32,https://www.michigan.gov/dtmb/-/media/Project/Websites/dtmb/Procurement/Contracts/MiDEAL/002/260000000712.pdf?rev=8d4ed14d634d466fa9207bb1d92c2458&hash=AAB40CFD3A7E1C61C7C17CA7044DBB4B,79cde6947d8c40afaaa6880a47e91c0cbcc4dd6d45876106c1492033bd40ce51,2026-09-09T13:33:59,Pigeon,
MI,2027,2026/2027,True,Detroit Salt,Huron,Early Fill,MiDEAL / State Agency,early_fill,delivered,USD/short ton,600.0,66.76,40056.0,,260000000712,award,price+volume,derived,MI_FY2027_DetroitSalt_260000000712.pdf,36,https://www.michigan.gov/dtmb/-/media/Project/Websites/dtmb/Procurement/Contracts/MiDEAL/002/260000000712.pdf?rev=8d4ed14d634d466fa9207bb1d92c2458&hash=AAB40CFD3A7E1C61C7C17CA7044DBB4B,79cde6947d8c40afaaa6880a47e91c0cbcc4dd6d45876106c1492033bd40ce51,2026-09-09T13:33:59,HURON COUNTY ROAD COMMISSION,
MI,2027,2026/2027,True,Detroit Salt,Huron,Early Fill,MiDEAL / State Agency,early_fill,delivered,USD/short ton,200.0,66.76,13352.0,,260000000712,award,price+volume,derived,MI_FY2027_DetroitSalt_260000000712.pdf,36,https://www.michigan.gov/dtmb/-/media/Project/Websites/dtmb/Procurement/Contracts/MiDEAL/002/260000000712.pdf?rev=8d4ed14d634d466fa9207bb1d92c2458&hash=AAB40CFD3A7E1C61C7C17CA7044DBB4B,79cde6947d8c40afaaa6880a47e91c0cbcc4dd6d45876106c1492033bd40ce51,2026-09-09T13:33:59,HURON COUNTY ROAD COMMISSION,
MI,2027,2026/2027,True,Detroit Salt,Huron,Early Fill,MiDEAL / State Agency,early_fill,delivered,USD/short ton,450.0,66.76,30042.0,,260000000712,award,price+volume,derived,MI_FY2027_DetroitSalt_260000000712.pdf,36,https://www.michigan.gov/dtmb/-/media/Project/Websites/dtmb/Procurement/Contracts/MiDEAL/002/260000000712.pdf?rev=8d4ed14d634d466fa9207bb1d92c2458&hash=AAB40CFD3A7E1C61C7C17CA7044DBB4B,79cde6947d8c40afaaa6880a47e91c0cbcc4dd6d45876106c1492033bd40ce51,2026-09-09T13:33:59,HURON COUNTY ROAD COMMISSION,
MI,2027,2026/2027,True,Detroit Salt,Huron,Early Fill,MiDEAL / State Agency,early_fill,delivered,USD/short ton,50.0,66.76,3338.0,,260000000712,award,price+volume,derived,MI_FY2027_DetroitSalt_260000000712.pdf,36,https://www.michigan.gov/dtmb/-/media/Project/Websites/dtmb/Procurement/Contracts/MiDEAL/002/260000000712.pdf?rev=8d4ed14d634d466fa9207bb1d92c2458&hash=AAB40CFD3A7E1C61C7C17CA7044DBB4B,79cde6947d8c40afaaa6880a47e91c0cbcc4dd6d45876106c1492033bd40ce51,2026-09-09T13:33:59,SEBEWAING VILLAGE OF,
MI,2027,2026/2027,True,Detroit Salt,Huron,Early Fill,MiDEAL / State Agency,early_fill,delivered,USD/short ton,200.0,66.76,13352.0,,260000000712,award,price+volume,derived,MI_FY2027_DetroitSalt_260000000712.pdf,36,https://www.michigan.gov/dtmb/-/media/Project/Websites/dtmb/Procurement/Contracts/MiDEAL/002/260000000712.pdf?rev=8d4ed14d634d466fa9207bb1d92c2458&hash=AAB40CFD3A7E1C61C7C17CA7044DBB4B,79cde6947d8c40afaaa6880a47e91c0cbcc4dd6d45876106c1492033bd40ce51,2026-09-09T13:33:59,"HARBOR BEACH, CITY OF",
MI,2027,2026/2027,True,Detroit Salt,Huron,Early Fill,MiDEAL / State Agency,early_fill,delivered,USD/short ton,50.0,66.76,3338.0,,260000000712,award,price+volume,derived,MI_FY2027_DetroitSalt_260000000712.pdf,36,https://www.michigan.gov/dtmb/-/media/Project/Websites/dtmb/Procurement/Contracts/MiDEAL/002/260000000712.pdf?rev=8d4ed14d634d466fa9207bb1d92c2458&hash=AAB40CFD3A7E1C61C7C17CA7044DBB4B,79cde6947d8c40afaaa6880a47e91c0cbcc4dd6d45876106c1492033bd40ce51,2026-09-09T13:33:59,HURON COUNTY ROAD COMMISSION,
MI,2027,2026/2027,True,Detroit Salt,Ingham,Seasonal Back-Up,MiDEAL / State Agency,seasonal_backup,delivered,USD/short ton,400.0,66.51,26604.0,,260000000713,award,price+volume,derived,MI_FY2027_CompassMinerals_260000000713.pdf,43,https://www.michigan.gov/dtmb/-/media/Project/Websites/dtmb/Procurement/Contracts/022/260000000713.pdf?rev=044d384e33124f69856ff95f406d8b63&hash=EDE0618298A9461C637E9129261588D0,b42001c1d85bb1aa8af53b05e4da59e2a811f76be17396a0792a82e3a7a14675,2026-09-09T13:34:00,"WILLIAMSTON, CITY OF",
MI,2027,2026/2027,True,Detroit Salt,Ingham,Seasonal Back-Up,MiDEAL / State Agency,seasonal_backup,delivered,USD/short ton,200.0,66.51,13302.0,,260000000713,award,price+volume,derived,MI_FY2027_CompassMinerals_260000000713.pdf,43,https://www.michigan.gov/dtmb/-/media/Project/Websites/dtmb/Procurement/Contracts/022/260000000713.pdf?rev=044d384e33124f69856ff95f406d8b63&hash=EDE0618298A9461C637E9129261588D0,b42001c1d85bb1aa8af53b05e4da59e2a811f76be17396a0792a82e3a7a14675,2026-09-09T13:34:00,"LESLIE, CITY OF",
MI,2027,2026/2027,True,Detroit Salt,Ingham,Seasonal Back-Up,MiDEAL / State Agency,seasonal_backup,delivered,USD/short ton,400.0,66.51,26604.0,,260000000713,award,price+volume,derived,MI_FY2027_CompassMinerals_260000000713.pdf,43,https://www.michigan.gov/dtmb/-/media/Project/Websites/dtmb/Procurement/Contracts/022/260000000713.pdf?rev=044d384e33124f69856ff95f406d8b63&hash=EDE0618298A9461C637E9129261588D0,b42001c1d85bb1aa8af53b05e4da59e2a811f76be17396a0792a82e3a7a14675,2026-09-09T13:34:00,DTMB-Facilities-Building Operations Division- AGENCY,
MI,2027,2026/2027,True,Detroit Salt,Ingham,Seasonal Back-Up,MiDEAL / State Agency,seasonal_backup,delivered,USD/short ton,5000.0,66.51,332550.0,,260000000713,award,price+volume,derived,MI_FY2027_CompassMinerals_260000000713.pdf,43,https://www.michigan.gov/dtmb/-/media/Project/Websites/dtmb/Procurement/Contracts/022/260000000713.pdf?rev=044d384e33124f69856ff95f406d8b63&hash=EDE0618298A9461C637E9129261588D0,b42001c1d85bb1aa8af53b05e4da59e2a811f76be17396a0792a82e3a7a14675,2026-09-09T13:34:00,INGHAM COUNTY,
MI,2027,2026/2027,True,Detroit Salt,Ingham,Seasonal Back-Up,MiDEAL / State Agency,seasonal_backup,delivered,USD/short ton,4000.0,66.51,266040.0,,260000000713,award,price+volume,derived,MI_FY2027_CompassMinerals_260000000713.pdf,43,https://www.michigan.gov/dtmb/-/media/Project/Websites/dtmb/Procurement/Contracts/022/260000000713.pdf?rev=044d384e33124f69856ff95f406d8b63&hash=EDE0618298A9461C637E9129261588D0,b42001c1d85bb1aa8af53b05e4da59e2a811f76be17396a0792a82e3a7a14675,2026-09-09T13:34:00,INGHAM COUNTY,
MI,2027,2026/2027,True,Detroit Salt,Ingham,Seasonal Back-Up,MiDEAL / State Agency,seasonal_backup,delivered,USD/short ton,4500.0,66.51,299295.0,,260000000713,award,price+volume,derived,MI_FY2027_CompassMinerals_260000000713.pdf,43,https://www.michigan.gov/dtmb/-/media/Project/Websites/dtmb/Procurement/Contracts/022/260000000713.pdf?rev=044d384e33124f69856ff95f406d8b63&hash=EDE0618298A9461C637E9129261588D0,b42001c1d85bb1aa8af53b05e4da59e2a811f76be17396a0792a82e3a7a14675,2026-09-09T13:34:00,INGHAM COUNTY,
MI,2027,2026/2027,True,Detroit Salt,Ingham,Seasonal Back-Up,MiDEAL / State Agency,seasonal_backup,delivered,USD/short ton,100.0,66.51,6651.0,,260000000713,award,price+volume,derived,MI_FY2027_CompassMinerals_260000000713.pdf,43,https://www.michigan.gov/dtmb/-/media/Project/Websites/dtmb/Procurement/Contracts/022/260000000713.pdf?rev=044d384e33124f69856ff95f406d8b63&hash=EDE0618298A9461C637E9129261588D0,b42001c1d85bb1aa8af53b05e4da59e2a811f76be17396a0792a82e3a7a14675,2026-09-09T13:34:00,HASLETT PUBLIC SCHOOLS,
MI,2027,2026/2027,True,Detroit Salt,Ingham,Seasonal Back-Up,MiDEAL / State Agency,seasonal_backup,delivered,USD/short ton,6000.0,66.51,399060.0,,260000000713,award,price+volume,derived,MI_FY2027_CompassMinerals_260000000713.pdf,43,https://www.michigan.gov/dtmb/-/media/Project/Websites/dtmb/Procurement/Contracts/022/260000000713.pdf?rev=044d384e33124f69856ff95f406d8b63&hash=EDE0618298A9461C637E9129261588D0,b42001c1d85bb1aa8af53b05e4da59e2a811f76be17396a0792a82e3a7a14675,2026-09-09T13:34:00,"LANSING, CITY OF",
MI,2027,2026/2027,True,Detroit Salt,Ingham,Seasonal Back-Up,MiDEAL / State Agency,seasonal_backup,delivered,USD/short ton,500.0,66.51,33255.0,,260000000713,award,price+volume,derived,MI_FY2027_CompassMinerals_260000000713.pdf,43,https://www.michigan.gov/dtmb/-/media/Project/Websites/dtmb/Procurement/Contracts/022/260000000713.pdf?rev=044d384e33124f69856ff95f406d8b63&hash=EDE0618298A9461C637E9129261588D0,b42001c1d85bb1aa8af53b05e4da59e2a811f76be17396a0792a82e3a7a14675,2026-09-09T13:34:00,"MASON, CITY OF",
MI,2027,2026/2027,True,Detroit Salt,Ingham,Seasonal Back-Up,MiDEAL / State Agency,seasonal_backup,delivered,USD/short ton,300.0,66.51,19953.0,,260000000713,award,price+volume,derived,MI_FY2027_CompassMinerals_260000000713.pdf,43,https://www.michigan.gov/dtmb/-/media/Project/Websites/dtmb/Procurement/Contracts/022/260000000713.pdf?rev=044d384e33124f69856ff95f406d8b63&hash=EDE0618298A9461C637E9129261588D0,b42001c1d85bb1aa8af53b05e4da59e2a811f76be17396a0792a82e3a7a14675,2026-09-09T13:34:00,CAPITAL REGION AIRPORT AUTHORITY,
MI,2027,2026/2027,True,Detroit Salt,Ingham,Seasonal Back-Up,MiDEAL / State Agency,seasonal_backup,delivered,USD/short ton,100.0,66.51,6651.0,,260000000713,award,price+volume,derived,MI_FY2027_CompassMinerals_260000000713.pdf,43,https://www.michigan.gov/dtmb/-/media/Project/Websites/dtmb/Procurement/Contracts/022/260000000713.pdf?rev=044d384e33124f69856ff95f406d8b63&hash=EDE0618298A9461C637E9129261588D0,b42001c1d85bb1aa8af53b05e4da59e2a811f76be17396a0792a82e3a7a14675,2026-09-09T13:34:00,Mason Public Schools,
MI,2027,2026/2027,True,Detroit Salt,Ingham,Seasonal Back-Up,MiDEAL / State Agency,seasonal_backup,delivered,USD/short ton,100.0,66.51,6651.0,,260000000713,award,price+volume,derived,MI_FY2027_CompassMinerals_260000000713.pdf,43,https://www.michigan.gov/dtmb/-/media/Project/Websites/dtmb/Procurement/Contracts/022/260000000713.pdf?rev=044d384e33124f69856ff95f406d8b63&hash=EDE0618298A9461C637E9129261588D0,b42001c1d85bb1aa8af53b05e4da59e2a811f76be17396a0792a82e3a7a14675,2026-09-09T13:34:00,MERIDIAN TOWNSHIP,
MI,2027,2026/2027,True,Detroit Salt,Ingham,Seasonal Back-Up,MiDEAL / State Agency,seasonal_backup,delivered,USD/short ton,150.0,66.51,9976.5,,260000000713,award,price+volume,derived,MI_FY2027_CompassMinerals_260000000713.pdf,43,https://www.michigan.gov/dtmb/-/media/Project/Websites/dtmb/Procurement/Contracts/022/260000000713.pdf?rev=044d384e33124f69856ff95f406d8b63&hash=EDE0618298A9461C637E9129261588D0,b42001c1d85bb1aa8af53b05e4da59e2a811f76be17396a0792a82e3a7a14675,2026-09-09T13:34:00,OKEMOS PUBLIC SCHOOLS,
MI,2027,2026/2027,True,Detroit Salt,Ingham,Seasonal Back-Up,MiDEAL / State Agency,seasonal_backup,delivered,USD/short ton,2000.0,66.51,133020.0,,260000000713,award,price+volume,derived,MI_FY2027_CompassMinerals_260000000713.pdf,43,https://www.michigan.gov/dtmb/-/media/Project/Websites/dtmb/Procurement/Contracts/022/260000000713.pdf?rev=044d384e33124f69856ff95f406d8b63&hash=EDE0618298A9461C637E9129261588D0,b42001c1d85bb1aa8af53b05e4da59e2a811f76be17396a0792a82e3a7a14675,2026-09-09T13:34:00,MICHIGAN STATE UNIVERSITY,
MI,2027,2026/2027,True,Detroit Salt,Ingham,Seasonal Back-Up,MiDEAL / State Agency,seasonal_backup,delivered,USD/short ton,200.0,66.51,13302.0,,260000000713,award,price+volume,derived,MI_FY2027_CompassMinerals_260000000713.pdf,43,https://www.michigan.gov/dtmb/-/media/Project/Websites/dtmb/Procurement/Contracts/022/260000000713.pdf?rev=044d384e33124f69856ff95f406d8b63&hash=EDE0618298A9461C637E9129261588D0,b42001c1d85bb1aa8af53b05e4da59e2a811f76be17396a0792a82e3a7a14675,2026-09-09T13:34:00,HOLT PUBLIC SCHOOLS,
MI,2027,2026/2027,True,Detroit Salt,Ingham,Seasonal Back-Up,MiDEAL / State Agency,seasonal_backup,delivered,USD/short ton,100.0,66.51,6651.0,,260000000713,award,price+volume,derived,MI_FY2027_CompassMinerals_260000000713.pdf,43,https://www.michigan.gov/dtmb/-/media/Project/Websites/dtmb/Procurement/Contracts/022/260000000713.pdf?rev=044d384e33124f69856ff95f406d8b63&hash=EDE0618298A9461C637E9129261588D0,b42001c1d85bb1aa8af53b05e4da59e2a811f76be17396a0792a82e3a7a14675,2026-09-09T13:34:00,"WEBBERVILLE, VILLAGE OF",
MI,2027,2026/2027,True,Detroit Salt,Ingham,Seasonal Back-Up,MiDEAL / State Agency,seasonal_backup,delivered,USD/short ton,150.0,66.51,9976.5,,260000000713,award,price+volume,derived,MI_FY2027_CompassMinerals_260000000713.pdf,43,https://www.michigan.gov/dtmb/-/media/Project/Websites/dtmb/Procurement/Contracts/022/260000000713.pdf?rev=044d384e33124f69856ff95f406d8b63&hash=EDE0618298A9461C637E9129261588D0,b42001c1d85bb1aa8af53b05e4da59e2a811f76be17396a0792a82e3a7a14675,2026-09-09T13:34:00,DMVA-AGENCY,
MI,2027,2026/2027,True,Detroit Salt,Ingham,Early Fill,MDOT,early_fill,delivered,USD/short ton,800.0,76.16,60928.0,,260000000712,award,price+volume,derived,MI_FY2027_DetroitSalt_260000000712.pdf,30,https://www.michigan.gov/dtmb/-/media/Project/Websites/dtmb/Procurement/Contracts/MiDEAL/002/260000000712.pdf?rev=8d4ed14d634d466fa9207bb1d92c2458&hash=AAB40CFD3A7E1C61C7C17CA7044DBB4B,79cde6947d8c40afaaa6880a47e91c0cbcc4dd6d45876106c1492033bd40ce51,2026-09-09T13:33:59,Williamston,
MI,2027,2026/2027,True,Detroit Salt,Ingham,Early Fill,MDOT,early_fill,delivered,USD/short ton,2500.0,76.16,190400.0,,260000000712,award,price+volume,derived,MI_FY2027_DetroitSalt_260000000712.pdf,30,https://www.michigan.gov/dtmb/-/media/Project/Websites/dtmb/Procurement/Contracts/MiDEAL/002/260000000712.pdf?rev=8d4ed14d634d466fa9207bb1d92c2458&hash=AAB40CFD3A7E1C61C7C17CA7044DBB4B,79cde6947d8c40afaaa6880a47e91c0cbcc4dd6d45876106c1492033bd40ce51,2026-09-09T13:33:59,Mason,
MI,2027,2026/2027,True,Detroit Salt,Ingham,Seasonal Back-Up,MDOT,seasonal_backup,delivered,USD/short ton,3800.0,66.51,252738.0,,260000000712,award,price+volume,derived,MI_FY2027_DetroitSalt_260000000712.pdf,34,https://www.michigan.gov/dtmb/-/media/Project/Websites/dtmb/Procurement/Contracts/MiDEAL/002/260000000712.pdf?rev=8d4ed14d634d466fa9207bb1d92c2458&hash=AAB40CFD3A7E1C61C7C17CA7044DBB4B,79cde6947d8c40afaaa6880a47e91c0cbcc4dd6d45876106c1492033bd40ce51,2026-09-09T13:33:59,Williamston,
MI,2027,2026/2027,True,Detroit Salt,Ingham,Seasonal Back-Up,MDOT,seasonal_backup,delivered,USD/short ton,2000.0,66.51,133020.0,,260000000712,award,price+volume,derived,MI_FY2027_DetroitSalt_260000000712.pdf,34,https://www.michigan.gov/dtmb/-/media/Project/Websites/dtmb/Procurement/Contracts/MiDEAL/002/260000000712.pdf?rev=8d4ed14d634d466fa9207bb1d92c2458&hash=AAB40CFD3A7E1C61C7C17CA7044DBB4B,79cde6947d8c40afaaa6880a47e91c0cbcc4dd6d45876106c1492033bd40ce51,2026-09-09T13:33:59,Mason,
MI,2027,2026/2027,True,Detroit Salt,Ingham,Early Fill,MiDEAL / State Agency,early_fill,delivered,USD/short ton,100.0,76.16,7616.0,,260000000712,award,price+volume,derived,MI_FY2027_DetroitSalt_260000000712.pdf,38,https://www.michigan.gov/dtmb/-/media/Project/Websites/dtmb/Procurement/Contracts/MiDEAL/002/260000000712.pdf?rev=8d4ed14d634d466fa9207bb1d92c2458&hash=AAB40CFD3A7E1C61C7C17CA7044DBB4B,79cde6947d8c40afaaa6880a47e91c0cbcc4dd6d45876106c1492033bd40ce51,2026-09-09T13:33:59,"WEBBERVILLE, VILLAGE OF",
MI,2027,2026/2027,True,Detroit Salt,Ingham,Early Fill,MiDEAL / State Agency,early_fill,delivered,USD/short ton,2000.0,76.16,152320.0,,260000000712,award,price+volume,derived,MI_FY2027_DetroitSalt_260000000712.pdf,38,https://www.michigan.gov/dtmb/-/media/Project/Websites/dtmb/Procurement/Contracts/MiDEAL/002/260000000712.pdf?rev=8d4ed14d634d466fa9207bb1d92c2458&hash=AAB40CFD3A7E1C61C7C17CA7044DBB4B,79cde6947d8c40afaaa6880a47e91c0cbcc4dd6d45876106c1492033bd40ce51,2026-09-09T13:33:59,LANSING SCHOOL DISTRICT,
MI,2027,2026/2027,True,Detroit Salt,Ingham,Early Fill,MiDEAL / State Agency,early_fill,delivered,USD/short ton,400.0,76.16,30464.0,,260000000712,award,price+volume,derived,MI_FY2027_DetroitSalt_260000000712.pdf,38,https://www.michigan.gov/dtmb/-/media/Project/Websites/dtmb/Procurement/Contracts/MiDEAL/002/260000000712.pdf?rev=8d4ed14d634d466fa9207bb1d92c2458&hash=AAB40CFD3A7E1C61C7C17CA7044DBB4B,79cde6947d8c40afaaa6880a47e91c0cbcc4dd6d45876106c1492033bd40ce51,2026-09-09T13:33:59,DTMB-Facilities-Building Operations Division - AGENCY,
MI,2027,2026/2027,True,Detroit Salt,Ingham,Early Fill,MiDEAL / State Agency,early_fill,delivered,USD/short ton,50.0,76.16,3808.0,,260000000712,award,price+volume,derived,MI_FY2027_DetroitSalt_260000000712.pdf,38,https://www.michigan.gov/dtmb/-/media/Project/Websites/dtmb/Procurement/Contracts/MiDEAL/002/260000000712.pdf?rev=8d4ed14d634d466fa9207bb1d92c2458&hash=AAB40CFD3A7E1C61C7C17CA7044DBB4B,79cde6947d8c40afaaa6880a47e91c0cbcc4dd6d45876106c1492033bd40ce51,2026-09-09T13:33:59,HOLT PUBLIC SCHOOLS,
MI,2027,2026/2027,True,Detroit Salt,Ingham,Early Fill,MiDEAL / State Agency,early_fill,delivered,USD/short ton,50.0,76.16,3808.0,,260000000712,award,price+volume,derived,MI_FY2027_DetroitSalt_260000000712.pdf,38,https://www.michigan.gov/dtmb/-/media/Project/Websites/dtmb/Procurement/Contracts/MiDEAL/002/260000000712.pdf?rev=8d4ed14d634d466fa9207bb1d92c2458&hash=AAB40CFD3A7E1C61C7C17CA7044DBB4B,79cde6947d8c40afaaa6880a47e91c0cbcc4dd6d45876106c1492033bd40ce51,2026-09-09T13:33:59,OKEMOS PUBLIC SCHOOLS,
MI,2027,2026/2027,True,Detroit Salt,Ingham,Early Fill,MiDEAL / State Agency,early_fill,delivered,USD/short ton,50.0,76.16,3808.0,,260000000712,award,price+volume,derived,MI_FY2027_DetroitSalt_260000000712.pdf,38,https://www.michigan.gov/dtmb/-/media/Project/Websites/dtmb/Procurement/Contracts/MiDEAL/002/260000000712.pdf?rev=8d4ed14d634d466fa9207bb1d92c2458&hash=AAB40CFD3A7E1C61C7C17CA7044DBB4B,79cde6947d8c40afaaa6880a47e91c0cbcc4dd6d45876106c1492033bd40ce51,2026-09-09T13:33:59,HASLETT PUBLIC SCHOOLS,
MI,2027,2026/2027,True,Detroit Salt,Ingham,Early Fill,MiDEAL / State Agency,early_fill,delivered,USD/short ton,200.0,76.16,15232.0,,260000000712,award,price+volume,derived,MI_FY2027_DetroitSalt_260000000712.pdf,38,https://www.michigan.gov/dtmb/-/media/Project/Websites/dtmb/Procurement/Contracts/MiDEAL/002/260000000712.pdf?rev=8d4ed14d634d466fa9207bb1d92c2458&hash=AAB40CFD3A7E1C61C7C17CA7044DBB4B,79cde6947d8c40afaaa6880a47e91c0cbcc4dd6d45876106c1492033bd40ce51,2026-09-09T13:33:59,CAPITAL REGION AIRPORT AUTHORITY,
MI,2027,2026/2027,True,Detroit Salt,Ingham,Early Fill,MiDEAL / State Agency,early_fill,delivered,USD/short ton,200.0,76.16,15232.0,,260000000712,award,price+volume,derived,MI_FY2027_DetroitSalt_260000000712.pdf,38,https://www.michigan.gov/dtmb/-/media/Project/Websites/dtmb/Procurement/Contracts/MiDEAL/002/260000000712.pdf?rev=8d4ed14d634d466fa9207bb1d92c2458&hash=AAB40CFD3A7E1C61C7C17CA7044DBB4B,79cde6947d8c40afaaa6880a47e91c0cbcc4dd6d45876106c1492033bd40ce51,2026-09-09T13:33:59,"WILLIAMSTON, CITY OF",
MI,2027,2026/2027,True,Detroit Salt,Ingham,Early Fill,MiDEAL / State Agency,early_fill,delivered,USD/short ton,50.0,76.16,3808.0,,260000000712,award,price+volume,derived,MI_FY2027_DetroitSalt_260000000712.pdf,38,https://www.michigan.gov/dtmb/-/media/Project/Websites/dtmb/Procurement/Contracts/MiDEAL/002/260000000712.pdf?rev=8d4ed14d634d466fa9207bb1d92c2458&hash=AAB40CFD3A7E1C61C7C17CA7044DBB4B,79cde6947d8c40afaaa6880a47e91c0cbcc4dd6d45876106c1492033bd40ce51,2026-09-09T13:33:59,WILLIAMSTON COMMUNITY SCHOOLS,
MI,2027,2026/2027,True,Detroit Salt,Ingham,Early Fill,MiDEAL / State Agency,early_fill,delivered,USD/short ton,50.0,76.16,3808.0,,260000000712,award,price+volume,derived,MI_FY2027_DetroitSalt_260000000712.pdf,39,https://www.michigan.gov/dtmb/-/media/Project/Websites/dtmb/Procurement/Contracts/MiDEAL/002/260000000712.pdf?rev=8d4ed14d634d466fa9207bb1d92c2458&hash=AAB40CFD3A7E1C61C7C17CA7044DBB4B,79cde6947d8c40afaaa6880a47e91c0cbcc4dd6d45876106c1492033bd40ce51,2026-09-09T13:33:59,MERIDIAN TOWNSHIP,
MI,2027,2026/2027,True,Detroit Salt,Ionia,Seasonal Back-Up,MiDEAL / State Agency,seasonal_backup,delivered,USD/short ton,600.0,73.24,43944.0,,260000000713,award,price+volume,derived,MI_FY2027_CompassMinerals_260000000713.pdf,41,https://www.michigan.gov/dtmb/-/media/Project/Websites/dtmb/Procurement/Contracts/022/260000000713.pdf?rev=044d384e33124f69856ff95f406d8b63&hash=EDE0618298A9461C637E9129261588D0,b42001c1d85bb1aa8af53b05e4da59e2a811f76be17396a0792a82e3a7a14675,2026-09-09T13:34:00,"IONIA, CITY OF",
MI,2027,2026/2027,True,Detroit Salt,Ionia,Seasonal Back-Up,MiDEAL / State Agency,seasonal_backup,delivered,USD/short ton,100.0,73.24,7324.0,,260000000713,award,price+volume,derived,MI_FY2027_CompassMinerals_260000000713.pdf,41,https://www.michigan.gov/dtmb/-/media/Project/Websites/dtmb/Procurement/Contracts/022/260000000713.pdf?rev=044d384e33124f69856ff95f406d8b63&hash=EDE0618298A9461C637E9129261588D0,b42001c1d85bb1aa8af53b05e4da59e2a811f76be17396a0792a82e3a7a14675,2026-09-09T13:34:00,LAKE ODESSA VILLAGE OF,
MI,2027,2026/2027,True,Detroit Salt,Ionia,Seasonal Back-Up,MiDEAL / State Agency,seasonal_backup,delivered,USD/short ton,50.0,73.24,3662.0,,260000000713,award,price+volume,derived,MI_FY2027_CompassMinerals_260000000713.pdf,41,https://www.michigan.gov/dtmb/-/media/Project/Websites/dtmb/Procurement/Contracts/022/260000000713.pdf?rev=044d384e33124f69856ff95f406d8b63&hash=EDE0618298A9461C637E9129261588D0,b42001c1d85bb1aa8af53b05e4da59e2a811f76be17396a0792a82e3a7a14675,2026-09-09T13:34:00,"SARANAC, VILLAGE OF",
MI,2027,2026/2027,True,Detroit Salt,Ionia,Seasonal Back-Up,MiDEAL / State Agency,seasonal_backup,delivered,USD/short ton,250.0,73.24,18310.0,,260000000713,award,price+volume,derived,MI_FY2027_CompassMinerals_260000000713.pdf,41,https://www.michigan.gov/dtmb/-/media/Project/Websites/dtmb/Procurement/Contracts/022/260000000713.pdf?rev=044d384e33124f69856ff95f406d8b63&hash=EDE0618298A9461C637E9129261588D0,b42001c1d85bb1aa8af53b05e4da59e2a811f76be17396a0792a82e3a7a14675,2026-09-09T13:34:00,"PORTLAND, CITY OF",
MI,2027,2026/2027,True,Detroit Salt,Ionia,Seasonal Back-Up,MiDEAL / State Agency,seasonal_backup,delivered,USD/short ton,800.0,73.24,58592.0,,260000000713,award,price+volume,derived,MI_FY2027_CompassMinerals_260000000713.pdf,41,https://www.michigan.gov/dtmb/-/media/Project/Websites/dtmb/Procurement/Contracts/022/260000000713.pdf?rev=044d384e33124f69856ff95f406d8b63&hash=EDE0618298A9461C637E9129261588D0,b42001c1d85bb1aa8af53b05e4da59e2a811f76be17396a0792a82e3a7a14675,2026-09-09T13:34:00,"BELDING, CITY OF",
MI,2027,2026/2027,True,Detroit Salt,Ionia,Seasonal Back-Up,MiDEAL / State Agency,seasonal_backup,delivered,USD/short ton,1200.0,73.24,87888.0,,260000000713,award,price+volume,derived,MI_FY2027_CompassMinerals_260000000713.pdf,41,https://www.michigan.gov/dtmb/-/media/Project/Websites/dtmb/Procurement/Contracts/022/260000000713.pdf?rev=044d384e33124f69856ff95f406d8b63&hash=EDE0618298A9461C637E9129261588D0,b42001c1d85bb1aa8af53b05e4da59e2a811f76be17396a0792a82e3a7a14675,2026-09-09T13:34:00,IONIA COUNTY ROAD COMMISSION,
MI,2027,2026/2027,True,Detroit Salt,Ionia,Seasonal Back-Up,MiDEAL / State Agency,seasonal_backup,delivered,USD/short ton,600.0,73.24,43944.0,,260000000713,award,price+volume,derived,MI_FY2027_CompassMinerals_260000000713.pdf,41,https://www.michigan.gov/dtmb/-/media/Project/Websites/dtmb/Procurement/Contracts/022/260000000713.pdf?rev=044d384e33124f69856ff95f406d8b63&hash=EDE0618298A9461C637E9129261588D0,b42001c1d85bb1aa8af53b05e4da59e2a811f76be17396a0792a82e3a7a14675,2026-09-09T13:34:00,IONIA COUNTY ROAD COMMISSION,
MI,2027,2026/2027,True,Detroit Salt,Ionia,Seasonal Back-Up,MDOT,seasonal_backup,delivered,USD/short ton,2000.0,73.24,146480.0,,260000000712,award,price+volume,derived,MI_FY2027_DetroitSalt_260000000712.pdf,32,https://www.michigan.gov/dtmb/-/media/Project/Websites/dtmb/Procurement/Contracts/MiDEAL/002/260000000712.pdf?rev=8d4ed14d634d466fa9207bb1d92c2458&hash=AAB40CFD3A7E1C61C7C17CA7044DBB4B,79cde6947d8c40afaaa6880a47e91c0cbcc4dd6d45876106c1492033bd40ce51,2026-09-09T13:33:59,Ionia,
MI,2027,2026/2027,True,Detroit Salt,Ionia,Seasonal Back-Up,MDOT,seasonal_backup,delivered,USD/short ton,1000.0,73.24,73240.0,,260000000712,award,price+volume,derived,MI_FY2027_DetroitSalt_260000000712.pdf,32,https://www.michigan.gov/dtmb/-/media/Project/Websites/dtmb/Procurement/Contracts/MiDEAL/002/260000000712.pdf?rev=8d4ed14d634d466fa9207bb1d92c2458&hash=AAB40CFD3A7E1C61C7C17CA7044DBB4B,79cde6947d8c40afaaa6880a47e91c0cbcc4dd6d45876106c1492033bd40ce51,2026-09-09T13:33:59,Saranac,
MI,2027,2026/2027,True,Detroit Salt,Ionia,Early Fill,MiDEAL / State Agency,early_fill,delivered,USD/short ton,200.0,84.29,16858.0,,260000000712,award,price+volume,derived,MI_FY2027_DetroitSalt_260000000712.pdf,35,https://www.michigan.gov/dtmb/-/media/Project/Websites/dtmb/Procurement/Contracts/MiDEAL/002/260000000712.pdf?rev=8d4ed14d634d466fa9207bb1d92c2458&hash=AAB40CFD3A7E1C61C7C17CA7044DBB4B,79cde6947d8c40afaaa6880a47e91c0cbcc4dd6d45876106c1492033bd40ce51,2026-09-09T13:33:59,"PORTLAND, CITY OF",
MI,2027,2026/2027,True,Detroit Salt,Ionia,Early Fill,MiDEAL / State Agency,early_fill,delivered,USD/short ton,50.0,84.29,4214.5,,260000000712,award,price+volume,derived,MI_FY2027_DetroitSalt_260000000712.pdf,35,https://www.michigan.gov/dtmb/-/media/Project/Websites/dtmb/Procurement/Contracts/MiDEAL/002/260000000712.pdf?rev=8d4ed14d634d466fa9207bb1d92c2458&hash=AAB40CFD3A7E1C61C7C17CA7044DBB4B,79cde6947d8c40afaaa6880a47e91c0cbcc4dd6d45876106c1492033bd40ce51,2026-09-09T13:33:59,"BELDING, CITY OF",
MI,2027,2026/2027,True,Detroit Salt,Ionia,Early Fill,MiDEAL / State Agency,early_fill,delivered,USD/short ton,100.0,84.29,8429.0,,260000000712,award,price+volume,derived,MI_FY2027_DetroitSalt_260000000712.pdf,35,https://www.michigan.gov/dtmb/-/media/Project/Websites/dtmb/Procurement/Contracts/MiDEAL/002/260000000712.pdf?rev=8d4ed14d634d466fa9207bb1d92c2458&hash=AAB40CFD3A7E1C61C7C17CA7044DBB4B,79cde6947d8c40afaaa6880a47e91c0cbcc4dd6d45876106c1492033bd40ce51,2026-09-09T13:33:59,"SARANAC, VILLAGE OF",
MI,2027,2026/2027,True,Detroit Salt,Ionia,Early Fill,MiDEAL / State Agency,early_fill,delivered,USD/short ton,50.0,84.29,4214.5,,260000000712,award,price+volume,derived,MI_FY2027_DetroitSalt_260000000712.pdf,35,https://www.michigan.gov/dtmb/-/media/Project/Websites/dtmb/Procurement/Contracts/MiDEAL/002/260000000712.pdf?rev=8d4ed14d634d466fa9207bb1d92c2458&hash=AAB40CFD3A7E1C61C7C17CA7044DBB4B,79cde6947d8c40afaaa6880a47e91c0cbcc4dd6d45876106c1492033bd40ce51,2026-09-09T13:33:59,"MUIR, VILLAGE OF",
MI,2027,2026/2027,True,Detroit Salt,Ionia,Early Fill,MiDEAL / State Agency,early_fill,delivered,USD/short ton,50.0,84.29,4214.5,,260000000712,award,price+volume,derived,MI_FY2027_DetroitSalt_260000000712.pdf,35,https://www.michigan.gov/dtmb/-/media/Project/Websites/dtmb/Procurement/Contracts/MiDEAL/002/260000000712.pdf?rev=8d4ed14d634d466fa9207bb1d92c2458&hash=AAB40CFD3A7E1C61C7C17CA7044DBB4B,79cde6947d8c40afaaa6880a47e91c0cbcc4dd6d45876106c1492033bd40ce51,2026-09-09T13:33:59,"PEWAMO, VILLAGE OF",
MI,2027,2026/2027,True,Detroit Salt,Ionia,Early Fill,MiDEAL / State Agency,early_fill,delivered,USD/short ton,50.0,84.29,4214.5,,260000000712,award,price+volume,derived,MI_FY2027_DetroitSalt_260000000712.pdf,35,https://www.michigan.gov/dtmb/-/media/Project/Websites/dtmb/Procurement/Contracts/MiDEAL/002/260000000712.pdf?rev=8d4ed14d634d466fa9207bb1d92c2458&hash=AAB40CFD3A7E1C61C7C17CA7044DBB4B,79cde6947d8c40afaaa6880a47e91c0cbcc4dd6d45876106c1492033bd40ce51,2026-09-09T13:33:59,"LYONS, VILLAGE OF",
MI,2027,2026/2027,True,Detroit Salt,Iosco,Early Fill,MDOT,early_fill,delivered,USD/short ton,500.0,74.01,37005.0,,260000000712,award,price+volume,derived,MI_FY2027_DetroitSalt_260000000712.pdf,27,https://www.michigan.gov/dtmb/-/media/Project/Websites/dtmb/Procurement/Contracts/MiDEAL/002/260000000712.pdf?rev=8d4ed14d634d466fa9207bb1d92c2458&hash=AAB40CFD3A7E1C61C7C17CA7044DBB4B,79cde6947d8c40afaaa6880a47e91c0cbcc4dd6d45876106c1492033bd40ce51,2026-09-09T13:33:59,Oscoda,
MI,2027,2026/2027,True,Detroit Salt,Iosco,Early Fill,MDOT,early_fill,delivered,USD/short ton,850.0,74.01,62908.5,,260000000712,award,price+volume,derived,MI_FY2027_DetroitSalt_260000000712.pdf,27,https://www.michigan.gov/dtmb/-/media/Project/Websites/dtmb/Procurement/Contracts/MiDEAL/002/260000000712.pdf?rev=8d4ed14d634d466fa9207bb1d92c2458&hash=AAB40CFD3A7E1C61C7C17CA7044DBB4B,79cde6947d8c40afaaa6880a47e91c0cbcc4dd6d45876106c1492033bd40ce51,2026-09-09T13:33:59,Tawas City,
MI,2027,2026/2027,True,Detroit Salt,Iosco,Early Fill,MiDEAL / State Agency,early_fill,delivered,USD/short ton,1200.0,74.01,88812.0,,260000000712,award,price+volume,derived,MI_FY2027_DetroitSalt_260000000712.pdf,35,https://www.michigan.gov/dtmb/-/media/Project/Websites/dtmb/Procurement/Contracts/MiDEAL/002/260000000712.pdf?rev=8d4ed14d634d466fa9207bb1d92c2458&hash=AAB40CFD3A7E1C61C7C17CA7044DBB4B,79cde6947d8c40afaaa6880a47e91c0cbcc4dd6d45876106c1492033bd40ce51,2026-09-09T13:33:59,IOSCO COUNTY ROAD COMMISSION,
MI,2027,2026/2027,True,Detroit Salt,Iosco,Early Fill,MiDEAL / State Agency,early_fill,delivered,USD/short ton,250.0,74.01,18502.5,,260000000712,award,price+volume,derived,MI_FY2027_DetroitSalt_260000000712.pdf,35,https://www.michigan.gov/dtmb/-/media/Project/Websites/dtmb/Procurement/Contracts/MiDEAL/002/260000000712.pdf?rev=8d4ed14d634d466fa9207bb1d92c2458&hash=AAB40CFD3A7E1C61C7C17CA7044DBB4B,79cde6947d8c40afaaa6880a47e91c0cbcc4dd6d45876106c1492033bd40ce51,2026-09-09T13:33:59,"TAWAS CITY, CITY OF",
MI,2027,2026/2027,True,Detroit Salt,Iosco,Early Fill,MiDEAL / State Agency,early_fill,delivered,USD/short ton,1550.0,74.01,114715.5,,260000000712,award,price+volume,derived,MI_FY2027_DetroitSalt_260000000712.pdf,35,https://www.michigan.gov/dtmb/-/media/Project/Websites/dtmb/Procurement/Contracts/MiDEAL/002/260000000712.pdf?rev=8d4ed14d634d466fa9207bb1d92c2458&hash=AAB40CFD3A7E1C61C7C17CA7044DBB4B,79cde6947d8c40afaaa6880a47e91c0cbcc4dd6d45876106c1492033bd40ce51,2026-09-09T13:33:59,IOSCO COUNTY ROAD COMMISSION,
MI,2027,2026/2027,True,Detroit Salt,Iosco,Early Fill,MiDEAL / State Agency,early_fill,delivered,USD/short ton,200.0,74.01,14802.0,,260000000712,award,price+volume,derived,MI_FY2027_DetroitSalt_260000000712.pdf,35,https://www.michigan.gov/dtmb/-/media/Project/Websites/dtmb/Procurement/Contracts/MiDEAL/002/260000000712.pdf?rev=8d4ed14d634d466fa9207bb1d92c2458&hash=AAB40CFD3A7E1C61C7C17CA7044DBB4B,79cde6947d8c40afaaa6880a47e91c0cbcc4dd6d45876106c1492033bd40ce51,2026-09-09T13:33:59,"EAST TAWAS, CITY OF",
MI,2027,2026/2027,True,Detroit Salt,Isabella,Early Fill,MDOT,early_fill,delivered,USD/short ton,1500.0,65.96,98940.0,,260000000712,award,price+volume,derived,MI_FY2027_DetroitSalt_260000000712.pdf,29,https://www.michigan.gov/dtmb/-/media/Project/Websites/dtmb/Procurement/Contracts/MiDEAL/002/260000000712.pdf?rev=8d4ed14d634d466fa9207bb1d92c2458&hash=AAB40CFD3A7E1C61C7C17CA7044DBB4B,79cde6947d8c40afaaa6880a47e91c0cbcc4dd6d45876106c1492033bd40ce51,2026-09-09T13:33:59,Mt. Pleasant,
MI,2027,2026/2027,True,Detroit Salt,Isabella,Early Fill,MiDEAL / State Agency,early_fill,delivered,USD/short ton,50.0,65.96,3298.0,,260000000712,award,price+volume,derived,MI_FY2027_DetroitSalt_260000000712.pdf,36,https://www.michigan.gov/dtmb/-/media/Project/Websites/dtmb/Procurement/Contracts/MiDEAL/002/260000000712.pdf?rev=8d4ed14d634d466fa9207bb1d92c2458&hash=AAB40CFD3A7E1C61C7C17CA7044DBB4B,79cde6947d8c40afaaa6880a47e91c0cbcc4dd6d45876106c1492033bd40ce51,2026-09-09T13:33:59,MID MICHIGAN COMMUNITY COLLEGE,
MI,2027,2026/2027,True,Detroit Salt,Isabella,Early Fill,MiDEAL / State Agency,early_fill,delivered,USD/short ton,100.0,65.96,6596.0,,260000000712,award,price+volume,derived,MI_FY2027_DetroitSalt_260000000712.pdf,36,https://www.michigan.gov/dtmb/-/media/Project/Websites/dtmb/Procurement/Contracts/MiDEAL/002/260000000712.pdf?rev=8d4ed14d634d466fa9207bb1d92c2458&hash=AAB40CFD3A7E1C61C7C17CA7044DBB4B,79cde6947d8c40afaaa6880a47e91c0cbcc4dd6d45876106c1492033bd40ce51,2026-09-09T13:33:59,CENTRAL MICHIGAN UNIVERSITY,
MI,2027,2026/2027,True,Detroit Salt,Isabella,Early Fill,MiDEAL / State Agency,early_fill,delivered,USD/short ton,150.0,65.96,9894.0,,260000000712,award,price+volume,derived,MI_FY2027_DetroitSalt_260000000712.pdf,36,https://www.michigan.gov/dtmb/-/media/Project/Websites/dtmb/Procurement/Contracts/MiDEAL/002/260000000712.pdf?rev=8d4ed14d634d466fa9207bb1d92c2458&hash=AAB40CFD3A7E1C61C7C17CA7044DBB4B,79cde6947d8c40afaaa6880a47e91c0cbcc4dd6d45876106c1492033bd40ce51,2026-09-09T13:33:59,ISABELLA COUNTY ROAD COMMISSION,
MI,2027,2026/2027,True,Detroit Salt,Isabella,Early Fill,MiDEAL / State Agency,early_fill,delivered,USD/short ton,1200.0,65.96,79152.0,,260000000712,award,price+volume,derived,MI_FY2027_DetroitSalt_260000000712.pdf,36,https://www.michigan.gov/dtmb/-/media/Project/Websites/dtmb/Procurement/Contracts/MiDEAL/002/260000000712.pdf?rev=8d4ed14d634d466fa9207bb1d92c2458&hash=AAB40CFD3A7E1C61C7C17CA7044DBB4B,79cde6947d8c40afaaa6880a47e91c0cbcc4dd6d45876106c1492033bd40ce51,2026-09-09T13:33:59,ISABELLA COUNTY ROAD COMMISSION,
MI,2027,2026/2027,True,Detroit Salt,Isabella,Early Fill,MiDEAL / State Agency,early_fill,delivered,USD/short ton,50.0,65.96,3298.0,,260000000712,award,price+volume,derived,MI_FY2027_DetroitSalt_260000000712.pdf,36,https://www.michigan.gov/dtmb/-/media/Project/Websites/dtmb/Procurement/Contracts/MiDEAL/002/260000000712.pdf?rev=8d4ed14d634d466fa9207bb1d92c2458&hash=AAB40CFD3A7E1C61C7C17CA7044DBB4B,79cde6947d8c40afaaa6880a47e91c0cbcc4dd6d45876106c1492033bd40ce51,2026-09-09T13:33:59,"SHEPHERD, VILLAGE OF",
MI,2027,2026/2027,True,Detroit Salt,Isabella,Early Fill,MiDEAL / State Agency,early_fill,delivered,USD/short ton,50.0,65.96,3298.0,,260000000712,award,price+volume,derived,MI_FY2027_DetroitSalt_260000000712.pdf,36,https://www.michigan.gov/dtmb/-/media/Project/Websites/dtmb/Procurement/Contracts/MiDEAL/002/260000000712.pdf?rev=8d4ed14d634d466fa9207bb1d92c2458&hash=AAB40CFD3A7E1C61C7C17CA7044DBB4B,79cde6947d8c40afaaa6880a47e91c0cbcc4dd6d45876106c1492033bd40ce51,2026-09-09T13:33:59,"LAKE ISABELLA, VILLAGE OF",
MI,2027,2026/2027,True,Detroit Salt,Isabella,Early Fill,MiDEAL / State Agency,early_fill,delivered,USD/short ton,400.0,65.96,26384.0,,260000000712,award,price+volume,derived,MI_FY2027_DetroitSalt_260000000712.pdf,36,https://www.michigan.gov/dtmb/-/media/Project/Websites/dtmb/Procurement/Contracts/MiDEAL/002/260000000712.pdf?rev=8d4ed14d634d466fa9207bb1d92c2458&hash=AAB40CFD3A7E1C61C7C17CA7044DBB4B,79cde6947d8c40afaaa6880a47e91c0cbcc4dd6d45876106c1492033bd40ce51,2026-09-09T13:33:59,"MT. PLEASANT, CITY OF",
MI,2027,2026/2027,True,Detroit Salt,Jackson,Seasonal Back-Up,MiDEAL / State Agency,seasonal_backup,delivered,USD/short ton,250.0,67.83,16957.5,,260000000713,award,price+volume,derived,MI_FY2027_CompassMinerals_260000000713.pdf,43,https://www.michigan.gov/dtmb/-/media/Project/Websites/dtmb/Procurement/Contracts/022/260000000713.pdf?rev=044d384e33124f69856ff95f406d8b63&hash=EDE0618298A9461C637E9129261588D0,b42001c1d85bb1aa8af53b05e4da59e2a811f76be17396a0792a82e3a7a14675,2026-09-09T13:34:00,GRASS LAKE VILLAGE OF,
MI,2027,2026/2027,True,Detroit Salt,Jackson,Seasonal Back-Up,MiDEAL / State Agency,seasonal_backup,delivered,USD/short ton,50.0,67.83,3391.5,,260000000713,award,price+volume,derived,MI_FY2027_CompassMinerals_260000000713.pdf,43,https://www.michigan.gov/dtmb/-/media/Project/Websites/dtmb/Procurement/Contracts/022/260000000713.pdf?rev=044d384e33124f69856ff95f406d8b63&hash=EDE0618298A9461C637E9129261588D0,b42001c1d85bb1aa8af53b05e4da59e2a811f76be17396a0792a82e3a7a14675,2026-09-09T13:34:00,Western School District,
MI,2027,2026/2027,True,Detroit Salt,Jackson,Seasonal Back-Up,MiDEAL / State Agency,seasonal_backup,delivered,USD/short ton,450.0,67.83,30523.5,,260000000713,award,price+volume,derived,MI_FY2027_CompassMinerals_260000000713.pdf,43,https://www.michigan.gov/dtmb/-/media/Project/Websites/dtmb/Procurement/Contracts/022/260000000713.pdf?rev=044d384e33124f69856ff95f406d8b63&hash=EDE0618298A9461C637E9129261588D0,b42001c1d85bb1aa8af53b05e4da59e2a811f76be17396a0792a82e3a7a14675,2026-09-09T13:34:00,DOC-SMR AGENCY,
MI,2027,2026/2027,True,Detroit Salt,Jackson,Early Fill,MDOT,early_fill,delivered,USD/short ton,1500.0,77.31,115965.0,,260000000712,award,price+volume,derived,MI_FY2027_DetroitSalt_260000000712.pdf,30,https://www.michigan.gov/dtmb/-/media/Project/Websites/dtmb/Procurement/Contracts/MiDEAL/002/260000000712.pdf?rev=8d4ed14d634d466fa9207bb1d92c2458&hash=AAB40CFD3A7E1C61C7C17CA7044DBB4B,79cde6947d8c40afaaa6880a47e91c0cbcc4dd6d45876106c1492033bd40ce51,2026-09-09T13:33:59,Jackson,
MI,2027,2026/2027,True,Detroit Salt,Jackson,Early Fill,MDOT,early_fill,delivered,USD/short ton,450.0,77.31,34789.5,,260000000712,award,price+volume,derived,MI_FY2027_DetroitSalt_260000000712.pdf,30,https://www.michigan.gov/dtmb/-/media/Project/Websites/dtmb/Procurement/Contracts/MiDEAL/002/260000000712.pdf?rev=8d4ed14d634d466fa9207bb1d92c2458&hash=AAB40CFD3A7E1C61C7C17CA7044DBB4B,79cde6947d8c40afaaa6880a47e91c0cbcc4dd6d45876106c1492033bd40ce51,2026-09-09T13:33:59,Parma,
MI,2027,2026/2027,True,Detroit Salt,Jackson,Seasonal Back-Up,MDOT,seasonal_backup,delivered,USD/short ton,4000.0,67.83,271320.0,,260000000712,award,price+volume,derived,MI_FY2027_DetroitSalt_260000000712.pdf,34,https://www.michigan.gov/dtmb/-/media/Project/Websites/dtmb/Procurement/Contracts/MiDEAL/002/260000000712.pdf?rev=8d4ed14d634d466fa9207bb1d92c2458&hash=AAB40CFD3A7E1C61C7C17CA7044DBB4B,79cde6947d8c40afaaa6880a47e91c0cbcc4dd6d45876106c1492033bd40ce51,2026-09-09T13:33:59,Jackson,
MI,2027,2026/2027,True,Detroit Salt,Jackson,Seasonal Back-Up,MDOT,seasonal_backup,delivered,USD/short ton,1000.0,67.83,67830.0,,260000000712,award,price+volume,derived,MI_FY2027_DetroitSalt_260000000712.pdf,34,https://www.michigan.gov/dtmb/-/media/Project/Websites/dtmb/Procurement/Contracts/MiDEAL/002/260000000712.pdf?rev=8d4ed14d634d466fa9207bb1d92c2458&hash=AAB40CFD3A7E1C61C7C17CA7044DBB4B,79cde6947d8c40afaaa6880a47e91c0cbcc4dd6d45876106c1492033bd40ce51,2026-09-09T13:33:59,Clark Lake,
MI,2027,2026/2027,True,Detroit Salt,Jackson,Seasonal Back-Up,MDOT,seasonal_backup,delivered,USD/short ton,1000.0,67.83,67830.0,,260000000712,award,price+volume,derived,MI_FY2027_DetroitSalt_260000000712.pdf,34,https://www.michigan.gov/dtmb/-/media/Project/Websites/dtmb/Procurement/Contracts/MiDEAL/002/260000000712.pdf?rev=8d4ed14d634d466fa9207bb1d92c2458&hash=AAB40CFD3A7E1C61C7C17CA7044DBB4B,79cde6947d8c40afaaa6880a47e91c0cbcc4dd6d45876106c1492033bd40ce51,2026-09-09T13:33:59,Parma,
MI,2027,2026/2027,True,Detroit Salt,Jackson,Early Fill,MiDEAL / State Agency,early_fill,delivered,USD/short ton,50.0,77.31,3865.5,,260000000712,award,price+volume,derived,MI_FY2027_DetroitSalt_260000000712.pdf,39,https://www.michigan.gov/dtmb/-/media/Project/Websites/dtmb/Procurement/Contracts/MiDEAL/002/260000000712.pdf?rev=8d4ed14d634d466fa9207bb1d92c2458&hash=AAB40CFD3A7E1C61C7C17CA7044DBB4B,79cde6947d8c40afaaa6880a47e91c0cbcc4dd6d45876106c1492033bd40ce51,2026-09-09T13:33:59,GRASS LAKE VILLAGE OF,
MI,2027,2026/2027,True,Detroit Salt,Jackson,Early Fill,MiDEAL / State Agency,early_fill,delivered,USD/short ton,100.0,77.31,7731.0,,260000000712,award,price+volume,derived,MI_FY2027_DetroitSalt_260000000712.pdf,39,https://www.michigan.gov/dtmb/-/media/Project/Websites/dtmb/Procurement/Contracts/MiDEAL/002/260000000712.pdf?rev=8d4ed14d634d466fa9207bb1d92c2458&hash=AAB40CFD3A7E1C61C7C17CA7044DBB4B,79cde6947d8c40afaaa6880a47e91c0cbcc4dd6d45876106c1492033bd40ce51,2026-09-09T13:33:59,Western School District,
MI,2027,2026/2027,True,Detroit Salt,Jackson,Early Fill,MiDEAL / State Agency,early_fill,delivered,USD/short ton,150.0,77.31,11596.5,,260000000712,award,price+volume,derived,MI_FY2027_DetroitSalt_260000000712.pdf,39,https://www.michigan.gov/dtmb/-/media/Project/Websites/dtmb/Procurement/Contracts/MiDEAL/002/260000000712.pdf?rev=8d4ed14d634d466fa9207bb1d92c2458&hash=AAB40CFD3A7E1C61C7C17CA7044DBB4B,79cde6947d8c40afaaa6880a47e91c0cbcc4dd6d45876106c1492033bd40ce51,2026-09-09T13:33:59,DOC-SMR - AGENCY,
MI,2027,2026/2027,True,Detroit Salt,Kalamazoo,Seasonal Back-Up,MiDEAL / State Agency,seasonal_backup,delivered,USD/short ton,100.0,76.21,7621.0,,260000000713,award,price+volume,derived,MI_FY2027_CompassMinerals_260000000713.pdf,42,https://www.michigan.gov/dtmb/-/media/Project/Websites/dtmb/Procurement/Contracts/022/260000000713.pdf?rev=044d384e33124f69856ff95f406d8b63&hash=EDE0618298A9461C637E9129261588D0,b42001c1d85bb1aa8af53b05e4da59e2a811f76be17396a0792a82e3a7a14675,2026-09-09T13:34:00,"VICKSBURG, VILLAGE OF",
MI,2027,2026/2027,True,Detroit Salt,Kalamazoo,Seasonal Back-Up,MiDEAL / State Agency,seasonal_backup,delivered,USD/short ton,450.0,76.21,34294.5,,260000000713,award,price+volume,derived,MI_FY2027_CompassMinerals_260000000713.pdf,42,https://www.michigan.gov/dtmb/-/media/Project/Websites/dtmb/Procurement/Contracts/022/260000000713.pdf?rev=044d384e33124f69856ff95f406d8b63&hash=EDE0618298A9461C637E9129261588D0,b42001c1d85bb1aa8af53b05e4da59e2a811f76be17396a0792a82e3a7a14675,2026-09-09T13:34:00,KALAMAZOO PUBLIC SCHOOLS,
MI,2027,2026/2027,True,Detroit Salt,Kalamazoo,Seasonal Back-Up,MiDEAL / State Agency,seasonal_backup,delivered,USD/short ton,5000.0,76.21,381050.0,,260000000713,award,price+volume,derived,MI_FY2027_CompassMinerals_260000000713.pdf,42,https://www.michigan.gov/dtmb/-/media/Project/Websites/dtmb/Procurement/Contracts/022/260000000713.pdf?rev=044d384e33124f69856ff95f406d8b63&hash=EDE0618298A9461C637E9129261588D0,b42001c1d85bb1aa8af53b05e4da59e2a811f76be17396a0792a82e3a7a14675,2026-09-09T13:34:00,"KALAMAZOO, CITY OF",
MI,2027,2026/2027,True,Detroit Salt,Kalamazoo,Seasonal Back-Up,MiDEAL / State Agency,seasonal_backup,delivered,USD/short ton,50.0,76.21,3810.5,,260000000713,award,price+volume,derived,MI_FY2027_CompassMinerals_260000000713.pdf,42,https://www.michigan.gov/dtmb/-/media/Project/Websites/dtmb/Procurement/Contracts/022/260000000713.pdf?rev=044d384e33124f69856ff95f406d8b63&hash=EDE0618298A9461C637E9129261588D0,b42001c1d85bb1aa8af53b05e4da59e2a811f76be17396a0792a82e3a7a14675,2026-09-09T13:34:00,KALAMAZOO VALLEY COMMUNITY COLLEGE,
MI,2027,2026/2027,True,Detroit Salt,Kalamazoo,Seasonal Back-Up,MiDEAL / State Agency,seasonal_backup,delivered,USD/short ton,200.0,76.21,15242.0,,260000000713,award,price+volume,derived,MI_FY2027_CompassMinerals_260000000713.pdf,42,https://www.michigan.gov/dtmb/-/media/Project/Websites/dtmb/Procurement/Contracts/022/260000000713.pdf?rev=044d384e33124f69856ff95f406d8b63&hash=EDE0618298A9461C637E9129261588D0,b42001c1d85bb1aa8af53b05e4da59e2a811f76be17396a0792a82e3a7a14675,2026-09-09T13:34:00,DMVA-AGENCY,
MI,2027,2026/2027,True,Detroit Salt,Kalamazoo,Seasonal Back-Up,MiDEAL / State Agency,seasonal_backup,delivered,USD/short ton,1200.0,76.21,91452.0,,260000000713,award,price+volume,derived,MI_FY2027_CompassMinerals_260000000713.pdf,42,https://www.michigan.gov/dtmb/-/media/Project/Websites/dtmb/Procurement/Contracts/022/260000000713.pdf?rev=044d384e33124f69856ff95f406d8b63&hash=EDE0618298A9461C637E9129261588D0,b42001c1d85bb1aa8af53b05e4da59e2a811f76be17396a0792a82e3a7a14675,2026-09-09T13:34:00,"PORTAGE, CITY OF",
MI,2027,2026/2027,True,Detroit Salt,Kalamazoo,Seasonal Back-Up,MiDEAL / State Agency,seasonal_backup,delivered,USD/short ton,7000.0,76.21,533470.0,,260000000713,award,price+volume,derived,MI_FY2027_CompassMinerals_260000000713.pdf,42,https://www.michigan.gov/dtmb/-/media/Project/Websites/dtmb/Procurement/Contracts/022/260000000713.pdf?rev=044d384e33124f69856ff95f406d8b63&hash=EDE0618298A9461C637E9129261588D0,b42001c1d85bb1aa8af53b05e4da59e2a811f76be17396a0792a82e3a7a14675,2026-09-09T13:34:00,ROAD COMMISSION OF KALAMAZOO COUNTY,
MI,2027,2026/2027,True,Detroit Salt,Kalamazoo,Seasonal Back-Up,MiDEAL / State Agency,seasonal_backup,delivered,USD/short ton,600.0,76.21,45726.0,,260000000713,award,price+volume,derived,MI_FY2027_CompassMinerals_260000000713.pdf,42,https://www.michigan.gov/dtmb/-/media/Project/Websites/dtmb/Procurement/Contracts/022/260000000713.pdf?rev=044d384e33124f69856ff95f406d8b63&hash=EDE0618298A9461C637E9129261588D0,b42001c1d85bb1aa8af53b05e4da59e2a811f76be17396a0792a82e3a7a14675,2026-09-09T13:34:00,WESTERN MICHIGAN UNIVERSITY,
MI,2027,2026/2027,True,Detroit Salt,Kalamazoo,Early Fill,MDOT,early_fill,delivered,USD/short ton,1260.0,73.68,92836.8,,260000000712,award,price+volume,derived,MI_FY2027_DetroitSalt_260000000712.pdf,30,https://www.michigan.gov/dtmb/-/media/Project/Websites/dtmb/Procurement/Contracts/MiDEAL/002/260000000712.pdf?rev=8d4ed14d634d466fa9207bb1d92c2458&hash=AAB40CFD3A7E1C61C7C17CA7044DBB4B,79cde6947d8c40afaaa6880a47e91c0cbcc4dd6d45876106c1492033bd40ce51,2026-09-09T13:33:59,Kalamazoo,
MI,2027,2026/2027,True,Detroit Salt,Kalamazoo,Seasonal Back-Up,MDOT,seasonal_backup,delivered,USD/short ton,3400.0,76.21,259114.0,,260000000712,award,price+volume,derived,MI_FY2027_DetroitSalt_260000000712.pdf,33,https://www.michigan.gov/dtmb/-/media/Project/Websites/dtmb/Procurement/Contracts/MiDEAL/002/260000000712.pdf?rev=8d4ed14d634d466fa9207bb1d92c2458&hash=AAB40CFD3A7E1C61C7C17CA7044DBB4B,79cde6947d8c40afaaa6880a47e91c0cbcc4dd6d45876106c1492033bd40ce51,2026-09-09T13:33:59,Kalamazoo,
MI,2027,2026/2027,True,Detroit Salt,Kalamazoo,Early Fill,MiDEAL / State Agency,early_fill,delivered,USD/short ton,50.0,73.68,3684.0,,260000000712,award,price+volume,derived,MI_FY2027_DetroitSalt_260000000712.pdf,38,https://www.michigan.gov/dtmb/-/media/Project/Websites/dtmb/Procurement/Contracts/MiDEAL/002/260000000712.pdf?rev=8d4ed14d634d466fa9207bb1d92c2458&hash=AAB40CFD3A7E1C61C7C17CA7044DBB4B,79cde6947d8c40afaaa6880a47e91c0cbcc4dd6d45876106c1492033bd40ce51,2026-09-09T13:33:59,"VICKSBURG, VILLAGE OF",
MI,2027,2026/2027,True,Detroit Salt,Kalamazoo,Early Fill,MiDEAL / State Agency,early_fill,delivered,USD/short ton,2500.0,73.68,184200.0,,260000000712,award,price+volume,derived,MI_FY2027_DetroitSalt_260000000712.pdf,38,https://www.michigan.gov/dtmb/-/media/Project/Websites/dtmb/Procurement/Contracts/MiDEAL/002/260000000712.pdf?rev=8d4ed14d634d466fa9207bb1d92c2458&hash=AAB40CFD3A7E1C61C7C17CA7044DBB4B,79cde6947d8c40afaaa6880a47e91c0cbcc4dd6d45876106c1492033bd40ce51,2026-09-09T13:33:59,"PORTAGE, CITY OF",
MI,2027,2026/2027,True,Detroit Salt,Kalamazoo,Early Fill,MiDEAL / State Agency,early_fill,delivered,USD/short ton,1800.0,73.68,132624.0,,260000000712,award,price+volume,derived,MI_FY2027_DetroitSalt_260000000712.pdf,38,https://www.michigan.gov/dtmb/-/media/Project/Websites/dtmb/Procurement/Contracts/MiDEAL/002/260000000712.pdf?rev=8d4ed14d634d466fa9207bb1d92c2458&hash=AAB40CFD3A7E1C61C7C17CA7044DBB4B,79cde6947d8c40afaaa6880a47e91c0cbcc4dd6d45876106c1492033bd40ce51,2026-09-09T13:33:59,WESTERN MICHIGAN UNIVERSITY,
MI,2027,2026/2027,True,Detroit Salt,Kalamazoo,Early Fill,MiDEAL / State Agency,early_fill,delivered,USD/short ton,7800.0,73.68,574704.0,,260000000712,award,price+volume,derived,MI_FY2027_DetroitSalt_260000000712.pdf,38,https://www.michigan.gov/dtmb/-/media/Project/Websites/dtmb/Procurement/Contracts/MiDEAL/002/260000000712.pdf?rev=8d4ed14d634d466fa9207bb1d92c2458&hash=AAB40CFD3A7E1C61C7C17CA7044DBB4B,79cde6947d8c40afaaa6880a47e91c0cbcc4dd6d45876106c1492033bd40ce51,2026-09-09T13:33:59,"KALAMAZOO, CITY OF",
MI,2027,2026/2027,True,Detroit Salt,Kalamazoo,Early Fill,MiDEAL / State Agency,early_fill,delivered,USD/short ton,100.0,73.68,7368.0,,260000000712,award,price+volume,derived,MI_FY2027_DetroitSalt_260000000712.pdf,38,https://www.michigan.gov/dtmb/-/media/Project/Websites/dtmb/Procurement/Contracts/MiDEAL/002/260000000712.pdf?rev=8d4ed14d634d466fa9207bb1d92c2458&hash=AAB40CFD3A7E1C61C7C17CA7044DBB4B,79cde6947d8c40afaaa6880a47e91c0cbcc4dd6d45876106c1492033bd40ce51,2026-09-09T13:33:59,"Galesburg, City of",
MI,2027,2026/2027,True,Detroit Salt,Kalamazoo,Early Fill,MiDEAL / State Agency,early_fill,delivered,USD/short ton,50.0,73.68,3684.0,,260000000712,award,price+volume,derived,MI_FY2027_DetroitSalt_260000000712.pdf,38,https://www.michigan.gov/dtmb/-/media/Project/Websites/dtmb/Procurement/Contracts/MiDEAL/002/260000000712.pdf?rev=8d4ed14d634d466fa9207bb1d92c2458&hash=AAB40CFD3A7E1C61C7C17CA7044DBB4B,79cde6947d8c40afaaa6880a47e91c0cbcc4dd6d45876106c1492033bd40ce51,2026-09-09T13:33:59,KALAMAZOO VALLEY COMMUNITY COLLEGE,
MI,2027,2026/2027,True,Detroit Salt,Kalamazoo,Early Fill,MiDEAL / State Agency,early_fill,delivered,USD/short ton,50.0,73.68,3684.0,,260000000712,award,price+volume,derived,MI_FY2027_DetroitSalt_260000000712.pdf,38,https://www.michigan.gov/dtmb/-/media/Project/Websites/dtmb/Procurement/Contracts/MiDEAL/002/260000000712.pdf?rev=8d4ed14d634d466fa9207bb1d92c2458&hash=AAB40CFD3A7E1C61C7C17CA7044DBB4B,79cde6947d8c40afaaa6880a47e91c0cbcc4dd6d45876106c1492033bd40ce51,2026-09-09T13:33:59,"SCHOOLCRAFT, VILLAGE OF",
MI,2027,2026/2027,True,Detroit Salt,Kalkaska,Seasonal Back-Up,MiDEAL / State Agency,seasonal_backup,delivered,USD/short ton,1500.0,80.11,120165.0,,260000000713,award,price+volume,derived,MI_FY2027_CompassMinerals_260000000713.pdf,41,https://www.michigan.gov/dtmb/-/media/Project/Websites/dtmb/Procurement/Contracts/022/260000000713.pdf?rev=044d384e33124f69856ff95f406d8b63&hash=EDE0618298A9461C637E9129261588D0,b42001c1d85bb1aa8af53b05e4da59e2a811f76be17396a0792a82e3a7a14675,2026-09-09T13:34:00,KALKASKA COUNTY ROAD COMMISSION,
MI,2027,2026/2027,True,Detroit Salt,Kalkaska,Early Fill,MDOT,early_fill,delivered,USD/short ton,2200.0,79.01,173822.0,,260000000712,award,price+volume,derived,MI_FY2027_DetroitSalt_260000000712.pdf,27,https://www.michigan.gov/dtmb/-/media/Project/Websites/dtmb/Procurement/Contracts/MiDEAL/002/260000000712.pdf?rev=8d4ed14d634d466fa9207bb1d92c2458&hash=AAB40CFD3A7E1C61C7C17CA7044DBB4B,79cde6947d8c40afaaa6880a47e91c0cbcc4dd6d45876106c1492033bd40ce51,2026-09-09T13:33:59,Kalkaska,
MI,2027,2026/2027,True,Detroit Salt,Kalkaska,Seasonal Back-Up,MDOT,seasonal_backup,delivered,USD/short ton,2500.0,80.11,200275.0,,260000000712,award,price+volume,derived,MI_FY2027_DetroitSalt_260000000712.pdf,32,https://www.michigan.gov/dtmb/-/media/Project/Websites/dtmb/Procurement/Contracts/MiDEAL/002/260000000712.pdf?rev=8d4ed14d634d466fa9207bb1d92c2458&hash=AAB40CFD3A7E1C61C7C17CA7044DBB4B,79cde6947d8c40afaaa6880a47e91c0cbcc4dd6d45876106c1492033bd40ce51,2026-09-09T13:33:59,Kalkaska,
MI,2027,2026/2027,True,Detroit Salt,Kalkaska,Early Fill,MiDEAL / State Agency,early_fill,delivered,USD/short ton,2500.0,79.01,197525.0,,260000000712,award,price+volume,derived,MI_FY2027_DetroitSalt_260000000712.pdf,35,https://www.michigan.gov/dtmb/-/media/Project/Websites/dtmb/Procurement/Contracts/MiDEAL/002/260000000712.pdf?rev=8d4ed14d634d466fa9207bb1d92c2458&hash=AAB40CFD3A7E1C61C7C17CA7044DBB4B,79cde6947d8c40afaaa6880a47e91c0cbcc4dd6d45876106c1492033bd40ce51,2026-09-09T13:33:59,KALKASKA COUNTY ROAD COMMISSION,
MI,2027,2026/2027,True,Detroit Salt,Kent,Early Fill,MiDEAL / State Agency,early_fill,delivered,USD/short ton,50.0,85.54,4277.0,,260000000712,award,price+volume,derived,MI_FY2027_DetroitSalt_260000000712.pdf,35,https://www.michigan.gov/dtmb/-/media/Project/Websites/dtmb/Procurement/Contracts/MiDEAL/002/260000000712.pdf?rev=8d4ed14d634d466fa9207bb1d92c2458&hash=AAB40CFD3A7E1C61C7C17CA7044DBB4B,79cde6947d8c40afaaa6880a47e91c0cbcc4dd6d45876106c1492033bd40ce51,2026-09-09T13:33:59,NORTHVIEW PUBLIC SCHOOLS,
MI,2027,2026/2027,True,Detroit Salt,Kent,Early Fill,MiDEAL / State Agency,early_fill,delivered,USD/short ton,50.0,85.54,4277.0,,260000000712,award,price+volume,derived,MI_FY2027_DetroitSalt_260000000712.pdf,35,https://www.michigan.gov/dtmb/-/media/Project/Websites/dtmb/Procurement/Contracts/MiDEAL/002/260000000712.pdf?rev=8d4ed14d634d466fa9207bb1d92c2458&hash=AAB40CFD3A7E1C61C7C17CA7044DBB4B,79cde6947d8c40afaaa6880a47e91c0cbcc4dd6d45876106c1492033bd40ce51,2026-09-09T13:33:59,Lowell Area Schools,
MI,2027,2026/2027,True,Detroit Salt,Kent,Early Fill,MiDEAL / State Agency,early_fill,delivered,USD/short ton,100.0,85.54,8554.0,,260000000712,award,price+volume,derived,MI_FY2027_DetroitSalt_260000000712.pdf,35,https://www.michigan.gov/dtmb/-/media/Project/Websites/dtmb/Procurement/Contracts/MiDEAL/002/260000000712.pdf?rev=8d4ed14d634d466fa9207bb1d92c2458&hash=AAB40CFD3A7E1C61C7C17CA7044DBB4B,79cde6947d8c40afaaa6880a47e91c0cbcc4dd6d45876106c1492033bd40ce51,2026-09-09T13:33:59,INTERURBAN TRANSIT PARTNERSHIP-THE RAPID,
MI,2027,2026/2027,True,Detroit Salt,Kent,Early Fill,MiDEAL / State Agency,early_fill,delivered,USD/short ton,50.0,85.54,4277.0,,260000000712,award,price+volume,derived,MI_FY2027_DetroitSalt_260000000712.pdf,36,https://www.michigan.gov/dtmb/-/media/Project/Websites/dtmb/Procurement/Contracts/MiDEAL/002/260000000712.pdf?rev=8d4ed14d634d466fa9207bb1d92c2458&hash=AAB40CFD3A7E1C61C7C17CA7044DBB4B,79cde6947d8c40afaaa6880a47e91c0cbcc4dd6d45876106c1492033bd40ce51,2026-09-09T13:33:59,"KENT CITY, VILLAGE OF",
MI,2027,2026/2027,True,Detroit Salt,Lapeer,Seasonal Back-Up,MiDEAL / State Agency,seasonal_backup,delivered,USD/short ton,50.0,68.79,3439.5,,260000000713,award,price+volume,derived,MI_FY2027_CompassMinerals_260000000713.pdf,41,https://www.michigan.gov/dtmb/-/media/Project/Websites/dtmb/Procurement/Contracts/022/260000000713.pdf?rev=044d384e33124f69856ff95f406d8b63&hash=EDE0618298A9461C637E9129261588D0,b42001c1d85bb1aa8af53b05e4da59e2a811f76be17396a0792a82e3a7a14675,2026-09-09T13:34:00,NORTH BRANCH AREA SCHOOLS,
MI,2027,2026/2027,True,Detroit Salt,Lapeer,Seasonal Back-Up,MiDEAL / State Agency,seasonal_backup,delivered,USD/short ton,2000.0,68.79,137580.0,,260000000713,award,price+volume,derived,MI_FY2027_CompassMinerals_260000000713.pdf,41,https://www.michigan.gov/dtmb/-/media/Project/Websites/dtmb/Procurement/Contracts/022/260000000713.pdf?rev=044d384e33124f69856ff95f406d8b63&hash=EDE0618298A9461C637E9129261588D0,b42001c1d85bb1aa8af53b05e4da59e2a811f76be17396a0792a82e3a7a14675,2026-09-09T13:34:00,LAPEER COUNTY ROAD COMMISSION,
MI,2027,2026/2027,True,Detroit Salt,Lapeer,Seasonal Back-Up,MiDEAL / State Agency,seasonal_backup,delivered,USD/short ton,1500.0,68.79,103185.0,,260000000713,award,price+volume,derived,MI_FY2027_CompassMinerals_260000000713.pdf,41,https://www.michigan.gov/dtmb/-/media/Project/Websites/dtmb/Procurement/Contracts/022/260000000713.pdf?rev=044d384e33124f69856ff95f406d8b63&hash=EDE0618298A9461C637E9129261588D0,b42001c1d85bb1aa8af53b05e4da59e2a811f76be17396a0792a82e3a7a14675,2026-09-09T13:34:00,LAPEER COUNTY ROAD COMMISSION,
MI,2027,2026/2027,True,Detroit Salt,Lapeer,Seasonal Back-Up,MiDEAL / State Agency,seasonal_backup,delivered,USD/short ton,1500.0,68.79,103185.0,,260000000713,award,price+volume,derived,MI_FY2027_CompassMinerals_260000000713.pdf,41,https://www.michigan.gov/dtmb/-/media/Project/Websites/dtmb/Procurement/Contracts/022/260000000713.pdf?rev=044d384e33124f69856ff95f406d8b63&hash=EDE0618298A9461C637E9129261588D0,b42001c1d85bb1aa8af53b05e4da59e2a811f76be17396a0792a82e3a7a14675,2026-09-09T13:34:00,LAPEER COUNTY ROAD COMMISSION,
MI,2027,2026/2027,True,Detroit Salt,Lapeer,Seasonal Back-Up,MiDEAL / State Agency,seasonal_backup,delivered,USD/short ton,100.0,68.79,6879.0,,260000000713,award,price+volume,derived,MI_FY2027_CompassMinerals_260000000713.pdf,41,https://www.michigan.gov/dtmb/-/media/Project/Websites/dtmb/Procurement/Contracts/022/260000000713.pdf?rev=044d384e33124f69856ff95f406d8b63&hash=EDE0618298A9461C637E9129261588D0,b42001c1d85bb1aa8af53b05e4da59e2a811f76be17396a0792a82e3a7a14675,2026-09-09T13:34:00,"DRYDEN, VILLAGE OF",
MI,2027,2026/2027,True,Detroit Salt,Lapeer,Seasonal Back-Up,MiDEAL / State Agency,seasonal_backup,delivered,USD/short ton,50.0,68.79,3439.5,,260000000713,award,price+volume,derived,MI_FY2027_CompassMinerals_260000000713.pdf,41,https://www.michigan.gov/dtmb/-/media/Project/Websites/dtmb/Procurement/Contracts/022/260000000713.pdf?rev=044d384e33124f69856ff95f406d8b63&hash=EDE0618298A9461C637E9129261588D0,b42001c1d85bb1aa8af53b05e4da59e2a811f76be17396a0792a82e3a7a14675,2026-09-09T13:34:00,Dryden Public Schools,
MI,2027,2026/2027,True,Detroit Salt,Lapeer,Seasonal Back-Up,MiDEAL / State Agency,seasonal_backup,delivered,USD/short ton,150.0,68.79,10318.5,,260000000713,award,price+volume,derived,MI_FY2027_CompassMinerals_260000000713.pdf,41,https://www.michigan.gov/dtmb/-/media/Project/Websites/dtmb/Procurement/Contracts/022/260000000713.pdf?rev=044d384e33124f69856ff95f406d8b63&hash=EDE0618298A9461C637E9129261588D0,b42001c1d85bb1aa8af53b05e4da59e2a811f76be17396a0792a82e3a7a14675,2026-09-09T13:34:00,"IMLAY, CITY OF",
MI,2027,2026/2027,True,Detroit Salt,Lapeer,Seasonal Back-Up,MiDEAL / State Agency,seasonal_backup,delivered,USD/short ton,100.0,68.79,6879.0,,260000000713,award,price+volume,derived,MI_FY2027_CompassMinerals_260000000713.pdf,41,https://www.michigan.gov/dtmb/-/media/Project/Websites/dtmb/Procurement/Contracts/022/260000000713.pdf?rev=044d384e33124f69856ff95f406d8b63&hash=EDE0618298A9461C637E9129261588D0,b42001c1d85bb1aa8af53b05e4da59e2a811f76be17396a0792a82e3a7a14675,2026-09-09T13:34:00,"NORTH BRANCH, VILLAGE OF",
MI,2027,2026/2027,True,Detroit Salt,Lapeer,Seasonal Back-Up,MiDEAL / State Agency,seasonal_backup,delivered,USD/short ton,100.0,68.79,6879.0,,260000000713,award,price+volume,derived,MI_FY2027_CompassMinerals_260000000713.pdf,41,https://www.michigan.gov/dtmb/-/media/Project/Websites/dtmb/Procurement/Contracts/022/260000000713.pdf?rev=044d384e33124f69856ff95f406d8b63&hash=EDE0618298A9461C637E9129261588D0,b42001c1d85bb1aa8af53b05e4da59e2a811f76be17396a0792a82e3a7a14675,2026-09-09T13:34:00,"CLIFFORD, VILLAGE OF",
MI,2027,2026/2027,True,Detroit Salt,Lapeer,Seasonal Back-Up,MiDEAL / State Agency,seasonal_backup,delivered,USD/short ton,700.0,68.79,48153.0,,260000000713,award,price+volume,derived,MI_FY2027_CompassMinerals_260000000713.pdf,41,https://www.michigan.gov/dtmb/-/media/Project/Websites/dtmb/Procurement/Contracts/022/260000000713.pdf?rev=044d384e33124f69856ff95f406d8b63&hash=EDE0618298A9461C637E9129261588D0,b42001c1d85bb1aa8af53b05e4da59e2a811f76be17396a0792a82e3a7a14675,2026-09-09T13:34:00,"LAPEER, CITY OF",
MI,2027,2026/2027,True,Detroit Salt,Lapeer,Seasonal Back-Up,MiDEAL / State Agency,seasonal_backup,delivered,USD/short ton,100.0,68.79,6879.0,,260000000713,award,price+volume,derived,MI_FY2027_CompassMinerals_260000000713.pdf,41,https://www.michigan.gov/dtmb/-/media/Project/Websites/dtmb/Procurement/Contracts/022/260000000713.pdf?rev=044d384e33124f69856ff95f406d8b63&hash=EDE0618298A9461C637E9129261588D0,b42001c1d85bb1aa8af53b05e4da59e2a811f76be17396a0792a82e3a7a14675,2026-09-09T13:34:00,"ALMONT, VILLAGE OF",
MI,2027,2026/2027,True,Detroit Salt,Lapeer,Early Fill,MiDEAL / State Agency,early_fill,delivered,USD/short ton,4800.0,63.92,306816.0,,260000000712,award,price+volume,derived,MI_FY2027_DetroitSalt_260000000712.pdf,36,https://www.michigan.gov/dtmb/-/media/Project/Websites/dtmb/Procurement/Contracts/MiDEAL/002/260000000712.pdf?rev=8d4ed14d634d466fa9207bb1d92c2458&hash=AAB40CFD3A7E1C61C7C17CA7044DBB4B,79cde6947d8c40afaaa6880a47e91c0cbcc4dd6d45876106c1492033bd40ce51,2026-09-09T13:33:59,LAPEER COUNTY ROAD COMMISSION,
MI,2027,2026/2027,True,Detroit Salt,Lapeer,Early Fill,MiDEAL / State Agency,early_fill,delivered,USD/short ton,3400.0,63.92,217328.0,,260000000712,award,price+volume,derived,MI_FY2027_DetroitSalt_260000000712.pdf,36,https://www.michigan.gov/dtmb/-/media/Project/Websites/dtmb/Procurement/Contracts/MiDEAL/002/260000000712.pdf?rev=8d4ed14d634d466fa9207bb1d92c2458&hash=AAB40CFD3A7E1C61C7C17CA7044DBB4B,79cde6947d8c40afaaa6880a47e91c0cbcc4dd6d45876106c1492033bd40ce51,2026-09-09T13:33:59,LAPEER COUNTY ROAD COMMISSION,
MI,2027,2026/2027,True,Detroit Salt,Lapeer,Early Fill,MiDEAL / State Agency,early_fill,delivered,USD/short ton,2700.0,63.92,172584.0,,260000000712,award,price+volume,derived,MI_FY2027_DetroitSalt_260000000712.pdf,36,https://www.michigan.gov/dtmb/-/media/Project/Websites/dtmb/Procurement/Contracts/MiDEAL/002/260000000712.pdf?rev=8d4ed14d634d466fa9207bb1d92c2458&hash=AAB40CFD3A7E1C61C7C17CA7044DBB4B,79cde6947d8c40afaaa6880a47e91c0cbcc4dd6d45876106c1492033bd40ce51,2026-09-09T13:33:59,LAPEER COUNTY ROAD COMMISSION,
MI,2027,2026/2027,True,Detroit Salt,Lapeer,Early Fill,MiDEAL / State Agency,early_fill,delivered,USD/short ton,400.0,63.92,25568.0,,260000000712,award,price+volume,derived,MI_FY2027_DetroitSalt_260000000712.pdf,36,https://www.michigan.gov/dtmb/-/media/Project/Websites/dtmb/Procurement/Contracts/MiDEAL/002/260000000712.pdf?rev=8d4ed14d634d466fa9207bb1d92c2458&hash=AAB40CFD3A7E1C61C7C17CA7044DBB4B,79cde6947d8c40afaaa6880a47e91c0cbcc4dd6d45876106c1492033bd40ce51,2026-09-09T13:33:59,"IMLAY, CITY OF",
MI,2027,2026/2027,True,Detroit Salt,Lapeer,Early Fill,MiDEAL / State Agency,early_fill,delivered,USD/short ton,50.0,63.92,3196.0,,260000000712,award,price+volume,derived,MI_FY2027_DetroitSalt_260000000712.pdf,36,https://www.michigan.gov/dtmb/-/media/Project/Websites/dtmb/Procurement/Contracts/MiDEAL/002/260000000712.pdf?rev=8d4ed14d634d466fa9207bb1d92c2458&hash=AAB40CFD3A7E1C61C7C17CA7044DBB4B,79cde6947d8c40afaaa6880a47e91c0cbcc4dd6d45876106c1492033bd40ce51,2026-09-09T13:33:59,"CLIFFORD, VILLAGE OF",
MI,2027,2026/2027,True,Detroit Salt,Lapeer,Early Fill,MiDEAL / State Agency,early_fill,delivered,USD/short ton,200.0,63.92,12784.0,,260000000712,award,price+volume,derived,MI_FY2027_DetroitSalt_260000000712.pdf,37,https://www.michigan.gov/dtmb/-/media/Project/Websites/dtmb/Procurement/Contracts/MiDEAL/002/260000000712.pdf?rev=8d4ed14d634d466fa9207bb1d92c2458&hash=AAB40CFD3A7E1C61C7C17CA7044DBB4B,79cde6947d8c40afaaa6880a47e91c0cbcc4dd6d45876106c1492033bd40ce51,2026-09-09T13:33:59,"LAPEER, CITY OF",
MI,2027,2026/2027,True,Detroit Salt,Lapeer,Early Fill,MiDEAL / State Agency,early_fill,delivered,USD/short ton,100.0,63.92,6392.0,,260000000712,award,price+volume,derived,MI_FY2027_DetroitSalt_260000000712.pdf,37,https://www.michigan.gov/dtmb/-/media/Project/Websites/dtmb/Procurement/Contracts/MiDEAL/002/260000000712.pdf?rev=8d4ed14d634d466fa9207bb1d92c2458&hash=AAB40CFD3A7E1C61C7C17CA7044DBB4B,79cde6947d8c40afaaa6880a47e91c0cbcc4dd6d45876106c1492033bd40ce51,2026-09-09T13:33:59,"ALMONT, VILLAGE OF",
MI,2027,2026/2027,True,Detroit Salt,Lapeer,Early Fill,MiDEAL / State Agency,early_fill,delivered,USD/short ton,50.0,63.92,3196.0,,260000000712,award,price+volume,derived,MI_FY2027_DetroitSalt_260000000712.pdf,37,https://www.michigan.gov/dtmb/-/media/Project/Websites/dtmb/Procurement/Contracts/MiDEAL/002/260000000712.pdf?rev=8d4ed14d634d466fa9207bb1d92c2458&hash=AAB40CFD3A7E1C61C7C17CA7044DBB4B,79cde6947d8c40afaaa6880a47e91c0cbcc4dd6d45876106c1492033bd40ce51,2026-09-09T13:33:59,NORTH BRANCH AREA SCHOOLS,
MI,2027,2026/2027,True,Detroit Salt,Lapeer,Early Fill,MiDEAL / State Agency,early_fill,delivered,USD/short ton,50.0,63.92,3196.0,,260000000712,award,price+volume,derived,MI_FY2027_DetroitSalt_260000000712.pdf,37,https://www.michigan.gov/dtmb/-/media/Project/Websites/dtmb/Procurement/Contracts/MiDEAL/002/260000000712.pdf?rev=8d4ed14d634d466fa9207bb1d92c2458&hash=AAB40CFD3A7E1C61C7C17CA7044DBB4B,79cde6947d8c40afaaa6880a47e91c0cbcc4dd6d45876106c1492033bd40ce51,2026-09-09T13:33:59,Dryden Public Schools,
MI,2027,2026/2027,True,Detroit Salt,Leelanau,Early Fill,MDOT,early_fill,delivered,USD/short ton,400.0,84.49,33796.0,,260000000712,award,price+volume,derived,MI_FY2027_DetroitSalt_260000000712.pdf,27,https://www.michigan.gov/dtmb/-/media/Project/Websites/dtmb/Procurement/Contracts/MiDEAL/002/260000000712.pdf?rev=8d4ed14d634d466fa9207bb1d92c2458&hash=AAB40CFD3A7E1C61C7C17CA7044DBB4B,79cde6947d8c40afaaa6880a47e91c0cbcc4dd6d45876106c1492033bd40ce51,2026-09-09T13:33:59,Suttons Bay,
MI,2027,2026/2027,True,Detroit Salt,Leelanau,Early Fill,MDOT,early_fill,delivered,USD/short ton,400.0,84.49,33796.0,,260000000712,award,price+volume,derived,MI_FY2027_DetroitSalt_260000000712.pdf,28,https://www.michigan.gov/dtmb/-/media/Project/Websites/dtmb/Procurement/Contracts/MiDEAL/002/260000000712.pdf?rev=8d4ed14d634d466fa9207bb1d92c2458&hash=AAB40CFD3A7E1C61C7C17CA7044DBB4B,79cde6947d8c40afaaa6880a47e91c0cbcc4dd6d45876106c1492033bd40ce51,2026-09-09T13:33:59,Maple City,
MI,2027,2026/2027,True,Detroit Salt,Leelanau,Early Fill,MiDEAL / State Agency,early_fill,delivered,USD/short ton,800.0,84.49,67592.0,,260000000712,award,price+volume,derived,MI_FY2027_DetroitSalt_260000000712.pdf,35,https://www.michigan.gov/dtmb/-/media/Project/Websites/dtmb/Procurement/Contracts/MiDEAL/002/260000000712.pdf?rev=8d4ed14d634d466fa9207bb1d92c2458&hash=AAB40CFD3A7E1C61C7C17CA7044DBB4B,79cde6947d8c40afaaa6880a47e91c0cbcc4dd6d45876106c1492033bd40ce51,2026-09-09T13:33:59,LEELANAU COUNTY ROAD COMMISSION,
MI,2027,2026/2027,True,Detroit Salt,Leelanau,Early Fill,MiDEAL / State Agency,early_fill,delivered,USD/short ton,800.0,84.49,67592.0,,260000000712,award,price+volume,derived,MI_FY2027_DetroitSalt_260000000712.pdf,35,https://www.michigan.gov/dtmb/-/media/Project/Websites/dtmb/Procurement/Contracts/MiDEAL/002/260000000712.pdf?rev=8d4ed14d634d466fa9207bb1d92c2458&hash=AAB40CFD3A7E1C61C7C17CA7044DBB4B,79cde6947d8c40afaaa6880a47e91c0cbcc4dd6d45876106c1492033bd40ce51,2026-09-09T13:33:59,LEELANAU COUNTY ROAD COMMISSION,
MI,2027,2026/2027,True,Detroit Salt,Lenawee,Seasonal Back-Up,MiDEAL / State Agency,seasonal_backup,delivered,USD/short ton,100.0,65.3,6530.0,,260000000713,award,price+volume,derived,MI_FY2027_CompassMinerals_260000000713.pdf,43,https://www.michigan.gov/dtmb/-/media/Project/Websites/dtmb/Procurement/Contracts/022/260000000713.pdf?rev=044d384e33124f69856ff95f406d8b63&hash=EDE0618298A9461C637E9129261588D0,b42001c1d85bb1aa8af53b05e4da59e2a811f76be17396a0792a82e3a7a14675,2026-09-09T13:34:00,"HUDSON, CITY OF",
MI,2027,2026/2027,True,Detroit Salt,Lenawee,Seasonal Back-Up,MiDEAL / State Agency,seasonal_backup,delivered,USD/short ton,700.0,65.3,45710.0,,260000000713,award,price+volume,derived,MI_FY2027_CompassMinerals_260000000713.pdf,43,https://www.michigan.gov/dtmb/-/media/Project/Websites/dtmb/Procurement/Contracts/022/260000000713.pdf?rev=044d384e33124f69856ff95f406d8b63&hash=EDE0618298A9461C637E9129261588D0,b42001c1d85bb1aa8af53b05e4da59e2a811f76be17396a0792a82e3a7a14675,2026-09-09T13:34:00,"TECUMSEH, CITY OF",
MI,2027,2026/2027,True,Detroit Salt,Lenawee,Seasonal Back-Up,MiDEAL / State Agency,seasonal_backup,delivered,USD/short ton,3000.0,65.3,195900.0,,260000000713,award,price+volume,derived,MI_FY2027_CompassMinerals_260000000713.pdf,43,https://www.michigan.gov/dtmb/-/media/Project/Websites/dtmb/Procurement/Contracts/022/260000000713.pdf?rev=044d384e33124f69856ff95f406d8b63&hash=EDE0618298A9461C637E9129261588D0,b42001c1d85bb1aa8af53b05e4da59e2a811f76be17396a0792a82e3a7a14675,2026-09-09T13:34:00,LENAWEE COUNTY ROAD COMMISSION,
MI,2027,2026/2027,True,Detroit Salt,Lenawee,Seasonal Back-Up,MiDEAL / State Agency,seasonal_backup,delivered,USD/short ton,50.0,65.3,3265.0,,260000000713,award,price+volume,derived,MI_FY2027_CompassMinerals_260000000713.pdf,43,https://www.michigan.gov/dtmb/-/media/Project/Websites/dtmb/Procurement/Contracts/022/260000000713.pdf?rev=044d384e33124f69856ff95f406d8b63&hash=EDE0618298A9461C637E9129261588D0,b42001c1d85bb1aa8af53b05e4da59e2a811f76be17396a0792a82e3a7a14675,2026-09-09T13:34:00,"CLINTON, VILLAGE OF",
MI,2027,2026/2027,True,Detroit Salt,Lenawee,Seasonal Back-Up,MiDEAL / State Agency,seasonal_backup,delivered,USD/short ton,50.0,65.3,3265.0,,260000000713,award,price+volume,derived,MI_FY2027_CompassMinerals_260000000713.pdf,43,https://www.michigan.gov/dtmb/-/media/Project/Websites/dtmb/Procurement/Contracts/022/260000000713.pdf?rev=044d384e33124f69856ff95f406d8b63&hash=EDE0618298A9461C637E9129261588D0,b42001c1d85bb1aa8af53b05e4da59e2a811f76be17396a0792a82e3a7a14675,2026-09-09T13:34:00,LENAWEE COUNTY,
MI,2027,2026/2027,True,Detroit Salt,Lenawee,Seasonal Back-Up,MiDEAL / State Agency,seasonal_backup,delivered,USD/short ton,1000.0,65.3,65300.0,,260000000713,award,price+volume,derived,MI_FY2027_CompassMinerals_260000000713.pdf,43,https://www.michigan.gov/dtmb/-/media/Project/Websites/dtmb/Procurement/Contracts/022/260000000713.pdf?rev=044d384e33124f69856ff95f406d8b63&hash=EDE0618298A9461C637E9129261588D0,b42001c1d85bb1aa8af53b05e4da59e2a811f76be17396a0792a82e3a7a14675,2026-09-09T13:34:00,"ADRIAN, CITY OF",
MI,2027,2026/2027,True,Detroit Salt,Lenawee,Seasonal Back-Up,MiDEAL / State Agency,seasonal_backup,delivered,USD/short ton,50.0,65.3,3265.0,,260000000713,award,price+volume,derived,MI_FY2027_CompassMinerals_260000000713.pdf,43,https://www.michigan.gov/dtmb/-/media/Project/Websites/dtmb/Procurement/Contracts/022/260000000713.pdf?rev=044d384e33124f69856ff95f406d8b63&hash=EDE0618298A9461C637E9129261588D0,b42001c1d85bb1aa8af53b05e4da59e2a811f76be17396a0792a82e3a7a14675,2026-09-09T13:34:00,VILLAGE OF DEERFIELD,
MI,2027,2026/2027,True,Detroit Salt,Lenawee,Seasonal Back-Up,MiDEAL / State Agency,seasonal_backup,delivered,USD/short ton,50.0,65.3,3265.0,,260000000713,award,price+volume,derived,MI_FY2027_CompassMinerals_260000000713.pdf,43,https://www.michigan.gov/dtmb/-/media/Project/Websites/dtmb/Procurement/Contracts/022/260000000713.pdf?rev=044d384e33124f69856ff95f406d8b63&hash=EDE0618298A9461C637E9129261588D0,b42001c1d85bb1aa8af53b05e4da59e2a811f76be17396a0792a82e3a7a14675,2026-09-09T13:34:00,"BRITTON, VILLAGE OF",
MI,2027,2026/2027,True,Detroit Salt,Lenawee,Early Fill,MDOT,early_fill,delivered,USD/short ton,1500.0,66.73,100095.0,,260000000712,award,price+volume,derived,MI_FY2027_DetroitSalt_260000000712.pdf,30,https://www.michigan.gov/dtmb/-/media/Project/Websites/dtmb/Procurement/Contracts/MiDEAL/002/260000000712.pdf?rev=8d4ed14d634d466fa9207bb1d92c2458&hash=AAB40CFD3A7E1C61C7C17CA7044DBB4B,79cde6947d8c40afaaa6880a47e91c0cbcc4dd6d45876106c1492033bd40ce51,2026-09-09T13:33:59,Adrian,
MI,2027,2026/2027,True,Detroit Salt,Lenawee,Seasonal Back-Up,MDOT,seasonal_backup,delivered,USD/short ton,1500.0,65.3,97950.0,,260000000712,award,price+volume,derived,MI_FY2027_DetroitSalt_260000000712.pdf,34,https://www.michigan.gov/dtmb/-/media/Project/Websites/dtmb/Procurement/Contracts/MiDEAL/002/260000000712.pdf?rev=8d4ed14d634d466fa9207bb1d92c2458&hash=AAB40CFD3A7E1C61C7C17CA7044DBB4B,79cde6947d8c40afaaa6880a47e91c0cbcc4dd6d45876106c1492033bd40ce51,2026-09-09T13:33:59,Adrian,
MI,2027,2026/2027,True,Detroit Salt,Lenawee,Early Fill,MiDEAL / State Agency,early_fill,delivered,USD/short ton,1500.0,66.73,100095.0,,260000000712,award,price+volume,derived,MI_FY2027_DetroitSalt_260000000712.pdf,39,https://www.michigan.gov/dtmb/-/media/Project/Websites/dtmb/Procurement/Contracts/MiDEAL/002/260000000712.pdf?rev=8d4ed14d634d466fa9207bb1d92c2458&hash=AAB40CFD3A7E1C61C7C17CA7044DBB4B,79cde6947d8c40afaaa6880a47e91c0cbcc4dd6d45876106c1492033bd40ce51,2026-09-09T13:33:59,LENAWEE COUNTY ROAD COMMISSION,
MI,2027,2026/2027,True,Detroit Salt,Lenawee,Early Fill,MiDEAL / State Agency,early_fill,delivered,USD/short ton,100.0,66.73,6673.0,,260000000712,award,price+volume,derived,MI_FY2027_DetroitSalt_260000000712.pdf,39,https://www.michigan.gov/dtmb/-/media/Project/Websites/dtmb/Procurement/Contracts/MiDEAL/002/260000000712.pdf?rev=8d4ed14d634d466fa9207bb1d92c2458&hash=AAB40CFD3A7E1C61C7C17CA7044DBB4B,79cde6947d8c40afaaa6880a47e91c0cbcc4dd6d45876106c1492033bd40ce51,2026-09-09T13:33:59,"HUDSON, CITY OF",
MI,2027,2026/2027,True,Detroit Salt,Lenawee,Early Fill,MiDEAL / State Agency,early_fill,delivered,USD/short ton,100.0,66.73,6673.0,,260000000712,award,price+volume,derived,MI_FY2027_DetroitSalt_260000000712.pdf,39,https://www.michigan.gov/dtmb/-/media/Project/Websites/dtmb/Procurement/Contracts/MiDEAL/002/260000000712.pdf?rev=8d4ed14d634d466fa9207bb1d92c2458&hash=AAB40CFD3A7E1C61C7C17CA7044DBB4B,79cde6947d8c40afaaa6880a47e91c0cbcc4dd6d45876106c1492033bd40ce51,2026-09-09T13:33:59,LENAWEE COUNTY,
MI,2027,2026/2027,True,Detroit Salt,Lenawee,Early Fill,MiDEAL / State Agency,early_fill,delivered,USD/short ton,100.0,66.73,6673.0,,260000000712,award,price+volume,derived,MI_FY2027_DetroitSalt_260000000712.pdf,39,https://www.michigan.gov/dtmb/-/media/Project/Websites/dtmb/Procurement/Contracts/MiDEAL/002/260000000712.pdf?rev=8d4ed14d634d466fa9207bb1d92c2458&hash=AAB40CFD3A7E1C61C7C17CA7044DBB4B,79cde6947d8c40afaaa6880a47e91c0cbcc4dd6d45876106c1492033bd40ce51,2026-09-09T13:33:59,"CLINTON, VILLAGE OF",
MI,2027,2026/2027,True,Detroit Salt,Lenawee,Early Fill,MiDEAL / State Agency,early_fill,delivered,USD/short ton,50.0,66.73,3336.5,,260000000712,award,price+volume,derived,MI_FY2027_DetroitSalt_260000000712.pdf,39,https://www.michigan.gov/dtmb/-/media/Project/Websites/dtmb/Procurement/Contracts/MiDEAL/002/260000000712.pdf?rev=8d4ed14d634d466fa9207bb1d92c2458&hash=AAB40CFD3A7E1C61C7C17CA7044DBB4B,79cde6947d8c40afaaa6880a47e91c0cbcc4dd6d45876106c1492033bd40ce51,2026-09-09T13:33:59,ADRIAN COLLEGE,
MI,2027,2026/2027,True,Detroit Salt,Livingston,Seasonal Back-Up,MiDEAL / State Agency,seasonal_backup,delivered,USD/short ton,150.0,70.18,10527.0,,260000000713,award,price+volume,derived,MI_FY2027_CompassMinerals_260000000713.pdf,43,https://www.michigan.gov/dtmb/-/media/Project/Websites/dtmb/Procurement/Contracts/022/260000000713.pdf?rev=044d384e33124f69856ff95f406d8b63&hash=EDE0618298A9461C637E9129261588D0,b42001c1d85bb1aa8af53b05e4da59e2a811f76be17396a0792a82e3a7a14675,2026-09-09T13:34:00,"PINCKNEY, VILLAGE OF",
MI,2027,2026/2027,True,Detroit Salt,Livingston,Seasonal Back-Up,MiDEAL / State Agency,seasonal_backup,delivered,USD/short ton,100.0,70.18,7018.0,,260000000713,award,price+volume,derived,MI_FY2027_CompassMinerals_260000000713.pdf,43,https://www.michigan.gov/dtmb/-/media/Project/Websites/dtmb/Procurement/Contracts/022/260000000713.pdf?rev=044d384e33124f69856ff95f406d8b63&hash=EDE0618298A9461C637E9129261588D0,b42001c1d85bb1aa8af53b05e4da59e2a811f76be17396a0792a82e3a7a14675,2026-09-09T13:34:00,DOC-Woodland Center Correctional-AGENCY,
MI,2027,2026/2027,True,Detroit Salt,Livingston,Seasonal Back-Up,MiDEAL / State Agency,seasonal_backup,delivered,USD/short ton,1200.0,70.18,84216.0,,260000000713,award,price+volume,derived,MI_FY2027_CompassMinerals_260000000713.pdf,43,https://www.michigan.gov/dtmb/-/media/Project/Websites/dtmb/Procurement/Contracts/022/260000000713.pdf?rev=044d384e33124f69856ff95f406d8b63&hash=EDE0618298A9461C637E9129261588D0,b42001c1d85bb1aa8af53b05e4da59e2a811f76be17396a0792a82e3a7a14675,2026-09-09T13:34:00,"BRIGHTON, CITY OF",
MI,2027,2026/2027,True,Detroit Salt,Livingston,Seasonal Back-Up,MDOT,seasonal_backup,delivered,USD/short ton,5000.0,70.18,350900.0,,260000000712,award,price+volume,derived,MI_FY2027_DetroitSalt_260000000712.pdf,34,https://www.michigan.gov/dtmb/-/media/Project/Websites/dtmb/Procurement/Contracts/MiDEAL/002/260000000712.pdf?rev=8d4ed14d634d466fa9207bb1d92c2458&hash=AAB40CFD3A7E1C61C7C17CA7044DBB4B,79cde6947d8c40afaaa6880a47e91c0cbcc4dd6d45876106c1492033bd40ce51,2026-09-09T13:33:59,Brighton,
MI,2027,2026/2027,True,Detroit Salt,Mackinac,Early Fill,MDOT,early_fill,delivered,USD/short ton,900.0,79.84,71856.0,,260000000712,award,price+volume,derived,MI_FY2027_DetroitSalt_260000000712.pdf,27,https://www.michigan.gov/dtmb/-/media/Project/Websites/dtmb/Procurement/Contracts/MiDEAL/002/260000000712.pdf?rev=8d4ed14d634d466fa9207bb1d92c2458&hash=AAB40CFD3A7E1C61C7C17CA7044DBB4B,79cde6947d8c40afaaa6880a47e91c0cbcc4dd6d45876106c1492033bd40ce51,2026-09-09T13:33:59,Mackinac CRC,
MI,2027,2026/2027,True,Detroit Salt,Mackinac,Early Fill,MDOT,early_fill,delivered,USD/short ton,3300.0,79.84,263472.0,,260000000712,award,price+volume,derived,MI_FY2027_DetroitSalt_260000000712.pdf,27,https://www.michigan.gov/dtmb/-/media/Project/Websites/dtmb/Procurement/Contracts/MiDEAL/002/260000000712.pdf?rev=8d4ed14d634d466fa9207bb1d92c2458&hash=AAB40CFD3A7E1C61C7C17CA7044DBB4B,79cde6947d8c40afaaa6880a47e91c0cbcc4dd6d45876106c1492033bd40ce51,2026-09-09T13:33:59,Engadine,
MI,2027,2026/2027,True,Detroit Salt,Mackinac,Early Fill,MDOT,early_fill,delivered,USD/short ton,6200.0,79.84,495008.0,,260000000712,award,price+volume,derived,MI_FY2027_DetroitSalt_260000000712.pdf,27,https://www.michigan.gov/dtmb/-/media/Project/Websites/dtmb/Procurement/Contracts/MiDEAL/002/260000000712.pdf?rev=8d4ed14d634d466fa9207bb1d92c2458&hash=AAB40CFD3A7E1C61C7C17CA7044DBB4B,79cde6947d8c40afaaa6880a47e91c0cbcc4dd6d45876106c1492033bd40ce51,2026-09-09T13:33:59,St. Ignace,
MI,2027,2026/2027,True,Detroit Salt,Mackinac,Early Fill,MDOT,early_fill,delivered,USD/short ton,300.0,79.84,23952.0,,260000000712,award,price+volume,derived,MI_FY2027_DetroitSalt_260000000712.pdf,27,https://www.michigan.gov/dtmb/-/media/Project/Websites/dtmb/Procurement/Contracts/MiDEAL/002/260000000712.pdf?rev=8d4ed14d634d466fa9207bb1d92c2458&hash=AAB40CFD3A7E1C61C7C17CA7044DBB4B,79cde6947d8c40afaaa6880a47e91c0cbcc4dd6d45876106c1492033bd40ce51,2026-09-09T13:33:59,Mackinac Bridge,
MI,2027,2026/2027,True,Detroit Salt,Mackinac,Early Fill,MiDEAL / State Agency,early_fill,delivered,USD/short ton,800.0,79.84,63872.0,,260000000712,award,price+volume,derived,MI_FY2027_DetroitSalt_260000000712.pdf,35,https://www.michigan.gov/dtmb/-/media/Project/Websites/dtmb/Procurement/Contracts/MiDEAL/002/260000000712.pdf?rev=8d4ed14d634d466fa9207bb1d92c2458&hash=AAB40CFD3A7E1C61C7C17CA7044DBB4B,79cde6947d8c40afaaa6880a47e91c0cbcc4dd6d45876106c1492033bd40ce51,2026-09-09T13:33:59,"ST. IGNACE, CITY OF",
MI,2027,2026/2027,True,Detroit Salt,Mackinac,Early Fill,MiDEAL / State Agency,early_fill,delivered,USD/short ton,900.0,79.84,71856.0,,260000000712,award,price+volume,derived,MI_FY2027_DetroitSalt_260000000712.pdf,35,https://www.michigan.gov/dtmb/-/media/Project/Websites/dtmb/Procurement/Contracts/MiDEAL/002/260000000712.pdf?rev=8d4ed14d634d466fa9207bb1d92c2458&hash=AAB40CFD3A7E1C61C7C17CA7044DBB4B,79cde6947d8c40afaaa6880a47e91c0cbcc4dd6d45876106c1492033bd40ce51,2026-09-09T13:33:59,MACKINAC COUNTY ROAD COMMISSION,
MI,2027,2026/2027,True,Detroit Salt,Mackinac,Early Fill,MiDEAL / State Agency,early_fill,delivered,USD/short ton,750.0,79.84,59880.0,,260000000712,award,price+volume,derived,MI_FY2027_DetroitSalt_260000000712.pdf,35,https://www.michigan.gov/dtmb/-/media/Project/Websites/dtmb/Procurement/Contracts/MiDEAL/002/260000000712.pdf?rev=8d4ed14d634d466fa9207bb1d92c2458&hash=AAB40CFD3A7E1C61C7C17CA7044DBB4B,79cde6947d8c40afaaa6880a47e91c0cbcc4dd6d45876106c1492033bd40ce51,2026-09-09T13:33:59,MACKINAC COUNTY ROAD COMMISSION,
MI,2027,2026/2027,True,Detroit Salt,Mackinac,Early Fill,MiDEAL / State Agency,early_fill,delivered,USD/short ton,200.0,79.84,15968.0,,260000000712,award,price+volume,derived,MI_FY2027_DetroitSalt_260000000712.pdf,35,https://www.michigan.gov/dtmb/-/media/Project/Websites/dtmb/Procurement/Contracts/MiDEAL/002/260000000712.pdf?rev=8d4ed14d634d466fa9207bb1d92c2458&hash=AAB40CFD3A7E1C61C7C17CA7044DBB4B,79cde6947d8c40afaaa6880a47e91c0cbcc4dd6d45876106c1492033bd40ce51,2026-09-09T13:33:59,SAULT TRIBE CENTRAL PURCHASING,
MI,2027,2026/2027,True,Detroit Salt,Macomb,Seasonal Back-Up,MiDEAL / State Agency,seasonal_backup,delivered,USD/short ton,250.0,61.48,15370.0,,260000000713,award,price+volume,derived,MI_FY2027_CompassMinerals_260000000713.pdf,44,https://www.michigan.gov/dtmb/-/media/Project/Websites/dtmb/Procurement/Contracts/022/260000000713.pdf?rev=044d384e33124f69856ff95f406d8b63&hash=EDE0618298A9461C637E9129261588D0,b42001c1d85bb1aa8af53b05e4da59e2a811f76be17396a0792a82e3a7a14675,2026-09-09T13:34:00,WARREN WOODS PUBLIC SCHOOLS,
MI,2027,2026/2027,True,Detroit Salt,Macomb,Seasonal Back-Up,MiDEAL / State Agency,seasonal_backup,delivered,USD/short ton,50.0,61.48,3074.0,,260000000713,award,price+volume,derived,MI_FY2027_CompassMinerals_260000000713.pdf,44,https://www.michigan.gov/dtmb/-/media/Project/Websites/dtmb/Procurement/Contracts/022/260000000713.pdf?rev=044d384e33124f69856ff95f406d8b63&hash=EDE0618298A9461C637E9129261588D0,b42001c1d85bb1aa8af53b05e4da59e2a811f76be17396a0792a82e3a7a14675,2026-09-09T13:34:00,MACOMB TOWNSHIP,
MI,2027,2026/2027,True,Detroit Salt,Macomb,Seasonal Back-Up,MiDEAL / State Agency,seasonal_backup,delivered,USD/short ton,500.0,61.48,30740.0,,260000000713,award,price+volume,derived,MI_FY2027_CompassMinerals_260000000713.pdf,44,https://www.michigan.gov/dtmb/-/media/Project/Websites/dtmb/Procurement/Contracts/022/260000000713.pdf?rev=044d384e33124f69856ff95f406d8b63&hash=EDE0618298A9461C637E9129261588D0,b42001c1d85bb1aa8af53b05e4da59e2a811f76be17396a0792a82e3a7a14675,2026-09-09T13:34:00,"FRASER, CITY OF",
MI,2027,2026/2027,True,Detroit Salt,Macomb,Seasonal Back-Up,MiDEAL / State Agency,seasonal_backup,delivered,USD/short ton,650.0,61.48,39962.0,,260000000713,award,price+volume,derived,MI_FY2027_CompassMinerals_260000000713.pdf,44,https://www.michigan.gov/dtmb/-/media/Project/Websites/dtmb/Procurement/Contracts/022/260000000713.pdf?rev=044d384e33124f69856ff95f406d8b63&hash=EDE0618298A9461C637E9129261588D0,b42001c1d85bb1aa8af53b05e4da59e2a811f76be17396a0792a82e3a7a14675,2026-09-09T13:34:00,LANSE CREUSE PUBLIC SCHOOLS,
MI,2027,2026/2027,True,Detroit Salt,Macomb,Seasonal Back-Up,MiDEAL / State Agency,seasonal_backup,delivered,USD/short ton,1200.0,61.48,73776.0,,260000000713,award,price+volume,derived,MI_FY2027_CompassMinerals_260000000713.pdf,44,https://www.michigan.gov/dtmb/-/media/Project/Websites/dtmb/Procurement/Contracts/022/260000000713.pdf?rev=044d384e33124f69856ff95f406d8b63&hash=EDE0618298A9461C637E9129261588D0,b42001c1d85bb1aa8af53b05e4da59e2a811f76be17396a0792a82e3a7a14675,2026-09-09T13:34:00,"MT. CLEMENS, CITY OF",
MI,2027,2026/2027,True,Detroit Salt,Macomb,Seasonal Back-Up,MiDEAL / State Agency,seasonal_backup,delivered,USD/short ton,700.0,61.48,43036.0,,260000000713,award,price+volume,derived,MI_FY2027_CompassMinerals_260000000713.pdf,44,https://www.michigan.gov/dtmb/-/media/Project/Websites/dtmb/Procurement/Contracts/022/260000000713.pdf?rev=044d384e33124f69856ff95f406d8b63&hash=EDE0618298A9461C637E9129261588D0,b42001c1d85bb1aa8af53b05e4da59e2a811f76be17396a0792a82e3a7a14675,2026-09-09T13:34:00,"RICHMOND, CITY OF",
MI,2027,2026/2027,True,Detroit Salt,Macomb,Seasonal Back-Up,MiDEAL / State Agency,seasonal_backup,delivered,USD/short ton,700.0,61.48,43036.0,,260000000713,award,price+volume,derived,MI_FY2027_CompassMinerals_260000000713.pdf,44,https://www.michigan.gov/dtmb/-/media/Project/Websites/dtmb/Procurement/Contracts/022/260000000713.pdf?rev=044d384e33124f69856ff95f406d8b63&hash=EDE0618298A9461C637E9129261588D0,b42001c1d85bb1aa8af53b05e4da59e2a811f76be17396a0792a82e3a7a14675,2026-09-09T13:34:00,CHIPPEWA VALLEY SCHOOLS,
MI,2027,2026/2027,True,Detroit Salt,Macomb,Seasonal Back-Up,MiDEAL / State Agency,seasonal_backup,delivered,USD/short ton,300.0,61.48,18444.0,,260000000713,award,price+volume,derived,MI_FY2027_CompassMinerals_260000000713.pdf,44,https://www.michigan.gov/dtmb/-/media/Project/Websites/dtmb/Procurement/Contracts/022/260000000713.pdf?rev=044d384e33124f69856ff95f406d8b63&hash=EDE0618298A9461C637E9129261588D0,b42001c1d85bb1aa8af53b05e4da59e2a811f76be17396a0792a82e3a7a14675,2026-09-09T13:34:00,CLINTON CHARTER TOWNSHIP,
MI,2027,2026/2027,True,Detroit Salt,Macomb,Seasonal Back-Up,MiDEAL / State Agency,seasonal_backup,delivered,USD/short ton,50.0,61.48,3074.0,,260000000713,award,price+volume,derived,MI_FY2027_CompassMinerals_260000000713.pdf,44,https://www.michigan.gov/dtmb/-/media/Project/Websites/dtmb/Procurement/Contracts/022/260000000713.pdf?rev=044d384e33124f69856ff95f406d8b63&hash=EDE0618298A9461C637E9129261588D0,b42001c1d85bb1aa8af53b05e4da59e2a811f76be17396a0792a82e3a7a14675,2026-09-09T13:34:00,CENTER LINE PUBLIC SCHOOLS,
MI,2027,2026/2027,True,Detroit Salt,Macomb,Seasonal Back-Up,MiDEAL / State Agency,seasonal_backup,delivered,USD/short ton,1100.0,61.48,67628.0,,260000000713,award,price+volume,derived,MI_FY2027_CompassMinerals_260000000713.pdf,44,https://www.michigan.gov/dtmb/-/media/Project/Websites/dtmb/Procurement/Contracts/022/260000000713.pdf?rev=044d384e33124f69856ff95f406d8b63&hash=EDE0618298A9461C637E9129261588D0,b42001c1d85bb1aa8af53b05e4da59e2a811f76be17396a0792a82e3a7a14675,2026-09-09T13:34:00,WARREN CONSOLIDATED SCHOOLS,
MI,2027,2026/2027,True,Detroit Salt,Macomb,Seasonal Back-Up,MiDEAL / State Agency,seasonal_backup,delivered,USD/short ton,400.0,61.48,24592.0,,260000000713,award,price+volume,derived,MI_FY2027_CompassMinerals_260000000713.pdf,44,https://www.michigan.gov/dtmb/-/media/Project/Websites/dtmb/Procurement/Contracts/022/260000000713.pdf?rev=044d384e33124f69856ff95f406d8b63&hash=EDE0618298A9461C637E9129261588D0,b42001c1d85bb1aa8af53b05e4da59e2a811f76be17396a0792a82e3a7a14675,2026-09-09T13:34:00,"UTICA, CITY OF",
MI,2027,2026/2027,True,Detroit Salt,Macomb,Seasonal Back-Up,MiDEAL / State Agency,seasonal_backup,delivered,USD/short ton,500.0,61.48,30740.0,,260000000713,award,price+volume,derived,MI_FY2027_CompassMinerals_260000000713.pdf,44,https://www.michigan.gov/dtmb/-/media/Project/Websites/dtmb/Procurement/Contracts/022/260000000713.pdf?rev=044d384e33124f69856ff95f406d8b63&hash=EDE0618298A9461C637E9129261588D0,b42001c1d85bb1aa8af53b05e4da59e2a811f76be17396a0792a82e3a7a14675,2026-09-09T13:34:00,ROMEO VILLAGE OF,
MI,2027,2026/2027,True,Detroit Salt,Macomb,Seasonal Back-Up,MiDEAL / State Agency,seasonal_backup,delivered,USD/short ton,200.0,61.48,12296.0,,260000000713,award,price+volume,derived,MI_FY2027_CompassMinerals_260000000713.pdf,44,https://www.michigan.gov/dtmb/-/media/Project/Websites/dtmb/Procurement/Contracts/022/260000000713.pdf?rev=044d384e33124f69856ff95f406d8b63&hash=EDE0618298A9461C637E9129261588D0,b42001c1d85bb1aa8af53b05e4da59e2a811f76be17396a0792a82e3a7a14675,2026-09-09T13:34:00,"ARMADA, VILLAGE OF",
MI,2027,2026/2027,True,Detroit Salt,Macomb,Seasonal Back-Up,MiDEAL / State Agency,seasonal_backup,delivered,USD/short ton,200.0,61.48,12296.0,,260000000713,award,price+volume,derived,MI_FY2027_CompassMinerals_260000000713.pdf,44,https://www.michigan.gov/dtmb/-/media/Project/Websites/dtmb/Procurement/Contracts/022/260000000713.pdf?rev=044d384e33124f69856ff95f406d8b63&hash=EDE0618298A9461C637E9129261588D0,b42001c1d85bb1aa8af53b05e4da59e2a811f76be17396a0792a82e3a7a14675,2026-09-09T13:34:00,ROSEVILLE PUBLIC SCHOOLS,
MI,2027,2026/2027,True,Detroit Salt,Macomb,Seasonal Back-Up,MiDEAL / State Agency,seasonal_backup,delivered,USD/short ton,200.0,61.48,12296.0,,260000000713,award,price+volume,derived,MI_FY2027_CompassMinerals_260000000713.pdf,44,https://www.michigan.gov/dtmb/-/media/Project/Websites/dtmb/Procurement/Contracts/022/260000000713.pdf?rev=044d384e33124f69856ff95f406d8b63&hash=EDE0618298A9461C637E9129261588D0,b42001c1d85bb1aa8af53b05e4da59e2a811f76be17396a0792a82e3a7a14675,2026-09-09T13:34:00,MACOMB COMMUNITY COLLEGE,
MI,2027,2026/2027,True,Detroit Salt,Macomb,Seasonal Back-Up,MiDEAL / State Agency,seasonal_backup,delivered,USD/short ton,250.0,61.48,15370.0,,260000000713,award,price+volume,derived,MI_FY2027_CompassMinerals_260000000713.pdf,44,https://www.michigan.gov/dtmb/-/media/Project/Websites/dtmb/Procurement/Contracts/022/260000000713.pdf?rev=044d384e33124f69856ff95f406d8b63&hash=EDE0618298A9461C637E9129261588D0,b42001c1d85bb1aa8af53b05e4da59e2a811f76be17396a0792a82e3a7a14675,2026-09-09T13:34:00,MACOMB COMMUNITY COLLEGE,
MI,2027,2026/2027,True,Detroit Salt,Macomb,Seasonal Back-Up,MiDEAL / State Agency,seasonal_backup,delivered,USD/short ton,1000.0,61.48,61480.0,,260000000713,award,price+volume,derived,MI_FY2027_CompassMinerals_260000000713.pdf,44,https://www.michigan.gov/dtmb/-/media/Project/Websites/dtmb/Procurement/Contracts/022/260000000713.pdf?rev=044d384e33124f69856ff95f406d8b63&hash=EDE0618298A9461C637E9129261588D0,b42001c1d85bb1aa8af53b05e4da59e2a811f76be17396a0792a82e3a7a14675,2026-09-09T13:34:00,"EASTPOINTE, CITY OF",
MI,2027,2026/2027,True,Detroit Salt,Macomb,Seasonal Back-Up,MiDEAL / State Agency,seasonal_backup,delivered,USD/short ton,800.0,61.48,49184.0,,260000000713,award,price+volume,derived,MI_FY2027_CompassMinerals_260000000713.pdf,44,https://www.michigan.gov/dtmb/-/media/Project/Websites/dtmb/Procurement/Contracts/022/260000000713.pdf?rev=044d384e33124f69856ff95f406d8b63&hash=EDE0618298A9461C637E9129261588D0,b42001c1d85bb1aa8af53b05e4da59e2a811f76be17396a0792a82e3a7a14675,2026-09-09T13:34:00,"NEW BALTIMORE, CITY OF",
MI,2027,2026/2027,True,Detroit Salt,Macomb,Seasonal Back-Up,MiDEAL / State Agency,seasonal_backup,delivered,USD/short ton,1800.0,61.48,110664.0,,260000000713,award,price+volume,derived,MI_FY2027_CompassMinerals_260000000713.pdf,44,https://www.michigan.gov/dtmb/-/media/Project/Websites/dtmb/Procurement/Contracts/022/260000000713.pdf?rev=044d384e33124f69856ff95f406d8b63&hash=EDE0618298A9461C637E9129261588D0,b42001c1d85bb1aa8af53b05e4da59e2a811f76be17396a0792a82e3a7a14675,2026-09-09T13:34:00,UTICA COMMUNITY SCHOOLS,
MI,2027,2026/2027,True,Detroit Salt,Macomb,Seasonal Back-Up,MiDEAL / State Agency,seasonal_backup,delivered,USD/short ton,300.0,61.48,18444.0,,260000000713,award,price+volume,derived,MI_FY2027_CompassMinerals_260000000713.pdf,44,https://www.michigan.gov/dtmb/-/media/Project/Websites/dtmb/Procurement/Contracts/022/260000000713.pdf?rev=044d384e33124f69856ff95f406d8b63&hash=EDE0618298A9461C637E9129261588D0,b42001c1d85bb1aa8af53b05e4da59e2a811f76be17396a0792a82e3a7a14675,2026-09-09T13:34:00,UTICA COMMUNITY SCHOOLS,
MI,2027,2026/2027,True,Detroit Salt,Macomb,Seasonal Back-Up,MiDEAL / State Agency,seasonal_backup,delivered,USD/short ton,100.0,61.48,6148.0,,260000000713,award,price+volume,derived,MI_FY2027_CompassMinerals_260000000713.pdf,44,https://www.michigan.gov/dtmb/-/media/Project/Websites/dtmb/Procurement/Contracts/022/260000000713.pdf?rev=044d384e33124f69856ff95f406d8b63&hash=EDE0618298A9461C637E9129261588D0,b42001c1d85bb1aa8af53b05e4da59e2a811f76be17396a0792a82e3a7a14675,2026-09-09T13:34:00,ARMADA AREA SCHOOLS,
MI,2027,2026/2027,True,Detroit Salt,Macomb,Seasonal Back-Up,MiDEAL / State Agency,seasonal_backup,delivered,USD/short ton,5000.0,61.48,307400.0,,260000000713,award,price+volume,derived,MI_FY2027_CompassMinerals_260000000713.pdf,44,https://www.michigan.gov/dtmb/-/media/Project/Websites/dtmb/Procurement/Contracts/022/260000000713.pdf?rev=044d384e33124f69856ff95f406d8b63&hash=EDE0618298A9461C637E9129261588D0,b42001c1d85bb1aa8af53b05e4da59e2a811f76be17396a0792a82e3a7a14675,2026-09-09T13:34:00,MACOMB COUNTY ROAD COMMISSION,
MI,2027,2026/2027,True,Detroit Salt,Macomb,Seasonal Back-Up,MiDEAL / State Agency,seasonal_backup,delivered,USD/short ton,7000.0,61.48,430360.0,,260000000713,award,price+volume,derived,MI_FY2027_CompassMinerals_260000000713.pdf,44,https://www.michigan.gov/dtmb/-/media/Project/Websites/dtmb/Procurement/Contracts/022/260000000713.pdf?rev=044d384e33124f69856ff95f406d8b63&hash=EDE0618298A9461C637E9129261588D0,b42001c1d85bb1aa8af53b05e4da59e2a811f76be17396a0792a82e3a7a14675,2026-09-09T13:34:00,MACOMB COUNTY ROAD COMMISSION,
MI,2027,2026/2027,True,Detroit Salt,Macomb,Seasonal Back-Up,MiDEAL / State Agency,seasonal_backup,delivered,USD/short ton,7000.0,61.48,430360.0,,260000000713,award,price+volume,derived,MI_FY2027_CompassMinerals_260000000713.pdf,44,https://www.michigan.gov/dtmb/-/media/Project/Websites/dtmb/Procurement/Contracts/022/260000000713.pdf?rev=044d384e33124f69856ff95f406d8b63&hash=EDE0618298A9461C637E9129261588D0,b42001c1d85bb1aa8af53b05e4da59e2a811f76be17396a0792a82e3a7a14675,2026-09-09T13:34:00,MACOMB COUNTY ROAD COMMISSION,
MI,2027,2026/2027,True,Detroit Salt,Macomb,Seasonal Back-Up,MiDEAL / State Agency,seasonal_backup,delivered,USD/short ton,6000.0,61.48,368880.0,,260000000713,award,price+volume,derived,MI_FY2027_CompassMinerals_260000000713.pdf,44,https://www.michigan.gov/dtmb/-/media/Project/Websites/dtmb/Procurement/Contracts/022/260000000713.pdf?rev=044d384e33124f69856ff95f406d8b63&hash=EDE0618298A9461C637E9129261588D0,b42001c1d85bb1aa8af53b05e4da59e2a811f76be17396a0792a82e3a7a14675,2026-09-09T13:34:00,MACOMB COUNTY ROAD COMMISSION,
MI,2027,2026/2027,True,Detroit Salt,Macomb,Seasonal Back-Up,MiDEAL / State Agency,seasonal_backup,delivered,USD/short ton,11000.0,61.48,676280.0,,260000000713,award,price+volume,derived,MI_FY2027_CompassMinerals_260000000713.pdf,44,https://www.michigan.gov/dtmb/-/media/Project/Websites/dtmb/Procurement/Contracts/022/260000000713.pdf?rev=044d384e33124f69856ff95f406d8b63&hash=EDE0618298A9461C637E9129261588D0,b42001c1d85bb1aa8af53b05e4da59e2a811f76be17396a0792a82e3a7a14675,2026-09-09T13:34:00,MACOMB COUNTY ROAD COMMISSION,
MI,2027,2026/2027,True,Detroit Salt,Macomb,Seasonal Back-Up,MiDEAL / State Agency,seasonal_backup,delivered,USD/short ton,300.0,61.48,18444.0,,260000000713,award,price+volume,derived,MI_FY2027_CompassMinerals_260000000713.pdf,44,https://www.michigan.gov/dtmb/-/media/Project/Websites/dtmb/Procurement/Contracts/022/260000000713.pdf?rev=044d384e33124f69856ff95f406d8b63&hash=EDE0618298A9461C637E9129261588D0,b42001c1d85bb1aa8af53b05e4da59e2a811f76be17396a0792a82e3a7a14675,2026-09-09T13:34:00,FRASER PUBLIC SCHOOLS,
MI,2027,2026/2027,True,Detroit Salt,Macomb,Seasonal Back-Up,MiDEAL / State Agency,seasonal_backup,delivered,USD/short ton,1200.0,61.48,73776.0,,260000000713,award,price+volume,derived,MI_FY2027_CompassMinerals_260000000713.pdf,44,https://www.michigan.gov/dtmb/-/media/Project/Websites/dtmb/Procurement/Contracts/022/260000000713.pdf?rev=044d384e33124f69856ff95f406d8b63&hash=EDE0618298A9461C637E9129261588D0,b42001c1d85bb1aa8af53b05e4da59e2a811f76be17396a0792a82e3a7a14675,2026-09-09T13:34:00,DMVA,
MI,2027,2026/2027,True,Detroit Salt,Macomb,Early Fill,MiDEAL / State Agency,early_fill,delivered,USD/short ton,50.0,71.26,3563.0,,260000000712,award,price+volume,derived,MI_FY2027_DetroitSalt_260000000712.pdf,39,https://www.michigan.gov/dtmb/-/media/Project/Websites/dtmb/Procurement/Contracts/MiDEAL/002/260000000712.pdf?rev=8d4ed14d634d466fa9207bb1d92c2458&hash=AAB40CFD3A7E1C61C7C17CA7044DBB4B,79cde6947d8c40afaaa6880a47e91c0cbcc4dd6d45876106c1492033bd40ce51,2026-09-09T13:33:59,CENTER LINE PUBLIC SCHOOLS,
MI,2027,2026/2027,True,Detroit Salt,Macomb,Early Fill,MiDEAL / State Agency,early_fill,delivered,USD/short ton,100.0,71.26,7126.0,,260000000712,award,price+volume,derived,MI_FY2027_DetroitSalt_260000000712.pdf,39,https://www.michigan.gov/dtmb/-/media/Project/Websites/dtmb/Procurement/Contracts/MiDEAL/002/260000000712.pdf?rev=8d4ed14d634d466fa9207bb1d92c2458&hash=AAB40CFD3A7E1C61C7C17CA7044DBB4B,79cde6947d8c40afaaa6880a47e91c0cbcc4dd6d45876106c1492033bd40ce51,2026-09-09T13:33:59,CHIPPEWA VALLEY SCHOOLS,
MI,2027,2026/2027,True,Detroit Salt,Macomb,Early Fill,MiDEAL / State Agency,early_fill,delivered,USD/short ton,7000.0,71.26,498820.0,,260000000712,award,price+volume,derived,MI_FY2027_DetroitSalt_260000000712.pdf,39,https://www.michigan.gov/dtmb/-/media/Project/Websites/dtmb/Procurement/Contracts/MiDEAL/002/260000000712.pdf?rev=8d4ed14d634d466fa9207bb1d92c2458&hash=AAB40CFD3A7E1C61C7C17CA7044DBB4B,79cde6947d8c40afaaa6880a47e91c0cbcc4dd6d45876106c1492033bd40ce51,2026-09-09T13:33:59,MACOMB COUNTY ROAD COMMISSION,
MI,2027,2026/2027,True,Detroit Salt,Macomb,Early Fill,MiDEAL / State Agency,early_fill,delivered,USD/short ton,6000.0,71.26,427560.0,,260000000712,award,price+volume,derived,MI_FY2027_DetroitSalt_260000000712.pdf,39,https://www.michigan.gov/dtmb/-/media/Project/Websites/dtmb/Procurement/Contracts/MiDEAL/002/260000000712.pdf?rev=8d4ed14d634d466fa9207bb1d92c2458&hash=AAB40CFD3A7E1C61C7C17CA7044DBB4B,79cde6947d8c40afaaa6880a47e91c0cbcc4dd6d45876106c1492033bd40ce51,2026-09-09T13:33:59,MACOMB COUNTY ROAD COMMISSION,
MI,2027,2026/2027,True,Detroit Salt,Macomb,Early Fill,MiDEAL / State Agency,early_fill,delivered,USD/short ton,50.0,71.26,3563.0,,260000000712,award,price+volume,derived,MI_FY2027_DetroitSalt_260000000712.pdf,39,https://www.michigan.gov/dtmb/-/media/Project/Websites/dtmb/Procurement/Contracts/MiDEAL/002/260000000712.pdf?rev=8d4ed14d634d466fa9207bb1d92c2458&hash=AAB40CFD3A7E1C61C7C17CA7044DBB4B,79cde6947d8c40afaaa6880a47e91c0cbcc4dd6d45876106c1492033bd40ce51,2026-09-09T13:33:59,CHESTERFIELD TOWNSHIP,
MI,2027,2026/2027,True,Detroit Salt,Macomb,Early Fill,MiDEAL / State Agency,early_fill,delivered,USD/short ton,2000.0,71.26,142520.0,,260000000712,award,price+volume,derived,MI_FY2027_DetroitSalt_260000000712.pdf,39,https://www.michigan.gov/dtmb/-/media/Project/Websites/dtmb/Procurement/Contracts/MiDEAL/002/260000000712.pdf?rev=8d4ed14d634d466fa9207bb1d92c2458&hash=AAB40CFD3A7E1C61C7C17CA7044DBB4B,79cde6947d8c40afaaa6880a47e91c0cbcc4dd6d45876106c1492033bd40ce51,2026-09-09T13:33:59,MACOMB COUNTY ROAD COMMISSION,
MI,2027,2026/2027,True,Detroit Salt,Macomb,Early Fill,MiDEAL / State Agency,early_fill,delivered,USD/short ton,7500.0,71.26,534450.0,,260000000712,award,price+volume,derived,MI_FY2027_DetroitSalt_260000000712.pdf,39,https://www.michigan.gov/dtmb/-/media/Project/Websites/dtmb/Procurement/Contracts/MiDEAL/002/260000000712.pdf?rev=8d4ed14d634d466fa9207bb1d92c2458&hash=AAB40CFD3A7E1C61C7C17CA7044DBB4B,79cde6947d8c40afaaa6880a47e91c0cbcc4dd6d45876106c1492033bd40ce51,2026-09-09T13:33:59,MACOMB COUNTY ROAD COMMISSION,
MI,2027,2026/2027,True,Detroit Salt,Macomb,Early Fill,MiDEAL / State Agency,early_fill,delivered,USD/short ton,200.0,71.26,14252.0,,260000000712,award,price+volume,derived,MI_FY2027_DetroitSalt_260000000712.pdf,39,https://www.michigan.gov/dtmb/-/media/Project/Websites/dtmb/Procurement/Contracts/MiDEAL/002/260000000712.pdf?rev=8d4ed14d634d466fa9207bb1d92c2458&hash=AAB40CFD3A7E1C61C7C17CA7044DBB4B,79cde6947d8c40afaaa6880a47e91c0cbcc4dd6d45876106c1492033bd40ce51,2026-09-09T13:33:59,"UTICA, CITY OF",
MI,2027,2026/2027,True,Detroit Salt,Macomb,Early Fill,MiDEAL / State Agency,early_fill,delivered,USD/short ton,50.0,71.26,3563.0,,260000000712,award,price+volume,derived,MI_FY2027_DetroitSalt_260000000712.pdf,39,https://www.michigan.gov/dtmb/-/media/Project/Websites/dtmb/Procurement/Contracts/MiDEAL/002/260000000712.pdf?rev=8d4ed14d634d466fa9207bb1d92c2458&hash=AAB40CFD3A7E1C61C7C17CA7044DBB4B,79cde6947d8c40afaaa6880a47e91c0cbcc4dd6d45876106c1492033bd40ce51,2026-09-09T13:33:59,MACOMB TOWNSHIP,
MI,2027,2026/2027,True,Detroit Salt,Macomb,Early Fill,MiDEAL / State Agency,early_fill,delivered,USD/short ton,50.0,71.26,3563.0,,260000000712,award,price+volume,derived,MI_FY2027_DetroitSalt_260000000712.pdf,39,https://www.michigan.gov/dtmb/-/media/Project/Websites/dtmb/Procurement/Contracts/MiDEAL/002/260000000712.pdf?rev=8d4ed14d634d466fa9207bb1d92c2458&hash=AAB40CFD3A7E1C61C7C17CA7044DBB4B,79cde6947d8c40afaaa6880a47e91c0cbcc4dd6d45876106c1492033bd40ce51,2026-09-09T13:33:59,ARMADA AREA SCHOOLS,
MI,2027,2026/2027,True,Detroit Salt,Macomb,Early Fill,MiDEAL / State Agency,early_fill,delivered,USD/short ton,150.0,71.26,10689.0,,260000000712,award,price+volume,derived,MI_FY2027_DetroitSalt_260000000712.pdf,39,https://www.michigan.gov/dtmb/-/media/Project/Websites/dtmb/Procurement/Contracts/MiDEAL/002/260000000712.pdf?rev=8d4ed14d634d466fa9207bb1d92c2458&hash=AAB40CFD3A7E1C61C7C17CA7044DBB4B,79cde6947d8c40afaaa6880a47e91c0cbcc4dd6d45876106c1492033bd40ce51,2026-09-09T13:33:59,CLINTON CHARTER TOWNSHIP,
MI,2027,2026/2027,True,Detroit Salt,Mecosta,Early Fill,MDOT,early_fill,delivered,USD/short ton,2000.0,74.66,149320.0,,260000000712,award,price+volume,derived,MI_FY2027_DetroitSalt_260000000712.pdf,28,https://www.michigan.gov/dtmb/-/media/Project/Websites/dtmb/Procurement/Contracts/MiDEAL/002/260000000712.pdf?rev=8d4ed14d634d466fa9207bb1d92c2458&hash=AAB40CFD3A7E1C61C7C17CA7044DBB4B,79cde6947d8c40afaaa6880a47e91c0cbcc4dd6d45876106c1492033bd40ce51,2026-09-09T13:33:59,Big Rapids,
MI,2027,2026/2027,True,Detroit Salt,Mecosta,Early Fill,MDOT,early_fill,delivered,USD/short ton,400.0,74.66,29864.0,,260000000712,award,price+volume,derived,MI_FY2027_DetroitSalt_260000000712.pdf,28,https://www.michigan.gov/dtmb/-/media/Project/Websites/dtmb/Procurement/Contracts/MiDEAL/002/260000000712.pdf?rev=8d4ed14d634d466fa9207bb1d92c2458&hash=AAB40CFD3A7E1C61C7C17CA7044DBB4B,79cde6947d8c40afaaa6880a47e91c0cbcc4dd6d45876106c1492033bd40ce51,2026-09-09T13:33:59,Morley,
MI,2027,2026/2027,True,Detroit Salt,Mecosta,Early Fill,MDOT,early_fill,delivered,USD/short ton,300.0,74.66,22398.0,,260000000712,award,price+volume,derived,MI_FY2027_DetroitSalt_260000000712.pdf,28,https://www.michigan.gov/dtmb/-/media/Project/Websites/dtmb/Procurement/Contracts/MiDEAL/002/260000000712.pdf?rev=8d4ed14d634d466fa9207bb1d92c2458&hash=AAB40CFD3A7E1C61C7C17CA7044DBB4B,79cde6947d8c40afaaa6880a47e91c0cbcc4dd6d45876106c1492033bd40ce51,2026-09-09T13:33:59,Remus,
MI,2027,2026/2027,True,Detroit Salt,Mecosta,Early Fill,MiDEAL / State Agency,early_fill,delivered,USD/short ton,500.0,74.66,37330.0,,260000000712,award,price+volume,derived,MI_FY2027_DetroitSalt_260000000712.pdf,36,https://www.michigan.gov/dtmb/-/media/Project/Websites/dtmb/Procurement/Contracts/MiDEAL/002/260000000712.pdf?rev=8d4ed14d634d466fa9207bb1d92c2458&hash=AAB40CFD3A7E1C61C7C17CA7044DBB4B,79cde6947d8c40afaaa6880a47e91c0cbcc4dd6d45876106c1492033bd40ce51,2026-09-09T13:33:59,MECOSTA COUNTY ROAD COMMISSION,
MI,2027,2026/2027,True,Detroit Salt,Mecosta,Early Fill,MiDEAL / State Agency,early_fill,delivered,USD/short ton,350.0,74.66,26131.0,,260000000712,award,price+volume,derived,MI_FY2027_DetroitSalt_260000000712.pdf,36,https://www.michigan.gov/dtmb/-/media/Project/Websites/dtmb/Procurement/Contracts/MiDEAL/002/260000000712.pdf?rev=8d4ed14d634d466fa9207bb1d92c2458&hash=AAB40CFD3A7E1C61C7C17CA7044DBB4B,79cde6947d8c40afaaa6880a47e91c0cbcc4dd6d45876106c1492033bd40ce51,2026-09-09T13:33:59,MECOSTA COUNTY ROAD COMMISSION,
MI,2027,2026/2027,True,Detroit Salt,Mecosta,Early Fill,MiDEAL / State Agency,early_fill,delivered,USD/short ton,350.0,74.66,26131.0,,260000000712,award,price+volume,derived,MI_FY2027_DetroitSalt_260000000712.pdf,36,https://www.michigan.gov/dtmb/-/media/Project/Websites/dtmb/Procurement/Contracts/MiDEAL/002/260000000712.pdf?rev=8d4ed14d634d466fa9207bb1d92c2458&hash=AAB40CFD3A7E1C61C7C17CA7044DBB4B,79cde6947d8c40afaaa6880a47e91c0cbcc4dd6d45876106c1492033bd40ce51,2026-09-09T13:33:59,MECOSTA COUNTY ROAD COMMISSION,
MI,2027,2026/2027,True,Detroit Salt,Mecosta,Early Fill,MiDEAL / State Agency,early_fill,delivered,USD/short ton,500.0,74.66,37330.0,,260000000712,award,price+volume,derived,MI_FY2027_DetroitSalt_260000000712.pdf,36,https://www.michigan.gov/dtmb/-/media/Project/Websites/dtmb/Procurement/Contracts/MiDEAL/002/260000000712.pdf?rev=8d4ed14d634d466fa9207bb1d92c2458&hash=AAB40CFD3A7E1C61C7C17CA7044DBB4B,79cde6947d8c40afaaa6880a47e91c0cbcc4dd6d45876106c1492033bd40ce51,2026-09-09T13:33:59,"BIG RAPIDS, CITY OF",
MI,2027,2026/2027,True,Detroit Salt,Midland,Early Fill,MDOT,early_fill,delivered,USD/short ton,1500.0,62.84,94260.0,,260000000712,award,price+volume,derived,MI_FY2027_DetroitSalt_260000000712.pdf,29,https://www.michigan.gov/dtmb/-/media/Project/Websites/dtmb/Procurement/Contracts/MiDEAL/002/260000000712.pdf?rev=8d4ed14d634d466fa9207bb1d92c2458&hash=AAB40CFD3A7E1C61C7C17CA7044DBB4B,79cde6947d8c40afaaa6880a47e91c0cbcc4dd6d45876106c1492033bd40ce51,2026-09-09T13:33:59,Sanford,
MI,2027,2026/2027,True,Detroit Salt,Midland,Early Fill,MiDEAL / State Agency,early_fill,delivered,USD/short ton,1500.0,62.84,94260.0,,260000000712,award,price+volume,derived,MI_FY2027_DetroitSalt_260000000712.pdf,37,https://www.michigan.gov/dtmb/-/media/Project/Websites/dtmb/Procurement/Contracts/MiDEAL/002/260000000712.pdf?rev=8d4ed14d634d466fa9207bb1d92c2458&hash=AAB40CFD3A7E1C61C7C17CA7044DBB4B,79cde6947d8c40afaaa6880a47e91c0cbcc4dd6d45876106c1492033bd40ce51,2026-09-09T13:33:59,"MIDLAND, CITY OF",
MI,2027,2026/2027,True,Detroit Salt,Midland,Early Fill,MiDEAL / State Agency,early_fill,delivered,USD/short ton,1700.0,62.84,106828.0,,260000000712,award,price+volume,derived,MI_FY2027_DetroitSalt_260000000712.pdf,37,https://www.michigan.gov/dtmb/-/media/Project/Websites/dtmb/Procurement/Contracts/MiDEAL/002/260000000712.pdf?rev=8d4ed14d634d466fa9207bb1d92c2458&hash=AAB40CFD3A7E1C61C7C17CA7044DBB4B,79cde6947d8c40afaaa6880a47e91c0cbcc4dd6d45876106c1492033bd40ce51,2026-09-09T13:33:59,MIDLAND COUNTY ROAD COMMISSION,
MI,2027,2026/2027,True,Detroit Salt,Missaukee,Early Fill,MDOT,early_fill,delivered,USD/short ton,1700.0,78.46,133382.0,,260000000712,award,price+volume,derived,MI_FY2027_DetroitSalt_260000000712.pdf,28,https://www.michigan.gov/dtmb/-/media/Project/Websites/dtmb/Procurement/Contracts/MiDEAL/002/260000000712.pdf?rev=8d4ed14d634d466fa9207bb1d92c2458&hash=AAB40CFD3A7E1C61C7C17CA7044DBB4B,79cde6947d8c40afaaa6880a47e91c0cbcc4dd6d45876106c1492033bd40ce51,2026-09-09T13:33:59,Lake City,
MI,2027,2026/2027,True,Detroit Salt,Missaukee,Early Fill,MiDEAL / State Agency,early_fill,delivered,USD/short ton,1100.0,78.46,86306.0,,260000000712,award,price+volume,derived,MI_FY2027_DetroitSalt_260000000712.pdf,35,https://www.michigan.gov/dtmb/-/media/Project/Websites/dtmb/Procurement/Contracts/MiDEAL/002/260000000712.pdf?rev=8d4ed14d634d466fa9207bb1d92c2458&hash=AAB40CFD3A7E1C61C7C17CA7044DBB4B,79cde6947d8c40afaaa6880a47e91c0cbcc4dd6d45876106c1492033bd40ce51,2026-09-09T13:33:59,MISSAUKEE COUNTY ROAD COMMISSION,
MI,2027,2026/2027,True,Detroit Salt,Monroe,Seasonal Back-Up,MiDEAL / State Agency,seasonal_backup,delivered,USD/short ton,2000.0,62.63,125260.0,,260000000713,award,price+volume,derived,MI_FY2027_CompassMinerals_260000000713.pdf,43,https://www.michigan.gov/dtmb/-/media/Project/Websites/dtmb/Procurement/Contracts/022/260000000713.pdf?rev=044d384e33124f69856ff95f406d8b63&hash=EDE0618298A9461C637E9129261588D0,b42001c1d85bb1aa8af53b05e4da59e2a811f76be17396a0792a82e3a7a14675,2026-09-09T13:34:00,MONROE COUNTY ROAD COMMISSION,
MI,2027,2026/2027,True,Detroit Salt,Monroe,Seasonal Back-Up,MiDEAL / State Agency,seasonal_backup,delivered,USD/short ton,1000.0,62.63,62630.0,,260000000713,award,price+volume,derived,MI_FY2027_CompassMinerals_260000000713.pdf,43,https://www.michigan.gov/dtmb/-/media/Project/Websites/dtmb/Procurement/Contracts/022/260000000713.pdf?rev=044d384e33124f69856ff95f406d8b63&hash=EDE0618298A9461C637E9129261588D0,b42001c1d85bb1aa8af53b05e4da59e2a811f76be17396a0792a82e3a7a14675,2026-09-09T13:34:00,MONROE COUNTY ROAD COMMISSION,
MI,2027,2026/2027,True,Detroit Salt,Monroe,Seasonal Back-Up,MiDEAL / State Agency,seasonal_backup,delivered,USD/short ton,1000.0,62.63,62630.0,,260000000713,award,price+volume,derived,MI_FY2027_CompassMinerals_260000000713.pdf,43,https://www.michigan.gov/dtmb/-/media/Project/Websites/dtmb/Procurement/Contracts/022/260000000713.pdf?rev=044d384e33124f69856ff95f406d8b63&hash=EDE0618298A9461C637E9129261588D0,b42001c1d85bb1aa8af53b05e4da59e2a811f76be17396a0792a82e3a7a14675,2026-09-09T13:34:00,MONROE COUNTY ROAD COMMISSION,
MI,2027,2026/2027,True,Detroit Salt,Monroe,Seasonal Back-Up,MiDEAL / State Agency,seasonal_backup,delivered,USD/short ton,1000.0,62.63,62630.0,,260000000713,award,price+volume,derived,MI_FY2027_CompassMinerals_260000000713.pdf,43,https://www.michigan.gov/dtmb/-/media/Project/Websites/dtmb/Procurement/Contracts/022/260000000713.pdf?rev=044d384e33124f69856ff95f406d8b63&hash=EDE0618298A9461C637E9129261588D0,b42001c1d85bb1aa8af53b05e4da59e2a811f76be17396a0792a82e3a7a14675,2026-09-09T13:34:00,MONROE COUNTY ROAD COMMISSION,
MI,2027,2026/2027,True,Detroit Salt,Monroe,Seasonal Back-Up,MiDEAL / State Agency,seasonal_backup,delivered,USD/short ton,300.0,62.63,18789.0,,260000000713,award,price+volume,derived,MI_FY2027_CompassMinerals_260000000713.pdf,43,https://www.michigan.gov/dtmb/-/media/Project/Websites/dtmb/Procurement/Contracts/022/260000000713.pdf?rev=044d384e33124f69856ff95f406d8b63&hash=EDE0618298A9461C637E9129261588D0,b42001c1d85bb1aa8af53b05e4da59e2a811f76be17396a0792a82e3a7a14675,2026-09-09T13:34:00,"DUNDEE, VILLAGE OF",
MI,2027,2026/2027,True,Detroit Salt,Monroe,Seasonal Back-Up,MiDEAL / State Agency,seasonal_backup,delivered,USD/short ton,500.0,62.63,31315.0,,260000000713,award,price+volume,derived,MI_FY2027_CompassMinerals_260000000713.pdf,43,https://www.michigan.gov/dtmb/-/media/Project/Websites/dtmb/Procurement/Contracts/022/260000000713.pdf?rev=044d384e33124f69856ff95f406d8b63&hash=EDE0618298A9461C637E9129261588D0,b42001c1d85bb1aa8af53b05e4da59e2a811f76be17396a0792a82e3a7a14675,2026-09-09T13:34:00,"MILAN, CITY OF",
MI,2027,2026/2027,True,Detroit Salt,Monroe,Seasonal Back-Up,MiDEAL / State Agency,seasonal_backup,delivered,USD/short ton,50.0,62.63,3131.5,,260000000713,award,price+volume,derived,MI_FY2027_CompassMinerals_260000000713.pdf,43,https://www.michigan.gov/dtmb/-/media/Project/Websites/dtmb/Procurement/Contracts/022/260000000713.pdf?rev=044d384e33124f69856ff95f406d8b63&hash=EDE0618298A9461C637E9129261588D0,b42001c1d85bb1aa8af53b05e4da59e2a811f76be17396a0792a82e3a7a14675,2026-09-09T13:34:00,JEFFERSON SCHOOLS,
MI,2027,2026/2027,True,Detroit Salt,Monroe,Seasonal Back-Up,MiDEAL / State Agency,seasonal_backup,delivered,USD/short ton,100.0,62.63,6263.0,,260000000713,award,price+volume,derived,MI_FY2027_CompassMinerals_260000000713.pdf,43,https://www.michigan.gov/dtmb/-/media/Project/Websites/dtmb/Procurement/Contracts/022/260000000713.pdf?rev=044d384e33124f69856ff95f406d8b63&hash=EDE0618298A9461C637E9129261588D0,b42001c1d85bb1aa8af53b05e4da59e2a811f76be17396a0792a82e3a7a14675,2026-09-09T13:34:00,"SOUTH ROCKWOOD, VILLAGE OF",
MI,2027,2026/2027,True,Detroit Salt,Monroe,Seasonal Back-Up,MiDEAL / State Agency,seasonal_backup,delivered,USD/short ton,50.0,62.63,3131.5,,260000000713,award,price+volume,derived,MI_FY2027_CompassMinerals_260000000713.pdf,43,https://www.michigan.gov/dtmb/-/media/Project/Websites/dtmb/Procurement/Contracts/022/260000000713.pdf?rev=044d384e33124f69856ff95f406d8b63&hash=EDE0618298A9461C637E9129261588D0,b42001c1d85bb1aa8af53b05e4da59e2a811f76be17396a0792a82e3a7a14675,2026-09-09T13:34:00,CARLETON VILLAGE OF,
MI,2027,2026/2027,True,Detroit Salt,Monroe,Early Fill,MDOT,early_fill,delivered,USD/short ton,1000.0,61.81,61810.0,,260000000712,award,price+volume,derived,MI_FY2027_DetroitSalt_260000000712.pdf,30,https://www.michigan.gov/dtmb/-/media/Project/Websites/dtmb/Procurement/Contracts/MiDEAL/002/260000000712.pdf?rev=8d4ed14d634d466fa9207bb1d92c2458&hash=AAB40CFD3A7E1C61C7C17CA7044DBB4B,79cde6947d8c40afaaa6880a47e91c0cbcc4dd6d45876106c1492033bd40ce51,2026-09-09T13:33:59,Dundee,
MI,2027,2026/2027,True,Detroit Salt,Monroe,Early Fill,MDOT,early_fill,delivered,USD/short ton,3000.0,61.81,185430.0,,260000000712,award,price+volume,derived,MI_FY2027_DetroitSalt_260000000712.pdf,31,https://www.michigan.gov/dtmb/-/media/Project/Websites/dtmb/Procurement/Contracts/MiDEAL/002/260000000712.pdf?rev=8d4ed14d634d466fa9207bb1d92c2458&hash=AAB40CFD3A7E1C61C7C17CA7044DBB4B,79cde6947d8c40afaaa6880a47e91c0cbcc4dd6d45876106c1492033bd40ce51,2026-09-09T13:33:59,Carleton,
MI,2027,2026/2027,True,Detroit Salt,Monroe,Seasonal Back-Up,MDOT,seasonal_backup,delivered,USD/short ton,1100.0,62.63,68893.0,,260000000712,award,price+volume,derived,MI_FY2027_DetroitSalt_260000000712.pdf,34,https://www.michigan.gov/dtmb/-/media/Project/Websites/dtmb/Procurement/Contracts/MiDEAL/002/260000000712.pdf?rev=8d4ed14d634d466fa9207bb1d92c2458&hash=AAB40CFD3A7E1C61C7C17CA7044DBB4B,79cde6947d8c40afaaa6880a47e91c0cbcc4dd6d45876106c1492033bd40ce51,2026-09-09T13:33:59,Dundee,
MI,2027,2026/2027,True,Detroit Salt,Monroe,Seasonal Back-Up,MDOT,seasonal_backup,delivered,USD/short ton,1500.0,62.63,93945.0,,260000000712,award,price+volume,derived,MI_FY2027_DetroitSalt_260000000712.pdf,34,https://www.michigan.gov/dtmb/-/media/Project/Websites/dtmb/Procurement/Contracts/MiDEAL/002/260000000712.pdf?rev=8d4ed14d634d466fa9207bb1d92c2458&hash=AAB40CFD3A7E1C61C7C17CA7044DBB4B,79cde6947d8c40afaaa6880a47e91c0cbcc4dd6d45876106c1492033bd40ce51,2026-09-09T13:33:59,Carleton,
MI,2027,2026/2027,True,Detroit Salt,Monroe,Seasonal Back-Up,MDOT,seasonal_backup,delivered,USD/short ton,1000.0,62.63,62630.0,,260000000712,award,price+volume,derived,MI_FY2027_DetroitSalt_260000000712.pdf,34,https://www.michigan.gov/dtmb/-/media/Project/Websites/dtmb/Procurement/Contracts/MiDEAL/002/260000000712.pdf?rev=8d4ed14d634d466fa9207bb1d92c2458&hash=AAB40CFD3A7E1C61C7C17CA7044DBB4B,79cde6947d8c40afaaa6880a47e91c0cbcc4dd6d45876106c1492033bd40ce51,2026-09-09T13:33:59,Erie,
MI,2027,2026/2027,True,Detroit Salt,Monroe,Early Fill,MiDEAL / State Agency,early_fill,delivered,USD/short ton,800.0,61.81,49448.0,,260000000712,award,price+volume,derived,MI_FY2027_DetroitSalt_260000000712.pdf,39,https://www.michigan.gov/dtmb/-/media/Project/Websites/dtmb/Procurement/Contracts/MiDEAL/002/260000000712.pdf?rev=8d4ed14d634d466fa9207bb1d92c2458&hash=AAB40CFD3A7E1C61C7C17CA7044DBB4B,79cde6947d8c40afaaa6880a47e91c0cbcc4dd6d45876106c1492033bd40ce51,2026-09-09T13:33:59,MONROE COUNTY ROAD COMMISSION,
MI,2027,2026/2027,True,Detroit Salt,Monroe,Early Fill,MiDEAL / State Agency,early_fill,delivered,USD/short ton,50.0,61.81,3090.5,,260000000712,award,price+volume,derived,MI_FY2027_DetroitSalt_260000000712.pdf,39,https://www.michigan.gov/dtmb/-/media/Project/Websites/dtmb/Procurement/Contracts/MiDEAL/002/260000000712.pdf?rev=8d4ed14d634d466fa9207bb1d92c2458&hash=AAB40CFD3A7E1C61C7C17CA7044DBB4B,79cde6947d8c40afaaa6880a47e91c0cbcc4dd6d45876106c1492033bd40ce51,2026-09-09T13:33:59,CARLETON VILLAGE OF,
MI,2027,2026/2027,True,Detroit Salt,Monroe,Early Fill,MiDEAL / State Agency,early_fill,delivered,USD/short ton,300.0,61.81,18543.0,,260000000712,award,price+volume,derived,MI_FY2027_DetroitSalt_260000000712.pdf,39,https://www.michigan.gov/dtmb/-/media/Project/Websites/dtmb/Procurement/Contracts/MiDEAL/002/260000000712.pdf?rev=8d4ed14d634d466fa9207bb1d92c2458&hash=AAB40CFD3A7E1C61C7C17CA7044DBB4B,79cde6947d8c40afaaa6880a47e91c0cbcc4dd6d45876106c1492033bd40ce51,2026-09-09T13:33:59,"DUNDEE, VILLAGE OF",
MI,2027,2026/2027,True,Detroit Salt,Monroe,Early Fill,MiDEAL / State Agency,early_fill,delivered,USD/short ton,50.0,61.81,3090.5,,260000000712,award,price+volume,derived,MI_FY2027_DetroitSalt_260000000712.pdf,39,https://www.michigan.gov/dtmb/-/media/Project/Websites/dtmb/Procurement/Contracts/MiDEAL/002/260000000712.pdf?rev=8d4ed14d634d466fa9207bb1d92c2458&hash=AAB40CFD3A7E1C61C7C17CA7044DBB4B,79cde6947d8c40afaaa6880a47e91c0cbcc4dd6d45876106c1492033bd40ce51,2026-09-09T13:33:59,JEFFERSON SCHOOLS,
MI,2027,2026/2027,True,Detroit Salt,Monroe,Early Fill,MiDEAL / State Agency,early_fill,delivered,USD/short ton,1300.0,61.81,80353.0,,260000000712,award,price+volume,derived,MI_FY2027_DetroitSalt_260000000712.pdf,39,https://www.michigan.gov/dtmb/-/media/Project/Websites/dtmb/Procurement/Contracts/MiDEAL/002/260000000712.pdf?rev=8d4ed14d634d466fa9207bb1d92c2458&hash=AAB40CFD3A7E1C61C7C17CA7044DBB4B,79cde6947d8c40afaaa6880a47e91c0cbcc4dd6d45876106c1492033bd40ce51,2026-09-09T13:33:59,MONROE COUNTY ROAD COMMISSION,
MI,2027,2026/2027,True,Detroit Salt,Monroe,Early Fill,MiDEAL / State Agency,early_fill,delivered,USD/short ton,500.0,61.81,30905.0,,260000000712,award,price+volume,derived,MI_FY2027_DetroitSalt_260000000712.pdf,39,https://www.michigan.gov/dtmb/-/media/Project/Websites/dtmb/Procurement/Contracts/MiDEAL/002/260000000712.pdf?rev=8d4ed14d634d466fa9207bb1d92c2458&hash=AAB40CFD3A7E1C61C7C17CA7044DBB4B,79cde6947d8c40afaaa6880a47e91c0cbcc4dd6d45876106c1492033bd40ce51,2026-09-09T13:33:59,MONROE COUNTY ROAD COMMISSION,
MI,2027,2026/2027,True,Detroit Salt,Monroe,Early Fill,MiDEAL / State Agency,early_fill,delivered,USD/short ton,1100.0,61.81,67991.0,,260000000712,award,price+volume,derived,MI_FY2027_DetroitSalt_260000000712.pdf,39,https://www.michigan.gov/dtmb/-/media/Project/Websites/dtmb/Procurement/Contracts/MiDEAL/002/260000000712.pdf?rev=8d4ed14d634d466fa9207bb1d92c2458&hash=AAB40CFD3A7E1C61C7C17CA7044DBB4B,79cde6947d8c40afaaa6880a47e91c0cbcc4dd6d45876106c1492033bd40ce51,2026-09-09T13:33:59,MONROE COUNTY ROAD COMMISSION,
MI,2027,2026/2027,True,Detroit Salt,Montcalm,Early Fill,MiDEAL / State Agency,early_fill,delivered,USD/short ton,200.0,87.27,17454.0,,260000000712,award,price+volume,derived,MI_FY2027_DetroitSalt_260000000712.pdf,36,https://www.michigan.gov/dtmb/-/media/Project/Websites/dtmb/Procurement/Contracts/MiDEAL/002/260000000712.pdf?rev=8d4ed14d634d466fa9207bb1d92c2458&hash=AAB40CFD3A7E1C61C7C17CA7044DBB4B,79cde6947d8c40afaaa6880a47e91c0cbcc4dd6d45876106c1492033bd40ce51,2026-09-09T13:33:59,"HOWARD CITY, VILLAGE OF",
MI,2027,2026/2027,True,Detroit Salt,Montcalm,Early Fill,MiDEAL / State Agency,early_fill,delivered,USD/short ton,150.0,87.27,13090.5,,260000000712,award,price+volume,derived,MI_FY2027_DetroitSalt_260000000712.pdf,36,https://www.michigan.gov/dtmb/-/media/Project/Websites/dtmb/Procurement/Contracts/MiDEAL/002/260000000712.pdf?rev=8d4ed14d634d466fa9207bb1d92c2458&hash=AAB40CFD3A7E1C61C7C17CA7044DBB4B,79cde6947d8c40afaaa6880a47e91c0cbcc4dd6d45876106c1492033bd40ce51,2026-09-09T13:33:59,"LAKEVIEW, VILLAGE OF",
MI,2027,2026/2027,True,Detroit Salt,Montcalm,Early Fill,MiDEAL / State Agency,early_fill,delivered,USD/short ton,100.0,87.27,8727.0,,260000000712,award,price+volume,derived,MI_FY2027_DetroitSalt_260000000712.pdf,36,https://www.michigan.gov/dtmb/-/media/Project/Websites/dtmb/Procurement/Contracts/MiDEAL/002/260000000712.pdf?rev=8d4ed14d634d466fa9207bb1d92c2458&hash=AAB40CFD3A7E1C61C7C17CA7044DBB4B,79cde6947d8c40afaaa6880a47e91c0cbcc4dd6d45876106c1492033bd40ce51,2026-09-09T13:33:59,"GREENVILLE, CITY OF",
MI,2027,2026/2027,True,Detroit Salt,Montcalm,Early Fill,MiDEAL / State Agency,early_fill,delivered,USD/short ton,100.0,87.27,8727.0,,260000000712,award,price+volume,derived,MI_FY2027_DetroitSalt_260000000712.pdf,36,https://www.michigan.gov/dtmb/-/media/Project/Websites/dtmb/Procurement/Contracts/MiDEAL/002/260000000712.pdf?rev=8d4ed14d634d466fa9207bb1d92c2458&hash=AAB40CFD3A7E1C61C7C17CA7044DBB4B,79cde6947d8c40afaaa6880a47e91c0cbcc4dd6d45876106c1492033bd40ce51,2026-09-09T13:33:59,"GREENVILLE, CITY OF",
MI,2027,2026/2027,True,Detroit Salt,Montcalm,Early Fill,MiDEAL / State Agency,early_fill,delivered,USD/short ton,50.0,87.27,4363.5,,260000000712,award,price+volume,derived,MI_FY2027_DetroitSalt_260000000712.pdf,36,https://www.michigan.gov/dtmb/-/media/Project/Websites/dtmb/Procurement/Contracts/MiDEAL/002/260000000712.pdf?rev=8d4ed14d634d466fa9207bb1d92c2458&hash=AAB40CFD3A7E1C61C7C17CA7044DBB4B,79cde6947d8c40afaaa6880a47e91c0cbcc4dd6d45876106c1492033bd40ce51,2026-09-09T13:33:59,TRI-COUNTY SCHOOLS,
MI,2027,2026/2027,True,Detroit Salt,Muskegon,Early Fill,MiDEAL / State Agency,early_fill,delivered,USD/short ton,50.0,71.92,3596.0,,260000000712,award,price+volume,derived,MI_FY2027_DetroitSalt_260000000712.pdf,36,https://www.michigan.gov/dtmb/-/media/Project/Websites/dtmb/Procurement/Contracts/MiDEAL/002/260000000712.pdf?rev=8d4ed14d634d466fa9207bb1d92c2458&hash=AAB40CFD3A7E1C61C7C17CA7044DBB4B,79cde6947d8c40afaaa6880a47e91c0cbcc4dd6d45876106c1492033bd40ce51,2026-09-09T13:33:59,MDOC-Muskegon Correctional Facility-AGENCY,
MI,2027,2026/2027,True,Detroit Salt,Muskegon,Early Fill,MiDEAL / State Agency,early_fill,delivered,USD/short ton,100.0,71.92,7192.0,,260000000712,award,price+volume,derived,MI_FY2027_DetroitSalt_260000000712.pdf,36,https://www.michigan.gov/dtmb/-/media/Project/Websites/dtmb/Procurement/Contracts/MiDEAL/002/260000000712.pdf?rev=8d4ed14d634d466fa9207bb1d92c2458&hash=AAB40CFD3A7E1C61C7C17CA7044DBB4B,79cde6947d8c40afaaa6880a47e91c0cbcc4dd6d45876106c1492033bd40ce51,2026-09-09T13:33:59,"FRUITPORT, VILLAGE OF",
MI,2027,2026/2027,True,Detroit Salt,Muskegon,Early Fill,MiDEAL / State Agency,early_fill,delivered,USD/short ton,50.0,71.92,3596.0,,260000000712,award,price+volume,derived,MI_FY2027_DetroitSalt_260000000712.pdf,36,https://www.michigan.gov/dtmb/-/media/Project/Websites/dtmb/Procurement/Contracts/MiDEAL/002/260000000712.pdf?rev=8d4ed14d634d466fa9207bb1d92c2458&hash=AAB40CFD3A7E1C61C7C17CA7044DBB4B,79cde6947d8c40afaaa6880a47e91c0cbcc4dd6d45876106c1492033bd40ce51,2026-09-09T13:33:59,"RAVENNA, VILLAGE OF",
MI,2027,2026/2027,True,Detroit Salt,Muskegon,Early Fill,MiDEAL / State Agency,early_fill,delivered,USD/short ton,50.0,71.92,3596.0,,260000000712,award,price+volume,derived,MI_FY2027_DetroitSalt_260000000712.pdf,36,https://www.michigan.gov/dtmb/-/media/Project/Websites/dtmb/Procurement/Contracts/MiDEAL/002/260000000712.pdf?rev=8d4ed14d634d466fa9207bb1d92c2458&hash=AAB40CFD3A7E1C61C7C17CA7044DBB4B,79cde6947d8c40afaaa6880a47e91c0cbcc4dd6d45876106c1492033bd40ce51,2026-09-09T13:33:59,MDOC-E C BROOKS CORRECTIONAL FACILITY - AGENCY,
MI,2027,2026/2027,True,Detroit Salt,Oakland,Seasonal Back-Up,MiDEAL / State Agency,seasonal_backup,delivered,USD/short ton,250.0,65.0,16250.0,,260000000713,award,price+volume,derived,MI_FY2027_CompassMinerals_260000000713.pdf,44,https://www.michigan.gov/dtmb/-/media/Project/Websites/dtmb/Procurement/Contracts/022/260000000713.pdf?rev=044d384e33124f69856ff95f406d8b63&hash=EDE0618298A9461C637E9129261588D0,b42001c1d85bb1aa8af53b05e4da59e2a811f76be17396a0792a82e3a7a14675,2026-09-09T13:34:00,OAKLAND COMMUNITY COLLEGE,
MI,2027,2026/2027,True,Detroit Salt,Oakland,Seasonal Back-Up,MiDEAL / State Agency,seasonal_backup,delivered,USD/short ton,250.0,65.0,16250.0,,260000000713,award,price+volume,derived,MI_FY2027_CompassMinerals_260000000713.pdf,44,https://www.michigan.gov/dtmb/-/media/Project/Websites/dtmb/Procurement/Contracts/022/260000000713.pdf?rev=044d384e33124f69856ff95f406d8b63&hash=EDE0618298A9461C637E9129261588D0,b42001c1d85bb1aa8af53b05e4da59e2a811f76be17396a0792a82e3a7a14675,2026-09-09T13:34:00,OAKLAND COMMUNITY COLLEGE,
MI,2027,2026/2027,True,Detroit Salt,Oakland,Seasonal Back-Up,MiDEAL / State Agency,seasonal_backup,delivered,USD/short ton,150.0,65.0,9750.0,,260000000713,award,price+volume,derived,MI_FY2027_CompassMinerals_260000000713.pdf,44,https://www.michigan.gov/dtmb/-/media/Project/Websites/dtmb/Procurement/Contracts/022/260000000713.pdf?rev=044d384e33124f69856ff95f406d8b63&hash=EDE0618298A9461C637E9129261588D0,b42001c1d85bb1aa8af53b05e4da59e2a811f76be17396a0792a82e3a7a14675,2026-09-09T13:34:00,OAKLAND COMMUNITY COLLEGE,
MI,2027,2026/2027,True,Detroit Salt,Oakland,Seasonal Back-Up,MiDEAL / State Agency,seasonal_backup,delivered,USD/short ton,1200.0,65.0,78000.0,,260000000713,award,price+volume,derived,MI_FY2027_CompassMinerals_260000000713.pdf,44,https://www.michigan.gov/dtmb/-/media/Project/Websites/dtmb/Procurement/Contracts/022/260000000713.pdf?rev=044d384e33124f69856ff95f406d8b63&hash=EDE0618298A9461C637E9129261588D0,b42001c1d85bb1aa8af53b05e4da59e2a811f76be17396a0792a82e3a7a14675,2026-09-09T13:34:00,"FERNDALE, CITY OF",
MI,2027,2026/2027,True,Detroit Salt,Oakland,Seasonal Back-Up,MiDEAL / State Agency,seasonal_backup,delivered,USD/short ton,1000.0,65.0,65000.0,,260000000713,award,price+volume,derived,MI_FY2027_CompassMinerals_260000000713.pdf,44,https://www.michigan.gov/dtmb/-/media/Project/Websites/dtmb/Procurement/Contracts/022/260000000713.pdf?rev=044d384e33124f69856ff95f406d8b63&hash=EDE0618298A9461C637E9129261588D0,b42001c1d85bb1aa8af53b05e4da59e2a811f76be17396a0792a82e3a7a14675,2026-09-09T13:34:00,OAKLAND UNIVERSITY,
MI,2027,2026/2027,True,Detroit Salt,Oakland,Seasonal Back-Up,MiDEAL / State Agency,seasonal_backup,delivered,USD/short ton,600.0,65.0,39000.0,,260000000713,award,price+volume,derived,MI_FY2027_CompassMinerals_260000000713.pdf,44,https://www.michigan.gov/dtmb/-/media/Project/Websites/dtmb/Procurement/Contracts/022/260000000713.pdf?rev=044d384e33124f69856ff95f406d8b63&hash=EDE0618298A9461C637E9129261588D0,b42001c1d85bb1aa8af53b05e4da59e2a811f76be17396a0792a82e3a7a14675,2026-09-09T13:34:00,"FARMINGTON, CITY OF",
MI,2027,2026/2027,True,Detroit Salt,Oakland,Seasonal Back-Up,MiDEAL / State Agency,seasonal_backup,delivered,USD/short ton,500.0,65.0,32500.0,,260000000713,award,price+volume,derived,MI_FY2027_CompassMinerals_260000000713.pdf,44,https://www.michigan.gov/dtmb/-/media/Project/Websites/dtmb/Procurement/Contracts/022/260000000713.pdf?rev=044d384e33124f69856ff95f406d8b63&hash=EDE0618298A9461C637E9129261588D0,b42001c1d85bb1aa8af53b05e4da59e2a811f76be17396a0792a82e3a7a14675,2026-09-09T13:34:00,"OAKLAND, COUNTY OF",
MI,2027,2026/2027,True,Detroit Salt,Oakland,Seasonal Back-Up,MiDEAL / State Agency,seasonal_backup,delivered,USD/short ton,1200.0,65.0,78000.0,,260000000713,award,price+volume,derived,MI_FY2027_CompassMinerals_260000000713.pdf,44,https://www.michigan.gov/dtmb/-/media/Project/Websites/dtmb/Procurement/Contracts/022/260000000713.pdf?rev=044d384e33124f69856ff95f406d8b63&hash=EDE0618298A9461C637E9129261588D0,b42001c1d85bb1aa8af53b05e4da59e2a811f76be17396a0792a82e3a7a14675,2026-09-09T13:34:00,ROCHESTER COMMUNITY SCHOOL DISTRICT,
MI,2027,2026/2027,True,Detroit Salt,Oakland,Seasonal Back-Up,MiDEAL / State Agency,seasonal_backup,delivered,USD/short ton,3000.0,65.0,195000.0,,260000000713,award,price+volume,derived,MI_FY2027_CompassMinerals_260000000713.pdf,44,https://www.michigan.gov/dtmb/-/media/Project/Websites/dtmb/Procurement/Contracts/022/260000000713.pdf?rev=044d384e33124f69856ff95f406d8b63&hash=EDE0618298A9461C637E9129261588D0,b42001c1d85bb1aa8af53b05e4da59e2a811f76be17396a0792a82e3a7a14675,2026-09-09T13:34:00,"MADISON HEIGHTS, CITY OF",
MI,2027,2026/2027,True,Detroit Salt,Oakland,Seasonal Back-Up,MiDEAL / State Agency,seasonal_backup,delivered,USD/short ton,700.0,65.0,45500.0,,260000000713,award,price+volume,derived,MI_FY2027_CompassMinerals_260000000713.pdf,44,https://www.michigan.gov/dtmb/-/media/Project/Websites/dtmb/Procurement/Contracts/022/260000000713.pdf?rev=044d384e33124f69856ff95f406d8b63&hash=EDE0618298A9461C637E9129261588D0,b42001c1d85bb1aa8af53b05e4da59e2a811f76be17396a0792a82e3a7a14675,2026-09-09T13:34:00,FARMINGTON PUBLIC SCHOOLS,
MI,2027,2026/2027,True,Detroit Salt,Oakland,Seasonal Back-Up,MiDEAL / State Agency,seasonal_backup,delivered,USD/short ton,1500.0,65.0,97500.0,,260000000713,award,price+volume,derived,MI_FY2027_CompassMinerals_260000000713.pdf,44,https://www.michigan.gov/dtmb/-/media/Project/Websites/dtmb/Procurement/Contracts/022/260000000713.pdf?rev=044d384e33124f69856ff95f406d8b63&hash=EDE0618298A9461C637E9129261588D0,b42001c1d85bb1aa8af53b05e4da59e2a811f76be17396a0792a82e3a7a14675,2026-09-09T13:34:00,"ROYAL OAK, CITY OF",
MI,2027,2026/2027,True,Detroit Salt,Oakland,Seasonal Back-Up,MiDEAL / State Agency,seasonal_backup,delivered,USD/short ton,8000.0,65.0,520000.0,,260000000713,award,price+volume,derived,MI_FY2027_CompassMinerals_260000000713.pdf,44,https://www.michigan.gov/dtmb/-/media/Project/Websites/dtmb/Procurement/Contracts/022/260000000713.pdf?rev=044d384e33124f69856ff95f406d8b63&hash=EDE0618298A9461C637E9129261588D0,b42001c1d85bb1aa8af53b05e4da59e2a811f76be17396a0792a82e3a7a14675,2026-09-09T13:34:00,"TROY, CITY OF",
MI,2027,2026/2027,True,Detroit Salt,Oakland,Seasonal Back-Up,MiDEAL / State Agency,seasonal_backup,delivered,USD/short ton,550.0,65.0,35750.0,,260000000713,award,price+volume,derived,MI_FY2027_CompassMinerals_260000000713.pdf,44,https://www.michigan.gov/dtmb/-/media/Project/Websites/dtmb/Procurement/Contracts/022/260000000713.pdf?rev=044d384e33124f69856ff95f406d8b63&hash=EDE0618298A9461C637E9129261588D0,b42001c1d85bb1aa8af53b05e4da59e2a811f76be17396a0792a82e3a7a14675,2026-09-09T13:34:00,Wolverine Lake Village of,
MI,2027,2026/2027,True,Detroit Salt,Oakland,Seasonal Back-Up,MiDEAL / State Agency,seasonal_backup,delivered,USD/short ton,300.0,65.0,19500.0,,260000000713,award,price+volume,derived,MI_FY2027_CompassMinerals_260000000713.pdf,44,https://www.michigan.gov/dtmb/-/media/Project/Websites/dtmb/Procurement/Contracts/022/260000000713.pdf?rev=044d384e33124f69856ff95f406d8b63&hash=EDE0618298A9461C637E9129261588D0,b42001c1d85bb1aa8af53b05e4da59e2a811f76be17396a0792a82e3a7a14675,2026-09-09T13:34:00,"ORTONVILLE, VILLAGE OF",
MI,2027,2026/2027,True,Detroit Salt,Oakland,Seasonal Back-Up,MiDEAL / State Agency,seasonal_backup,delivered,USD/short ton,1000.0,65.0,65000.0,,260000000713,award,price+volume,derived,MI_FY2027_CompassMinerals_260000000713.pdf,44,https://www.michigan.gov/dtmb/-/media/Project/Websites/dtmb/Procurement/Contracts/022/260000000713.pdf?rev=044d384e33124f69856ff95f406d8b63&hash=EDE0618298A9461C637E9129261588D0,b42001c1d85bb1aa8af53b05e4da59e2a811f76be17396a0792a82e3a7a14675,2026-09-09T13:34:00,"SOUTH LYON, CITY OF",
MI,2027,2026/2027,True,Detroit Salt,Oakland,Seasonal Back-Up,MiDEAL / State Agency,seasonal_backup,delivered,USD/short ton,100.0,65.0,6500.0,,260000000713,award,price+volume,derived,MI_FY2027_CompassMinerals_260000000713.pdf,44,https://www.michigan.gov/dtmb/-/media/Project/Websites/dtmb/Procurement/Contracts/022/260000000713.pdf?rev=044d384e33124f69856ff95f406d8b63&hash=EDE0618298A9461C637E9129261588D0,b42001c1d85bb1aa8af53b05e4da59e2a811f76be17396a0792a82e3a7a14675,2026-09-09T13:34:00,"BEVERLY HILLS, VILLAGE OF",
MI,2027,2026/2027,True,Detroit Salt,Oakland,Seasonal Back-Up,MiDEAL / State Agency,seasonal_backup,delivered,USD/short ton,550.0,65.0,35750.0,,260000000713,award,price+volume,derived,MI_FY2027_CompassMinerals_260000000713.pdf,44,https://www.michigan.gov/dtmb/-/media/Project/Websites/dtmb/Procurement/Contracts/022/260000000713.pdf?rev=044d384e33124f69856ff95f406d8b63&hash=EDE0618298A9461C637E9129261588D0,b42001c1d85bb1aa8af53b05e4da59e2a811f76be17396a0792a82e3a7a14675,2026-09-09T13:34:00,"OXFORD, VILLAGE OF",
MI,2027,2026/2027,True,Detroit Salt,Oakland,Seasonal Back-Up,MiDEAL / State Agency,seasonal_backup,delivered,USD/short ton,650.0,65.0,42250.0,,260000000713,award,price+volume,derived,MI_FY2027_CompassMinerals_260000000713.pdf,44,https://www.michigan.gov/dtmb/-/media/Project/Websites/dtmb/Procurement/Contracts/022/260000000713.pdf?rev=044d384e33124f69856ff95f406d8b63&hash=EDE0618298A9461C637E9129261588D0,b42001c1d85bb1aa8af53b05e4da59e2a811f76be17396a0792a82e3a7a14675,2026-09-09T13:34:00,"HAZEL PARK, CITY OF",
MI,2027,2026/2027,True,Detroit Salt,Oakland,Seasonal Back-Up,MiDEAL / State Agency,seasonal_backup,delivered,USD/short ton,6000.0,65.0,390000.0,,260000000713,award,price+volume,derived,MI_FY2027_CompassMinerals_260000000713.pdf,44,https://www.michigan.gov/dtmb/-/media/Project/Websites/dtmb/Procurement/Contracts/022/260000000713.pdf?rev=044d384e33124f69856ff95f406d8b63&hash=EDE0618298A9461C637E9129261588D0,b42001c1d85bb1aa8af53b05e4da59e2a811f76be17396a0792a82e3a7a14675,2026-09-09T13:34:00,OAKLAND COUNTY ROAD COMMISSION,
MI,2027,2026/2027,True,Detroit Salt,Oakland,Seasonal Back-Up,MiDEAL / State Agency,seasonal_backup,delivered,USD/short ton,13100.0,65.0,851500.0,,260000000713,award,price+volume,derived,MI_FY2027_CompassMinerals_260000000713.pdf,44,https://www.michigan.gov/dtmb/-/media/Project/Websites/dtmb/Procurement/Contracts/022/260000000713.pdf?rev=044d384e33124f69856ff95f406d8b63&hash=EDE0618298A9461C637E9129261588D0,b42001c1d85bb1aa8af53b05e4da59e2a811f76be17396a0792a82e3a7a14675,2026-09-09T13:34:00,OAKLAND COUNTY ROAD COMMISSION,
MI,2027,2026/2027,True,Detroit Salt,Oakland,Seasonal Back-Up,MiDEAL / State Agency,seasonal_backup,delivered,USD/short ton,15800.0,65.0,1027000.0,,260000000713,award,price+volume,derived,MI_FY2027_CompassMinerals_260000000713.pdf,44,https://www.michigan.gov/dtmb/-/media/Project/Websites/dtmb/Procurement/Contracts/022/260000000713.pdf?rev=044d384e33124f69856ff95f406d8b63&hash=EDE0618298A9461C637E9129261588D0,b42001c1d85bb1aa8af53b05e4da59e2a811f76be17396a0792a82e3a7a14675,2026-09-09T13:34:00,OAKLAND COUNTY ROAD COMMISSION,
MI,2027,2026/2027,True,Detroit Salt,Oakland,Seasonal Back-Up,MiDEAL / State Agency,seasonal_backup,delivered,USD/short ton,9800.0,65.0,637000.0,,260000000713,award,price+volume,derived,MI_FY2027_CompassMinerals_260000000713.pdf,44,https://www.michigan.gov/dtmb/-/media/Project/Websites/dtmb/Procurement/Contracts/022/260000000713.pdf?rev=044d384e33124f69856ff95f406d8b63&hash=EDE0618298A9461C637E9129261588D0,b42001c1d85bb1aa8af53b05e4da59e2a811f76be17396a0792a82e3a7a14675,2026-09-09T13:34:00,OAKLAND COUNTY ROAD COMMISSION,
MI,2027,2026/2027,True,Detroit Salt,Oakland,Seasonal Back-Up,MiDEAL / State Agency,seasonal_backup,delivered,USD/short ton,9500.0,65.0,617500.0,,260000000713,award,price+volume,derived,MI_FY2027_CompassMinerals_260000000713.pdf,44,https://www.michigan.gov/dtmb/-/media/Project/Websites/dtmb/Procurement/Contracts/022/260000000713.pdf?rev=044d384e33124f69856ff95f406d8b63&hash=EDE0618298A9461C637E9129261588D0,b42001c1d85bb1aa8af53b05e4da59e2a811f76be17396a0792a82e3a7a14675,2026-09-09T13:34:00,OAKLAND COUNTY ROAD COMMISSION,
MI,2027,2026/2027,True,Detroit Salt,Oakland,Seasonal Back-Up,MiDEAL / State Agency,seasonal_backup,delivered,USD/short ton,12800.0,65.0,832000.0,,260000000713,award,price+volume,derived,MI_FY2027_CompassMinerals_260000000713.pdf,44,https://www.michigan.gov/dtmb/-/media/Project/Websites/dtmb/Procurement/Contracts/022/260000000713.pdf?rev=044d384e33124f69856ff95f406d8b63&hash=EDE0618298A9461C637E9129261588D0,b42001c1d85bb1aa8af53b05e4da59e2a811f76be17396a0792a82e3a7a14675,2026-09-09T13:34:00,OAKLAND COUNTY ROAD COMMISSION,
MI,2027,2026/2027,True,Detroit Salt,Oakland,Seasonal Back-Up,MiDEAL / State Agency,seasonal_backup,delivered,USD/short ton,2000.0,65.0,130000.0,,260000000713,award,price+volume,derived,MI_FY2027_CompassMinerals_260000000713.pdf,44,https://www.michigan.gov/dtmb/-/media/Project/Websites/dtmb/Procurement/Contracts/022/260000000713.pdf?rev=044d384e33124f69856ff95f406d8b63&hash=EDE0618298A9461C637E9129261588D0,b42001c1d85bb1aa8af53b05e4da59e2a811f76be17396a0792a82e3a7a14675,2026-09-09T13:34:00,"BIRMINGHAM, CITY OF",
MI,2027,2026/2027,True,Detroit Salt,Oakland,Seasonal Back-Up,MiDEAL / State Agency,seasonal_backup,delivered,USD/short ton,1600.0,65.0,104000.0,,260000000713,award,price+volume,derived,MI_FY2027_CompassMinerals_260000000713.pdf,44,https://www.michigan.gov/dtmb/-/media/Project/Websites/dtmb/Procurement/Contracts/022/260000000713.pdf?rev=044d384e33124f69856ff95f406d8b63&hash=EDE0618298A9461C637E9129261588D0,b42001c1d85bb1aa8af53b05e4da59e2a811f76be17396a0792a82e3a7a14675,2026-09-09T13:34:00,"OAK PARK, CITY OF",
MI,2027,2026/2027,True,Detroit Salt,Oakland,Seasonal Back-Up,MiDEAL / State Agency,seasonal_backup,delivered,USD/short ton,700.0,65.0,45500.0,,260000000713,award,price+volume,derived,MI_FY2027_CompassMinerals_260000000713.pdf,44,https://www.michigan.gov/dtmb/-/media/Project/Websites/dtmb/Procurement/Contracts/022/260000000713.pdf?rev=044d384e33124f69856ff95f406d8b63&hash=EDE0618298A9461C637E9129261588D0,b42001c1d85bb1aa8af53b05e4da59e2a811f76be17396a0792a82e3a7a14675,2026-09-09T13:34:00,"MILFORD, VILLAGE OF",
MI,2027,2026/2027,True,Detroit Salt,Oakland,Seasonal Back-Up,MiDEAL / State Agency,seasonal_backup,delivered,USD/short ton,200.0,65.0,13000.0,,260000000713,award,price+volume,derived,MI_FY2027_CompassMinerals_260000000713.pdf,44,https://www.michigan.gov/dtmb/-/media/Project/Websites/dtmb/Procurement/Contracts/022/260000000713.pdf?rev=044d384e33124f69856ff95f406d8b63&hash=EDE0618298A9461C637E9129261588D0,b42001c1d85bb1aa8af53b05e4da59e2a811f76be17396a0792a82e3a7a14675,2026-09-09T13:34:00,BRANDON SCHOOL DISTRICT,
MI,2027,2026/2027,True,Detroit Salt,Oakland,Seasonal Back-Up,MiDEAL / State Agency,seasonal_backup,delivered,USD/short ton,600.0,65.0,39000.0,,260000000713,award,price+volume,derived,MI_FY2027_CompassMinerals_260000000713.pdf,44,https://www.michigan.gov/dtmb/-/media/Project/Websites/dtmb/Procurement/Contracts/022/260000000713.pdf?rev=044d384e33124f69856ff95f406d8b63&hash=EDE0618298A9461C637E9129261588D0,b42001c1d85bb1aa8af53b05e4da59e2a811f76be17396a0792a82e3a7a14675,2026-09-09T13:34:00,WALLED LAKE CONSOLIDATED SCHOOLS,
MI,2027,2026/2027,True,Detroit Salt,Oakland,Seasonal Back-Up,MiDEAL / State Agency,seasonal_backup,delivered,USD/short ton,100.0,65.0,6500.0,,260000000713,award,price+volume,derived,MI_FY2027_CompassMinerals_260000000713.pdf,44,https://www.michigan.gov/dtmb/-/media/Project/Websites/dtmb/Procurement/Contracts/022/260000000713.pdf?rev=044d384e33124f69856ff95f406d8b63&hash=EDE0618298A9461C637E9129261588D0,b42001c1d85bb1aa8af53b05e4da59e2a811f76be17396a0792a82e3a7a14675,2026-09-09T13:34:00,HOLLY SCHOOL DISTRICT,
MI,2027,2026/2027,True,Detroit Salt,Oakland,Seasonal Back-Up,MiDEAL / State Agency,seasonal_backup,delivered,USD/short ton,300.0,65.0,19500.0,,260000000713,award,price+volume,derived,MI_FY2027_CompassMinerals_260000000713.pdf,44,https://www.michigan.gov/dtmb/-/media/Project/Websites/dtmb/Procurement/Contracts/022/260000000713.pdf?rev=044d384e33124f69856ff95f406d8b63&hash=EDE0618298A9461C637E9129261588D0,b42001c1d85bb1aa8af53b05e4da59e2a811f76be17396a0792a82e3a7a14675,2026-09-09T13:34:00,"LAKE ORION, VILLAGE OF",
MI,2027,2026/2027,True,Detroit Salt,Oakland,Seasonal Back-Up,MiDEAL / State Agency,seasonal_backup,delivered,USD/short ton,1000.0,65.0,65000.0,,260000000713,award,price+volume,derived,MI_FY2027_CompassMinerals_260000000713.pdf,44,https://www.michigan.gov/dtmb/-/media/Project/Websites/dtmb/Procurement/Contracts/022/260000000713.pdf?rev=044d384e33124f69856ff95f406d8b63&hash=EDE0618298A9461C637E9129261588D0,b42001c1d85bb1aa8af53b05e4da59e2a811f76be17396a0792a82e3a7a14675,2026-09-09T13:34:00,HURON VALLEY SCHOOLS,
MI,2027,2026/2027,True,Detroit Salt,Oakland,Seasonal Back-Up,MiDEAL / State Agency,seasonal_backup,delivered,USD/short ton,350.0,65.0,22750.0,,260000000713,award,price+volume,derived,MI_FY2027_CompassMinerals_260000000713.pdf,44,https://www.michigan.gov/dtmb/-/media/Project/Websites/dtmb/Procurement/Contracts/022/260000000713.pdf?rev=044d384e33124f69856ff95f406d8b63&hash=EDE0618298A9461C637E9129261588D0,b42001c1d85bb1aa8af53b05e4da59e2a811f76be17396a0792a82e3a7a14675,2026-09-09T13:34:00,"KEEGO HARBOR, CITY OF",
MI,2027,2026/2027,True,Detroit Salt,Oakland,Seasonal Back-Up,MiDEAL / State Agency,seasonal_backup,delivered,USD/short ton,1200.0,65.0,78000.0,,260000000713,award,price+volume,derived,MI_FY2027_CompassMinerals_260000000713.pdf,44,https://www.michigan.gov/dtmb/-/media/Project/Websites/dtmb/Procurement/Contracts/022/260000000713.pdf?rev=044d384e33124f69856ff95f406d8b63&hash=EDE0618298A9461C637E9129261588D0,b42001c1d85bb1aa8af53b05e4da59e2a811f76be17396a0792a82e3a7a14675,2026-09-09T13:34:00,"BLOOMFIELD HILLS, CITY OF",
MI,2027,2026/2027,True,Detroit Salt,Oakland,Seasonal Back-Up,MiDEAL / State Agency,seasonal_backup,delivered,USD/short ton,50.0,65.0,3250.0,,260000000713,award,price+volume,derived,MI_FY2027_CompassMinerals_260000000713.pdf,45,https://www.michigan.gov/dtmb/-/media/Project/Websites/dtmb/Procurement/Contracts/022/260000000713.pdf?rev=044d384e33124f69856ff95f406d8b63&hash=EDE0618298A9461C637E9129261588D0,b42001c1d85bb1aa8af53b05e4da59e2a811f76be17396a0792a82e3a7a14675,2026-09-09T13:34:00,"PLEASANT RIDGE, CITY OF",
MI,2027,2026/2027,True,Detroit Salt,Oakland,Seasonal Back-Up,MiDEAL / State Agency,seasonal_backup,delivered,USD/short ton,300.0,65.0,19500.0,,260000000713,award,price+volume,derived,MI_FY2027_CompassMinerals_260000000713.pdf,45,https://www.michigan.gov/dtmb/-/media/Project/Websites/dtmb/Procurement/Contracts/022/260000000713.pdf?rev=044d384e33124f69856ff95f406d8b63&hash=EDE0618298A9461C637E9129261588D0,b42001c1d85bb1aa8af53b05e4da59e2a811f76be17396a0792a82e3a7a14675,2026-09-09T13:34:00,OAK PARK SCHOOL DISTRICT,
MI,2027,2026/2027,True,Detroit Salt,Oakland,Seasonal Back-Up,MiDEAL / State Agency,seasonal_backup,delivered,USD/short ton,200.0,65.0,13000.0,,260000000713,award,price+volume,derived,MI_FY2027_CompassMinerals_260000000713.pdf,45,https://www.michigan.gov/dtmb/-/media/Project/Websites/dtmb/Procurement/Contracts/022/260000000713.pdf?rev=044d384e33124f69856ff95f406d8b63&hash=EDE0618298A9461C637E9129261588D0,b42001c1d85bb1aa8af53b05e4da59e2a811f76be17396a0792a82e3a7a14675,2026-09-09T13:34:00,AVONDALE SCHOOL DISTRICT,
MI,2027,2026/2027,True,Detroit Salt,Oakland,Seasonal Back-Up,MiDEAL / State Agency,seasonal_backup,delivered,USD/short ton,8000.0,65.0,520000.0,,260000000713,award,price+volume,derived,MI_FY2027_CompassMinerals_260000000713.pdf,45,https://www.michigan.gov/dtmb/-/media/Project/Websites/dtmb/Procurement/Contracts/022/260000000713.pdf?rev=044d384e33124f69856ff95f406d8b63&hash=EDE0618298A9461C637E9129261588D0,b42001c1d85bb1aa8af53b05e4da59e2a811f76be17396a0792a82e3a7a14675,2026-09-09T13:34:00,"NOVI, CITY OF",
MI,2027,2026/2027,True,Detroit Salt,Oakland,Seasonal Back-Up,MiDEAL / State Agency,seasonal_backup,delivered,USD/short ton,400.0,65.0,26000.0,,260000000713,award,price+volume,derived,MI_FY2027_CompassMinerals_260000000713.pdf,45,https://www.michigan.gov/dtmb/-/media/Project/Websites/dtmb/Procurement/Contracts/022/260000000713.pdf?rev=044d384e33124f69856ff95f406d8b63&hash=EDE0618298A9461C637E9129261588D0,b42001c1d85bb1aa8af53b05e4da59e2a811f76be17396a0792a82e3a7a14675,2026-09-09T13:34:00,"HOLLY, VILLAGE OF",
MI,2027,2026/2027,True,Detroit Salt,Oakland,Seasonal Back-Up,MiDEAL / State Agency,seasonal_backup,delivered,USD/short ton,250.0,65.0,16250.0,,260000000713,award,price+volume,derived,MI_FY2027_CompassMinerals_260000000713.pdf,45,https://www.michigan.gov/dtmb/-/media/Project/Websites/dtmb/Procurement/Contracts/022/260000000713.pdf?rev=044d384e33124f69856ff95f406d8b63&hash=EDE0618298A9461C637E9129261588D0,b42001c1d85bb1aa8af53b05e4da59e2a811f76be17396a0792a82e3a7a14675,2026-09-09T13:34:00,NOVI COMMUNITY SCHOOL DISTRICT,
MI,2027,2026/2027,True,Detroit Salt,Oakland,Seasonal Back-Up,MiDEAL / State Agency,seasonal_backup,delivered,USD/short ton,2500.0,65.0,162500.0,,260000000713,award,price+volume,derived,MI_FY2027_CompassMinerals_260000000713.pdf,45,https://www.michigan.gov/dtmb/-/media/Project/Websites/dtmb/Procurement/Contracts/022/260000000713.pdf?rev=044d384e33124f69856ff95f406d8b63&hash=EDE0618298A9461C637E9129261588D0,b42001c1d85bb1aa8af53b05e4da59e2a811f76be17396a0792a82e3a7a14675,2026-09-09T13:34:00,"AUBURN HILLS, CITY OF",
MI,2027,2026/2027,True,Detroit Salt,Oakland,Seasonal Back-Up,MiDEAL / State Agency,seasonal_backup,delivered,USD/short ton,450.0,65.0,29250.0,,260000000713,award,price+volume,derived,MI_FY2027_CompassMinerals_260000000713.pdf,45,https://www.michigan.gov/dtmb/-/media/Project/Websites/dtmb/Procurement/Contracts/022/260000000713.pdf?rev=044d384e33124f69856ff95f406d8b63&hash=EDE0618298A9461C637E9129261588D0,b42001c1d85bb1aa8af53b05e4da59e2a811f76be17396a0792a82e3a7a14675,2026-09-09T13:34:00,SOUTH LYON COMMUNITY SCHOOLS,
MI,2027,2026/2027,True,Detroit Salt,Oakland,Seasonal Back-Up,MiDEAL / State Agency,seasonal_backup,delivered,USD/short ton,650.0,65.0,42250.0,,260000000713,award,price+volume,derived,MI_FY2027_CompassMinerals_260000000713.pdf,45,https://www.michigan.gov/dtmb/-/media/Project/Websites/dtmb/Procurement/Contracts/022/260000000713.pdf?rev=044d384e33124f69856ff95f406d8b63&hash=EDE0618298A9461C637E9129261588D0,b42001c1d85bb1aa8af53b05e4da59e2a811f76be17396a0792a82e3a7a14675,2026-09-09T13:34:00,WATERFORD SCHOOL DISTRICT,
MI,2027,2026/2027,True,Detroit Salt,Oakland,Early Fill,MiDEAL / State Agency,early_fill,delivered,USD/short ton,3000.0,74.03,222090.0,,260000000712,award,price+volume,derived,MI_FY2027_DetroitSalt_260000000712.pdf,39,https://www.michigan.gov/dtmb/-/media/Project/Websites/dtmb/Procurement/Contracts/MiDEAL/002/260000000712.pdf?rev=8d4ed14d634d466fa9207bb1d92c2458&hash=AAB40CFD3A7E1C61C7C17CA7044DBB4B,79cde6947d8c40afaaa6880a47e91c0cbcc4dd6d45876106c1492033bd40ce51,2026-09-09T13:33:59,"AUBURN HILLS, CITY OF",
MI,2027,2026/2027,True,Detroit Salt,Oakland,Early Fill,MiDEAL / State Agency,early_fill,delivered,USD/short ton,500.0,74.03,37015.0,,260000000712,award,price+volume,derived,MI_FY2027_DetroitSalt_260000000712.pdf,39,https://www.michigan.gov/dtmb/-/media/Project/Websites/dtmb/Procurement/Contracts/MiDEAL/002/260000000712.pdf?rev=8d4ed14d634d466fa9207bb1d92c2458&hash=AAB40CFD3A7E1C61C7C17CA7044DBB4B,79cde6947d8c40afaaa6880a47e91c0cbcc4dd6d45876106c1492033bd40ce51,2026-09-09T13:33:59,"ROYAL OAK, CITY OF",
MI,2027,2026/2027,True,Detroit Salt,Oakland,Early Fill,MiDEAL / State Agency,early_fill,delivered,USD/short ton,50.0,74.03,3701.5,,260000000712,award,price+volume,derived,MI_FY2027_DetroitSalt_260000000712.pdf,39,https://www.michigan.gov/dtmb/-/media/Project/Websites/dtmb/Procurement/Contracts/MiDEAL/002/260000000712.pdf?rev=8d4ed14d634d466fa9207bb1d92c2458&hash=AAB40CFD3A7E1C61C7C17CA7044DBB4B,79cde6947d8c40afaaa6880a47e91c0cbcc4dd6d45876106c1492033bd40ce51,2026-09-09T13:33:59,OAK PARK SCHOOL DISTRICT,
MI,2027,2026/2027,True,Detroit Salt,Oakland,Early Fill,MiDEAL / State Agency,early_fill,delivered,USD/short ton,500.0,74.03,37015.0,,260000000712,award,price+volume,derived,MI_FY2027_DetroitSalt_260000000712.pdf,39,https://www.michigan.gov/dtmb/-/media/Project/Websites/dtmb/Procurement/Contracts/MiDEAL/002/260000000712.pdf?rev=8d4ed14d634d466fa9207bb1d92c2458&hash=AAB40CFD3A7E1C61C7C17CA7044DBB4B,79cde6947d8c40afaaa6880a47e91c0cbcc4dd6d45876106c1492033bd40ce51,2026-09-09T13:33:59,"OAKLAND, COUNTY OF",
MI,2027,2026/2027,True,Detroit Salt,Oakland,Early Fill,MiDEAL / State Agency,early_fill,delivered,USD/short ton,2500.0,74.03,185075.0,,260000000712,award,price+volume,derived,MI_FY2027_DetroitSalt_260000000712.pdf,39,https://www.michigan.gov/dtmb/-/media/Project/Websites/dtmb/Procurement/Contracts/MiDEAL/002/260000000712.pdf?rev=8d4ed14d634d466fa9207bb1d92c2458&hash=AAB40CFD3A7E1C61C7C17CA7044DBB4B,79cde6947d8c40afaaa6880a47e91c0cbcc4dd6d45876106c1492033bd40ce51,2026-09-09T13:33:59,"BIRMINGHAM, CITY OF",
MI,2027,2026/2027,True,Detroit Salt,Oakland,Early Fill,MiDEAL / State Agency,early_fill,delivered,USD/short ton,150.0,74.03,11104.5,,260000000712,award,price+volume,derived,MI_FY2027_DetroitSalt_260000000712.pdf,39,https://www.michigan.gov/dtmb/-/media/Project/Websites/dtmb/Procurement/Contracts/MiDEAL/002/260000000712.pdf?rev=8d4ed14d634d466fa9207bb1d92c2458&hash=AAB40CFD3A7E1C61C7C17CA7044DBB4B,79cde6947d8c40afaaa6880a47e91c0cbcc4dd6d45876106c1492033bd40ce51,2026-09-09T13:33:59,HOLLY SCHOOL DISTRICT,
MI,2027,2026/2027,True,Detroit Salt,Oakland,Early Fill,MiDEAL / State Agency,early_fill,delivered,USD/short ton,300.0,74.03,22209.0,,260000000712,award,price+volume,derived,MI_FY2027_DetroitSalt_260000000712.pdf,39,https://www.michigan.gov/dtmb/-/media/Project/Websites/dtmb/Procurement/Contracts/MiDEAL/002/260000000712.pdf?rev=8d4ed14d634d466fa9207bb1d92c2458&hash=AAB40CFD3A7E1C61C7C17CA7044DBB4B,79cde6947d8c40afaaa6880a47e91c0cbcc4dd6d45876106c1492033bd40ce51,2026-09-09T13:33:59,"FERNDALE, CITY OF",
MI,2027,2026/2027,True,Detroit Salt,Oakland,Early Fill,MiDEAL / State Agency,early_fill,delivered,USD/short ton,200.0,74.03,14806.0,,260000000712,award,price+volume,derived,MI_FY2027_DetroitSalt_260000000712.pdf,39,https://www.michigan.gov/dtmb/-/media/Project/Websites/dtmb/Procurement/Contracts/MiDEAL/002/260000000712.pdf?rev=8d4ed14d634d466fa9207bb1d92c2458&hash=AAB40CFD3A7E1C61C7C17CA7044DBB4B,79cde6947d8c40afaaa6880a47e91c0cbcc4dd6d45876106c1492033bd40ce51,2026-09-09T13:33:59,"HOLLY, VILLAGE OF",
MI,2027,2026/2027,True,Detroit Salt,Oakland,Early Fill,MiDEAL / State Agency,early_fill,delivered,USD/short ton,100.0,74.03,7403.0,,260000000712,award,price+volume,derived,MI_FY2027_DetroitSalt_260000000712.pdf,39,https://www.michigan.gov/dtmb/-/media/Project/Websites/dtmb/Procurement/Contracts/MiDEAL/002/260000000712.pdf?rev=8d4ed14d634d466fa9207bb1d92c2458&hash=AAB40CFD3A7E1C61C7C17CA7044DBB4B,79cde6947d8c40afaaa6880a47e91c0cbcc4dd6d45876106c1492033bd40ce51,2026-09-09T13:33:59,WALLED LAKE CONSOLIDATED SCHOOLS,
MI,2027,2026/2027,True,Detroit Salt,Oakland,Early Fill,MiDEAL / State Agency,early_fill,delivered,USD/short ton,700.0,74.03,51821.0,,260000000712,award,price+volume,derived,MI_FY2027_DetroitSalt_260000000712.pdf,39,https://www.michigan.gov/dtmb/-/media/Project/Websites/dtmb/Procurement/Contracts/MiDEAL/002/260000000712.pdf?rev=8d4ed14d634d466fa9207bb1d92c2458&hash=AAB40CFD3A7E1C61C7C17CA7044DBB4B,79cde6947d8c40afaaa6880a47e91c0cbcc4dd6d45876106c1492033bd40ce51,2026-09-09T13:33:59,"BEVERLY HILLS, VILLAGE OF",
MI,2027,2026/2027,True,Detroit Salt,Oakland,Early Fill,MiDEAL / State Agency,early_fill,delivered,USD/short ton,650.0,74.03,48119.5,,260000000712,award,price+volume,derived,MI_FY2027_DetroitSalt_260000000712.pdf,39,https://www.michigan.gov/dtmb/-/media/Project/Websites/dtmb/Procurement/Contracts/MiDEAL/002/260000000712.pdf?rev=8d4ed14d634d466fa9207bb1d92c2458&hash=AAB40CFD3A7E1C61C7C17CA7044DBB4B,79cde6947d8c40afaaa6880a47e91c0cbcc4dd6d45876106c1492033bd40ce51,2026-09-09T13:33:59,"HAZEL PARK, CITY OF",
MI,2027,2026/2027,True,Detroit Salt,Oakland,Early Fill,MiDEAL / State Agency,early_fill,delivered,USD/short ton,50.0,74.03,3701.5,,260000000712,award,price+volume,derived,MI_FY2027_DetroitSalt_260000000712.pdf,39,https://www.michigan.gov/dtmb/-/media/Project/Websites/dtmb/Procurement/Contracts/MiDEAL/002/260000000712.pdf?rev=8d4ed14d634d466fa9207bb1d92c2458&hash=AAB40CFD3A7E1C61C7C17CA7044DBB4B,79cde6947d8c40afaaa6880a47e91c0cbcc4dd6d45876106c1492033bd40ce51,2026-09-09T13:33:59,BRANDON SCHOOL DISTRICT,
MI,2027,2026/2027,True,Detroit Salt,Oakland,Early Fill,MiDEAL / State Agency,early_fill,delivered,USD/short ton,50.0,74.03,3701.5,,260000000712,award,price+volume,derived,MI_FY2027_DetroitSalt_260000000712.pdf,39,https://www.michigan.gov/dtmb/-/media/Project/Websites/dtmb/Procurement/Contracts/MiDEAL/002/260000000712.pdf?rev=8d4ed14d634d466fa9207bb1d92c2458&hash=AAB40CFD3A7E1C61C7C17CA7044DBB4B,79cde6947d8c40afaaa6880a47e91c0cbcc4dd6d45876106c1492033bd40ce51,2026-09-09T13:33:59,"LAKE ORION, VILLAGE OF",
MI,2027,2026/2027,True,Detroit Salt,Oakland,Early Fill,MiDEAL / State Agency,early_fill,delivered,USD/short ton,800.0,74.03,59224.0,,260000000712,award,price+volume,derived,MI_FY2027_DetroitSalt_260000000712.pdf,39,https://www.michigan.gov/dtmb/-/media/Project/Websites/dtmb/Procurement/Contracts/MiDEAL/002/260000000712.pdf?rev=8d4ed14d634d466fa9207bb1d92c2458&hash=AAB40CFD3A7E1C61C7C17CA7044DBB4B,79cde6947d8c40afaaa6880a47e91c0cbcc4dd6d45876106c1492033bd40ce51,2026-09-09T13:33:59,ROCHESTER COMMUNITY SCHOOL DISTRICT,
MI,2027,2026/2027,True,Detroit Salt,Oakland,Early Fill,MiDEAL / State Agency,early_fill,delivered,USD/short ton,350.0,74.03,25910.5,,260000000712,award,price+volume,derived,MI_FY2027_DetroitSalt_260000000712.pdf,39,https://www.michigan.gov/dtmb/-/media/Project/Websites/dtmb/Procurement/Contracts/MiDEAL/002/260000000712.pdf?rev=8d4ed14d634d466fa9207bb1d92c2458&hash=AAB40CFD3A7E1C61C7C17CA7044DBB4B,79cde6947d8c40afaaa6880a47e91c0cbcc4dd6d45876106c1492033bd40ce51,2026-09-09T13:33:59,"MILFORD, VILLAGE OF",
MI,2027,2026/2027,True,Detroit Salt,Oakland,Early Fill,MiDEAL / State Agency,early_fill,delivered,USD/short ton,100.0,74.03,7403.0,,260000000712,award,price+volume,derived,MI_FY2027_DetroitSalt_260000000712.pdf,39,https://www.michigan.gov/dtmb/-/media/Project/Websites/dtmb/Procurement/Contracts/MiDEAL/002/260000000712.pdf?rev=8d4ed14d634d466fa9207bb1d92c2458&hash=AAB40CFD3A7E1C61C7C17CA7044DBB4B,79cde6947d8c40afaaa6880a47e91c0cbcc4dd6d45876106c1492033bd40ce51,2026-09-09T13:33:59,"PLEASANT RIDGE, CITY OF",
MI,2027,2026/2027,True,Detroit Salt,Ogemaw,Early Fill,MDOT,early_fill,delivered,USD/short ton,1000.0,71.58,71580.0,,260000000712,award,price+volume,derived,MI_FY2027_DetroitSalt_260000000712.pdf,28,https://www.michigan.gov/dtmb/-/media/Project/Websites/dtmb/Procurement/Contracts/MiDEAL/002/260000000712.pdf?rev=8d4ed14d634d466fa9207bb1d92c2458&hash=AAB40CFD3A7E1C61C7C17CA7044DBB4B,79cde6947d8c40afaaa6880a47e91c0cbcc4dd6d45876106c1492033bd40ce51,2026-09-09T13:33:59,Branch,
MI,2027,2026/2027,True,Detroit Salt,Ogemaw,Early Fill,MDOT,early_fill,delivered,USD/short ton,250.0,71.58,17895.0,,260000000712,award,price+volume,derived,MI_FY2027_DetroitSalt_260000000712.pdf,28,https://www.michigan.gov/dtmb/-/media/Project/Websites/dtmb/Procurement/Contracts/MiDEAL/002/260000000712.pdf?rev=8d4ed14d634d466fa9207bb1d92c2458&hash=AAB40CFD3A7E1C61C7C17CA7044DBB4B,79cde6947d8c40afaaa6880a47e91c0cbcc4dd6d45876106c1492033bd40ce51,2026-09-09T13:33:59,West Branch,
MI,2027,2026/2027,True,Detroit Salt,Ogemaw,Early Fill,MiDEAL / State Agency,early_fill,delivered,USD/short ton,100.0,71.58,7158.0,,260000000712,award,price+volume,derived,MI_FY2027_DetroitSalt_260000000712.pdf,35,https://www.michigan.gov/dtmb/-/media/Project/Websites/dtmb/Procurement/Contracts/MiDEAL/002/260000000712.pdf?rev=8d4ed14d634d466fa9207bb1d92c2458&hash=AAB40CFD3A7E1C61C7C17CA7044DBB4B,79cde6947d8c40afaaa6880a47e91c0cbcc4dd6d45876106c1492033bd40ce51,2026-09-09T13:33:59,ROSE CITY POLICE DEPARTMENT,
MI,2027,2026/2027,True,Detroit Salt,Ogemaw,Early Fill,MiDEAL / State Agency,early_fill,delivered,USD/short ton,750.0,71.58,53685.0,,260000000712,award,price+volume,derived,MI_FY2027_DetroitSalt_260000000712.pdf,35,https://www.michigan.gov/dtmb/-/media/Project/Websites/dtmb/Procurement/Contracts/MiDEAL/002/260000000712.pdf?rev=8d4ed14d634d466fa9207bb1d92c2458&hash=AAB40CFD3A7E1C61C7C17CA7044DBB4B,79cde6947d8c40afaaa6880a47e91c0cbcc4dd6d45876106c1492033bd40ce51,2026-09-09T13:33:59,OGEMAW COUNTY ROAD COMMISSION,
MI,2027,2026/2027,True,Detroit Salt,Ogemaw,Early Fill,MiDEAL / State Agency,early_fill,delivered,USD/short ton,300.0,71.58,21474.0,,260000000712,award,price+volume,derived,MI_FY2027_DetroitSalt_260000000712.pdf,35,https://www.michigan.gov/dtmb/-/media/Project/Websites/dtmb/Procurement/Contracts/MiDEAL/002/260000000712.pdf?rev=8d4ed14d634d466fa9207bb1d92c2458&hash=AAB40CFD3A7E1C61C7C17CA7044DBB4B,79cde6947d8c40afaaa6880a47e91c0cbcc4dd6d45876106c1492033bd40ce51,2026-09-09T13:33:59,"WEST BRANCH, CITY OF",
MI,2027,2026/2027,True,Detroit Salt,Osceola,Early Fill,MDOT,early_fill,delivered,USD/short ton,500.0,72.92,36460.0,,260000000712,award,price+volume,derived,MI_FY2027_DetroitSalt_260000000712.pdf,28,https://www.michigan.gov/dtmb/-/media/Project/Websites/dtmb/Procurement/Contracts/MiDEAL/002/260000000712.pdf?rev=8d4ed14d634d466fa9207bb1d92c2458&hash=AAB40CFD3A7E1C61C7C17CA7044DBB4B,79cde6947d8c40afaaa6880a47e91c0cbcc4dd6d45876106c1492033bd40ce51,2026-09-09T13:33:59,Reed City,
MI,2027,2026/2027,True,Detroit Salt,Osceola,Early Fill,MiDEAL / State Agency,early_fill,delivered,USD/short ton,50.0,72.92,3646.0,,260000000712,award,price+volume,derived,MI_FY2027_DetroitSalt_260000000712.pdf,36,https://www.michigan.gov/dtmb/-/media/Project/Websites/dtmb/Procurement/Contracts/MiDEAL/002/260000000712.pdf?rev=8d4ed14d634d466fa9207bb1d92c2458&hash=AAB40CFD3A7E1C61C7C17CA7044DBB4B,79cde6947d8c40afaaa6880a47e91c0cbcc4dd6d45876106c1492033bd40ce51,2026-09-09T13:33:59,"HERSEY, VILLAGE OF",
MI,2027,2026/2027,True,Detroit Salt,Osceola,Early Fill,MiDEAL / State Agency,early_fill,delivered,USD/short ton,50.0,72.92,3646.0,,260000000712,award,price+volume,derived,MI_FY2027_DetroitSalt_260000000712.pdf,36,https://www.michigan.gov/dtmb/-/media/Project/Websites/dtmb/Procurement/Contracts/MiDEAL/002/260000000712.pdf?rev=8d4ed14d634d466fa9207bb1d92c2458&hash=AAB40CFD3A7E1C61C7C17CA7044DBB4B,79cde6947d8c40afaaa6880a47e91c0cbcc4dd6d45876106c1492033bd40ce51,2026-09-09T13:33:59,REED CITY AREA PUBLIC SCHOOLS,
MI,2027,2026/2027,True,Detroit Salt,Osceola,Early Fill,MiDEAL / State Agency,early_fill,delivered,USD/short ton,150.0,72.92,10938.0,,260000000712,award,price+volume,derived,MI_FY2027_DetroitSalt_260000000712.pdf,36,https://www.michigan.gov/dtmb/-/media/Project/Websites/dtmb/Procurement/Contracts/MiDEAL/002/260000000712.pdf?rev=8d4ed14d634d466fa9207bb1d92c2458&hash=AAB40CFD3A7E1C61C7C17CA7044DBB4B,79cde6947d8c40afaaa6880a47e91c0cbcc4dd6d45876106c1492033bd40ce51,2026-09-09T13:33:59,"EVART, CITY OF",
MI,2027,2026/2027,True,Detroit Salt,Osceola,Early Fill,MiDEAL / State Agency,early_fill,delivered,USD/short ton,50.0,72.92,3646.0,,260000000712,award,price+volume,derived,MI_FY2027_DetroitSalt_260000000712.pdf,36,https://www.michigan.gov/dtmb/-/media/Project/Websites/dtmb/Procurement/Contracts/MiDEAL/002/260000000712.pdf?rev=8d4ed14d634d466fa9207bb1d92c2458&hash=AAB40CFD3A7E1C61C7C17CA7044DBB4B,79cde6947d8c40afaaa6880a47e91c0cbcc4dd6d45876106c1492033bd40ce51,2026-09-09T13:33:59,"TUSTIN, VILLAGE OF",
MI,2027,2026/2027,True,Detroit Salt,Osceola,Early Fill,MiDEAL / State Agency,early_fill,delivered,USD/short ton,50.0,72.92,3646.0,,260000000712,award,price+volume,derived,MI_FY2027_DetroitSalt_260000000712.pdf,36,https://www.michigan.gov/dtmb/-/media/Project/Websites/dtmb/Procurement/Contracts/MiDEAL/002/260000000712.pdf?rev=8d4ed14d634d466fa9207bb1d92c2458&hash=AAB40CFD3A7E1C61C7C17CA7044DBB4B,79cde6947d8c40afaaa6880a47e91c0cbcc4dd6d45876106c1492033bd40ce51,2026-09-09T13:33:59,LEROY VILLAGE OF,
MI,2027,2026/2027,True,Detroit Salt,Osceola,Early Fill,MiDEAL / State Agency,early_fill,delivered,USD/short ton,400.0,72.92,29168.0,,260000000712,award,price+volume,derived,MI_FY2027_DetroitSalt_260000000712.pdf,36,https://www.michigan.gov/dtmb/-/media/Project/Websites/dtmb/Procurement/Contracts/MiDEAL/002/260000000712.pdf?rev=8d4ed14d634d466fa9207bb1d92c2458&hash=AAB40CFD3A7E1C61C7C17CA7044DBB4B,79cde6947d8c40afaaa6880a47e91c0cbcc4dd6d45876106c1492033bd40ce51,2026-09-09T13:33:59,OSCEOLA COUNTY ROAD COMMISSION,
MI,2027,2026/2027,True,Detroit Salt,Osceola,Early Fill,MiDEAL / State Agency,early_fill,delivered,USD/short ton,700.0,72.92,51044.0,,260000000712,award,price+volume,derived,MI_FY2027_DetroitSalt_260000000712.pdf,36,https://www.michigan.gov/dtmb/-/media/Project/Websites/dtmb/Procurement/Contracts/MiDEAL/002/260000000712.pdf?rev=8d4ed14d634d466fa9207bb1d92c2458&hash=AAB40CFD3A7E1C61C7C17CA7044DBB4B,79cde6947d8c40afaaa6880a47e91c0cbcc4dd6d45876106c1492033bd40ce51,2026-09-09T13:33:59,OSCEOLA COUNTY ROAD COMMISSION,
MI,2027,2026/2027,True,Detroit Salt,Osceola,Early Fill,MiDEAL / State Agency,early_fill,delivered,USD/short ton,550.0,72.92,40106.0,,260000000712,award,price+volume,derived,MI_FY2027_DetroitSalt_260000000712.pdf,36,https://www.michigan.gov/dtmb/-/media/Project/Websites/dtmb/Procurement/Contracts/MiDEAL/002/260000000712.pdf?rev=8d4ed14d634d466fa9207bb1d92c2458&hash=AAB40CFD3A7E1C61C7C17CA7044DBB4B,79cde6947d8c40afaaa6880a47e91c0cbcc4dd6d45876106c1492033bd40ce51,2026-09-09T13:33:59,"REED CITY, CITY OF",
MI,2027,2026/2027,True,Detroit Salt,Oscoda,Early Fill,MDOT,early_fill,delivered,USD/short ton,2000.0,74.35,148700.0,,260000000712,award,price+volume,derived,MI_FY2027_DetroitSalt_260000000712.pdf,28,https://www.michigan.gov/dtmb/-/media/Project/Websites/dtmb/Procurement/Contracts/MiDEAL/002/260000000712.pdf?rev=8d4ed14d634d466fa9207bb1d92c2458&hash=AAB40CFD3A7E1C61C7C17CA7044DBB4B,79cde6947d8c40afaaa6880a47e91c0cbcc4dd6d45876106c1492033bd40ce51,2026-09-09T13:33:59,Mio,
MI,2027,2026/2027,True,Detroit Salt,Oscoda,Early Fill,MiDEAL / State Agency,early_fill,delivered,USD/short ton,200.0,74.35,14870.0,,260000000712,award,price+volume,derived,MI_FY2027_DetroitSalt_260000000712.pdf,35,https://www.michigan.gov/dtmb/-/media/Project/Websites/dtmb/Procurement/Contracts/MiDEAL/002/260000000712.pdf?rev=8d4ed14d634d466fa9207bb1d92c2458&hash=AAB40CFD3A7E1C61C7C17CA7044DBB4B,79cde6947d8c40afaaa6880a47e91c0cbcc4dd6d45876106c1492033bd40ce51,2026-09-09T13:33:59,OSCODA COUNTY ROAD COMMISSION,
MI,2027,2026/2027,True,Detroit Salt,Roscommon,Early Fill,MDOT,early_fill,delivered,USD/short ton,600.0,73.35,44010.0,,260000000712,award,price+volume,derived,MI_FY2027_DetroitSalt_260000000712.pdf,28,https://www.michigan.gov/dtmb/-/media/Project/Websites/dtmb/Procurement/Contracts/MiDEAL/002/260000000712.pdf?rev=8d4ed14d634d466fa9207bb1d92c2458&hash=AAB40CFD3A7E1C61C7C17CA7044DBB4B,79cde6947d8c40afaaa6880a47e91c0cbcc4dd6d45876106c1492033bd40ce51,2026-09-09T13:33:59,Houghton Lake,
MI,2027,2026/2027,True,Detroit Salt,Roscommon,Early Fill,MDOT,early_fill,delivered,USD/short ton,2200.0,73.35,161370.0,,260000000712,award,price+volume,derived,MI_FY2027_DetroitSalt_260000000712.pdf,28,https://www.michigan.gov/dtmb/-/media/Project/Websites/dtmb/Procurement/Contracts/MiDEAL/002/260000000712.pdf?rev=8d4ed14d634d466fa9207bb1d92c2458&hash=AAB40CFD3A7E1C61C7C17CA7044DBB4B,79cde6947d8c40afaaa6880a47e91c0cbcc4dd6d45876106c1492033bd40ce51,2026-09-09T13:33:59,Prudenville,
MI,2027,2026/2027,True,Detroit Salt,Roscommon,Early Fill,MDOT,early_fill,delivered,USD/short ton,200.0,73.35,14670.0,,260000000712,award,price+volume,derived,MI_FY2027_DetroitSalt_260000000712.pdf,28,https://www.michigan.gov/dtmb/-/media/Project/Websites/dtmb/Procurement/Contracts/MiDEAL/002/260000000712.pdf?rev=8d4ed14d634d466fa9207bb1d92c2458&hash=AAB40CFD3A7E1C61C7C17CA7044DBB4B,79cde6947d8c40afaaa6880a47e91c0cbcc4dd6d45876106c1492033bd40ce51,2026-09-09T13:33:59,Roscommon,
MI,2027,2026/2027,True,Detroit Salt,Roscommon,Early Fill,MiDEAL / State Agency,early_fill,delivered,USD/short ton,1300.0,73.35,95355.0,,260000000712,award,price+volume,derived,MI_FY2027_DetroitSalt_260000000712.pdf,35,https://www.michigan.gov/dtmb/-/media/Project/Websites/dtmb/Procurement/Contracts/MiDEAL/002/260000000712.pdf?rev=8d4ed14d634d466fa9207bb1d92c2458&hash=AAB40CFD3A7E1C61C7C17CA7044DBB4B,79cde6947d8c40afaaa6880a47e91c0cbcc4dd6d45876106c1492033bd40ce51,2026-09-09T13:33:59,ROSCOMMON COUNTY ROAD COMMISSION,
MI,2027,2026/2027,True,Detroit Salt,Roscommon,Early Fill,MiDEAL / State Agency,early_fill,delivered,USD/short ton,200.0,73.35,14670.0,,260000000712,award,price+volume,derived,MI_FY2027_DetroitSalt_260000000712.pdf,35,https://www.michigan.gov/dtmb/-/media/Project/Websites/dtmb/Procurement/Contracts/MiDEAL/002/260000000712.pdf?rev=8d4ed14d634d466fa9207bb1d92c2458&hash=AAB40CFD3A7E1C61C7C17CA7044DBB4B,79cde6947d8c40afaaa6880a47e91c0cbcc4dd6d45876106c1492033bd40ce51,2026-09-09T13:33:59,ROSCOMMON COUNTY ROAD COMMISSION,
MI,2027,2026/2027,True,Detroit Salt,Saginaw,Early Fill,MDOT,early_fill,delivered,USD/short ton,1000.0,59.94,59940.0,,260000000712,award,price+volume,derived,MI_FY2027_DetroitSalt_260000000712.pdf,29,https://www.michigan.gov/dtmb/-/media/Project/Websites/dtmb/Procurement/Contracts/MiDEAL/002/260000000712.pdf?rev=8d4ed14d634d466fa9207bb1d92c2458&hash=AAB40CFD3A7E1C61C7C17CA7044DBB4B,79cde6947d8c40afaaa6880a47e91c0cbcc4dd6d45876106c1492033bd40ce51,2026-09-09T13:33:59,Saginaw West,
MI,2027,2026/2027,True,Detroit Salt,Saginaw,Early Fill,MDOT,early_fill,delivered,USD/short ton,1000.0,59.94,59940.0,,260000000712,award,price+volume,derived,MI_FY2027_DetroitSalt_260000000712.pdf,29,https://www.michigan.gov/dtmb/-/media/Project/Websites/dtmb/Procurement/Contracts/MiDEAL/002/260000000712.pdf?rev=8d4ed14d634d466fa9207bb1d92c2458&hash=AAB40CFD3A7E1C61C7C17CA7044DBB4B,79cde6947d8c40afaaa6880a47e91c0cbcc4dd6d45876106c1492033bd40ce51,2026-09-09T13:33:59,Saginaw East,
MI,2027,2026/2027,True,Detroit Salt,Saginaw,Early Fill,MiDEAL / State Agency,early_fill,delivered,USD/short ton,50.0,59.94,2997.0,,260000000712,award,price+volume,derived,MI_FY2027_DetroitSalt_260000000712.pdf,37,https://www.michigan.gov/dtmb/-/media/Project/Websites/dtmb/Procurement/Contracts/MiDEAL/002/260000000712.pdf?rev=8d4ed14d634d466fa9207bb1d92c2458&hash=AAB40CFD3A7E1C61C7C17CA7044DBB4B,79cde6947d8c40afaaa6880a47e91c0cbcc4dd6d45876106c1492033bd40ce51,2026-09-09T13:33:59,MBS INTERNATIONAL AIRPORT COMMISSION,
MI,2027,2026/2027,True,Detroit Salt,Saginaw,Early Fill,MiDEAL / State Agency,early_fill,delivered,USD/short ton,3500.0,59.94,209790.0,,260000000712,award,price+volume,derived,MI_FY2027_DetroitSalt_260000000712.pdf,37,https://www.michigan.gov/dtmb/-/media/Project/Websites/dtmb/Procurement/Contracts/MiDEAL/002/260000000712.pdf?rev=8d4ed14d634d466fa9207bb1d92c2458&hash=AAB40CFD3A7E1C61C7C17CA7044DBB4B,79cde6947d8c40afaaa6880a47e91c0cbcc4dd6d45876106c1492033bd40ce51,2026-09-09T13:33:59,SAGINAW COUNTY ROAD COMMISSION,
MI,2027,2026/2027,True,Detroit Salt,Saginaw,Early Fill,MiDEAL / State Agency,early_fill,delivered,USD/short ton,50.0,59.94,2997.0,,260000000712,award,price+volume,derived,MI_FY2027_DetroitSalt_260000000712.pdf,37,https://www.michigan.gov/dtmb/-/media/Project/Websites/dtmb/Procurement/Contracts/MiDEAL/002/260000000712.pdf?rev=8d4ed14d634d466fa9207bb1d92c2458&hash=AAB40CFD3A7E1C61C7C17CA7044DBB4B,79cde6947d8c40afaaa6880a47e91c0cbcc4dd6d45876106c1492033bd40ce51,2026-09-09T13:33:59,"ST. CHARLES, VILLAGE OF",
MI,2027,2026/2027,True,Detroit Salt,Saginaw,Early Fill,MiDEAL / State Agency,early_fill,delivered,USD/short ton,50.0,59.94,2997.0,,260000000712,award,price+volume,derived,MI_FY2027_DetroitSalt_260000000712.pdf,37,https://www.michigan.gov/dtmb/-/media/Project/Websites/dtmb/Procurement/Contracts/MiDEAL/002/260000000712.pdf?rev=8d4ed14d634d466fa9207bb1d92c2458&hash=AAB40CFD3A7E1C61C7C17CA7044DBB4B,79cde6947d8c40afaaa6880a47e91c0cbcc4dd6d45876106c1492033bd40ce51,2026-09-09T13:33:59,SAGINAW VALLEY STATE UNIVERSITY,
MI,2027,2026/2027,True,Detroit Salt,Saginaw,Early Fill,MiDEAL / State Agency,early_fill,delivered,USD/short ton,50.0,59.94,2997.0,,260000000712,award,price+volume,derived,MI_FY2027_DetroitSalt_260000000712.pdf,37,https://www.michigan.gov/dtmb/-/media/Project/Websites/dtmb/Procurement/Contracts/MiDEAL/002/260000000712.pdf?rev=8d4ed14d634d466fa9207bb1d92c2458&hash=AAB40CFD3A7E1C61C7C17CA7044DBB4B,79cde6947d8c40afaaa6880a47e91c0cbcc4dd6d45876106c1492033bd40ce51,2026-09-09T13:33:59,"CHESANING, VILLAGE OF",
MI,2027,2026/2027,True,Detroit Salt,Saginaw,Early Fill,MiDEAL / State Agency,early_fill,delivered,USD/short ton,1500.0,59.94,89910.0,,260000000712,award,price+volume,derived,MI_FY2027_DetroitSalt_260000000712.pdf,37,https://www.michigan.gov/dtmb/-/media/Project/Websites/dtmb/Procurement/Contracts/MiDEAL/002/260000000712.pdf?rev=8d4ed14d634d466fa9207bb1d92c2458&hash=AAB40CFD3A7E1C61C7C17CA7044DBB4B,79cde6947d8c40afaaa6880a47e91c0cbcc4dd6d45876106c1492033bd40ce51,2026-09-09T13:33:59,"SAGINAW, CITY OF",
MI,2027,2026/2027,True,Detroit Salt,Saginaw,Early Fill,MiDEAL / State Agency,early_fill,delivered,USD/short ton,500.0,59.94,29970.0,,260000000712,award,price+volume,derived,MI_FY2027_DetroitSalt_260000000712.pdf,37,https://www.michigan.gov/dtmb/-/media/Project/Websites/dtmb/Procurement/Contracts/MiDEAL/002/260000000712.pdf?rev=8d4ed14d634d466fa9207bb1d92c2458&hash=AAB40CFD3A7E1C61C7C17CA7044DBB4B,79cde6947d8c40afaaa6880a47e91c0cbcc4dd6d45876106c1492033bd40ce51,2026-09-09T13:33:59,COVENANT HEALTHCARE,
MI,2027,2026/2027,True,Detroit Salt,Saginaw,Early Fill,MiDEAL / State Agency,early_fill,delivered,USD/short ton,50.0,59.94,2997.0,,260000000712,award,price+volume,derived,MI_FY2027_DetroitSalt_260000000712.pdf,37,https://www.michigan.gov/dtmb/-/media/Project/Websites/dtmb/Procurement/Contracts/MiDEAL/002/260000000712.pdf?rev=8d4ed14d634d466fa9207bb1d92c2458&hash=AAB40CFD3A7E1C61C7C17CA7044DBB4B,79cde6947d8c40afaaa6880a47e91c0cbcc4dd6d45876106c1492033bd40ce51,2026-09-09T13:33:59,City of Zilwaukee,
MI,2027,2026/2027,True,Detroit Salt,Saginaw,Early Fill,MiDEAL / State Agency,early_fill,delivered,USD/short ton,3500.0,59.94,209790.0,,260000000712,award,price+volume,derived,MI_FY2027_DetroitSalt_260000000712.pdf,37,https://www.michigan.gov/dtmb/-/media/Project/Websites/dtmb/Procurement/Contracts/MiDEAL/002/260000000712.pdf?rev=8d4ed14d634d466fa9207bb1d92c2458&hash=AAB40CFD3A7E1C61C7C17CA7044DBB4B,79cde6947d8c40afaaa6880a47e91c0cbcc4dd6d45876106c1492033bd40ce51,2026-09-09T13:33:59,SAGINAW COUNTY ROAD COMMISSION,
MI,2027,2026/2027,True,Detroit Salt,Saginaw,Early Fill,MiDEAL / State Agency,early_fill,delivered,USD/short ton,3000.0,59.94,179820.0,,260000000712,award,price+volume,derived,MI_FY2027_DetroitSalt_260000000712.pdf,37,https://www.michigan.gov/dtmb/-/media/Project/Websites/dtmb/Procurement/Contracts/MiDEAL/002/260000000712.pdf?rev=8d4ed14d634d466fa9207bb1d92c2458&hash=AAB40CFD3A7E1C61C7C17CA7044DBB4B,79cde6947d8c40afaaa6880a47e91c0cbcc4dd6d45876106c1492033bd40ce51,2026-09-09T13:33:59,SAGINAW COUNTY ROAD COMMISSION,
MI,2027,2026/2027,True,Detroit Salt,Sanilac,Seasonal Back-Up,MiDEAL / State Agency,seasonal_backup,delivered,USD/short ton,50.0,65.21,3260.5,,260000000713,award,price+volume,derived,MI_FY2027_CompassMinerals_260000000713.pdf,41,https://www.michigan.gov/dtmb/-/media/Project/Websites/dtmb/Procurement/Contracts/022/260000000713.pdf?rev=044d384e33124f69856ff95f406d8b63&hash=EDE0618298A9461C637E9129261588D0,b42001c1d85bb1aa8af53b05e4da59e2a811f76be17396a0792a82e3a7a14675,2026-09-09T13:34:00,"LEXINGTON, VILLAGE OF",
MI,2027,2026/2027,True,Detroit Salt,Sanilac,Seasonal Back-Up,MiDEAL / State Agency,seasonal_backup,delivered,USD/short ton,150.0,65.21,9781.5,,260000000713,award,price+volume,derived,MI_FY2027_CompassMinerals_260000000713.pdf,41,https://www.michigan.gov/dtmb/-/media/Project/Websites/dtmb/Procurement/Contracts/022/260000000713.pdf?rev=044d384e33124f69856ff95f406d8b63&hash=EDE0618298A9461C637E9129261588D0,b42001c1d85bb1aa8af53b05e4da59e2a811f76be17396a0792a82e3a7a14675,2026-09-09T13:34:00,BROWN CITY,
MI,2027,2026/2027,True,Detroit Salt,Sanilac,Seasonal Back-Up,MiDEAL / State Agency,seasonal_backup,delivered,USD/short ton,450.0,65.21,29344.5,,260000000713,award,price+volume,derived,MI_FY2027_CompassMinerals_260000000713.pdf,41,https://www.michigan.gov/dtmb/-/media/Project/Websites/dtmb/Procurement/Contracts/022/260000000713.pdf?rev=044d384e33124f69856ff95f406d8b63&hash=EDE0618298A9461C637E9129261588D0,b42001c1d85bb1aa8af53b05e4da59e2a811f76be17396a0792a82e3a7a14675,2026-09-09T13:34:00,SANILAC COUNTY ROAD COMMISSION,
MI,2027,2026/2027,True,Detroit Salt,Sanilac,Seasonal Back-Up,MiDEAL / State Agency,seasonal_backup,delivered,USD/short ton,400.0,65.21,26084.0,,260000000713,award,price+volume,derived,MI_FY2027_CompassMinerals_260000000713.pdf,41,https://www.michigan.gov/dtmb/-/media/Project/Websites/dtmb/Procurement/Contracts/022/260000000713.pdf?rev=044d384e33124f69856ff95f406d8b63&hash=EDE0618298A9461C637E9129261588D0,b42001c1d85bb1aa8af53b05e4da59e2a811f76be17396a0792a82e3a7a14675,2026-09-09T13:34:00,SANILAC COUNTY ROAD COMMISSION,
MI,2027,2026/2027,True,Detroit Salt,Sanilac,Seasonal Back-Up,MiDEAL / State Agency,seasonal_backup,delivered,USD/short ton,450.0,65.21,29344.5,,260000000713,award,price+volume,derived,MI_FY2027_CompassMinerals_260000000713.pdf,41,https://www.michigan.gov/dtmb/-/media/Project/Websites/dtmb/Procurement/Contracts/022/260000000713.pdf?rev=044d384e33124f69856ff95f406d8b63&hash=EDE0618298A9461C637E9129261588D0,b42001c1d85bb1aa8af53b05e4da59e2a811f76be17396a0792a82e3a7a14675,2026-09-09T13:34:00,SANILAC COUNTY ROAD COMMISSION,
MI,2027,2026/2027,True,Detroit Salt,Sanilac,Seasonal Back-Up,MiDEAL / State Agency,seasonal_backup,delivered,USD/short ton,500.0,65.21,32605.0,,260000000713,award,price+volume,derived,MI_FY2027_CompassMinerals_260000000713.pdf,41,https://www.michigan.gov/dtmb/-/media/Project/Websites/dtmb/Procurement/Contracts/022/260000000713.pdf?rev=044d384e33124f69856ff95f406d8b63&hash=EDE0618298A9461C637E9129261588D0,b42001c1d85bb1aa8af53b05e4da59e2a811f76be17396a0792a82e3a7a14675,2026-09-09T13:34:00,SANILAC COUNTY ROAD COMMISSION,
MI,2027,2026/2027,True,Detroit Salt,Sanilac,Seasonal Back-Up,MiDEAL / State Agency,seasonal_backup,delivered,USD/short ton,300.0,65.21,19563.0,,260000000713,award,price+volume,derived,MI_FY2027_CompassMinerals_260000000713.pdf,41,https://www.michigan.gov/dtmb/-/media/Project/Websites/dtmb/Procurement/Contracts/022/260000000713.pdf?rev=044d384e33124f69856ff95f406d8b63&hash=EDE0618298A9461C637E9129261588D0,b42001c1d85bb1aa8af53b05e4da59e2a811f76be17396a0792a82e3a7a14675,2026-09-09T13:34:00,SANILAC COUNTY ROAD COMMISSION,
MI,2027,2026/2027,True,Detroit Salt,Sanilac,Seasonal Back-Up,MiDEAL / State Agency,seasonal_backup,delivered,USD/short ton,50.0,65.21,3260.5,,260000000713,award,price+volume,derived,MI_FY2027_CompassMinerals_260000000713.pdf,41,https://www.michigan.gov/dtmb/-/media/Project/Websites/dtmb/Procurement/Contracts/022/260000000713.pdf?rev=044d384e33124f69856ff95f406d8b63&hash=EDE0618298A9461C637E9129261588D0,b42001c1d85bb1aa8af53b05e4da59e2a811f76be17396a0792a82e3a7a14675,2026-09-09T13:34:00,Sandusky Community Schools,
MI,2027,2026/2027,True,Detroit Salt,Sanilac,Seasonal Back-Up,MiDEAL / State Agency,seasonal_backup,delivered,USD/short ton,100.0,65.21,6521.0,,260000000713,award,price+volume,derived,MI_FY2027_CompassMinerals_260000000713.pdf,41,https://www.michigan.gov/dtmb/-/media/Project/Websites/dtmb/Procurement/Contracts/022/260000000713.pdf?rev=044d384e33124f69856ff95f406d8b63&hash=EDE0618298A9461C637E9129261588D0,b42001c1d85bb1aa8af53b05e4da59e2a811f76be17396a0792a82e3a7a14675,2026-09-09T13:34:00,"CROSWELL, CITY OF",
MI,2027,2026/2027,True,Detroit Salt,Sanilac,Seasonal Back-Up,MiDEAL / State Agency,seasonal_backup,delivered,USD/short ton,100.0,65.21,6521.0,,260000000713,award,price+volume,derived,MI_FY2027_CompassMinerals_260000000713.pdf,41,https://www.michigan.gov/dtmb/-/media/Project/Websites/dtmb/Procurement/Contracts/022/260000000713.pdf?rev=044d384e33124f69856ff95f406d8b63&hash=EDE0618298A9461C637E9129261588D0,b42001c1d85bb1aa8af53b05e4da59e2a811f76be17396a0792a82e3a7a14675,2026-09-09T13:34:00,"DECKERVILLE, VILLAGE OF",
MI,2027,2026/2027,True,Detroit Salt,Sanilac,Seasonal Back-Up,MiDEAL / State Agency,seasonal_backup,delivered,USD/short ton,300.0,65.21,19563.0,,260000000713,award,price+volume,derived,MI_FY2027_CompassMinerals_260000000713.pdf,41,https://www.michigan.gov/dtmb/-/media/Project/Websites/dtmb/Procurement/Contracts/022/260000000713.pdf?rev=044d384e33124f69856ff95f406d8b63&hash=EDE0618298A9461C637E9129261588D0,b42001c1d85bb1aa8af53b05e4da59e2a811f76be17396a0792a82e3a7a14675,2026-09-09T13:34:00,Sandusky,
MI,2027,2026/2027,True,Detroit Salt,Sanilac,Early Fill,MDOT,early_fill,delivered,USD/short ton,500.0,65.67,32835.0,,260000000712,award,price+volume,derived,MI_FY2027_DetroitSalt_260000000712.pdf,29,https://www.michigan.gov/dtmb/-/media/Project/Websites/dtmb/Procurement/Contracts/MiDEAL/002/260000000712.pdf?rev=8d4ed14d634d466fa9207bb1d92c2458&hash=AAB40CFD3A7E1C61C7C17CA7044DBB4B,79cde6947d8c40afaaa6880a47e91c0cbcc4dd6d45876106c1492033bd40ce51,2026-09-09T13:33:59,Sandusky,
MI,2027,2026/2027,True,Detroit Salt,Sanilac,Early Fill,MDOT,early_fill,delivered,USD/short ton,200.0,65.67,13134.0,,260000000712,award,price+volume,derived,MI_FY2027_DetroitSalt_260000000712.pdf,29,https://www.michigan.gov/dtmb/-/media/Project/Websites/dtmb/Procurement/Contracts/MiDEAL/002/260000000712.pdf?rev=8d4ed14d634d466fa9207bb1d92c2458&hash=AAB40CFD3A7E1C61C7C17CA7044DBB4B,79cde6947d8c40afaaa6880a47e91c0cbcc4dd6d45876106c1492033bd40ce51,2026-09-09T13:33:59,Brown City,
MI,2027,2026/2027,True,Detroit Salt,Sanilac,Early Fill,MDOT,early_fill,delivered,USD/short ton,450.0,65.67,29551.5,,260000000712,award,price+volume,derived,MI_FY2027_DetroitSalt_260000000712.pdf,29,https://www.michigan.gov/dtmb/-/media/Project/Websites/dtmb/Procurement/Contracts/MiDEAL/002/260000000712.pdf?rev=8d4ed14d634d466fa9207bb1d92c2458&hash=AAB40CFD3A7E1C61C7C17CA7044DBB4B,79cde6947d8c40afaaa6880a47e91c0cbcc4dd6d45876106c1492033bd40ce51,2026-09-09T13:33:59,Cedardale,
MI,2027,2026/2027,True,Detroit Salt,Sanilac,Early Fill,MDOT,early_fill,delivered,USD/short ton,500.0,65.67,32835.0,,260000000712,award,price+volume,derived,MI_FY2027_DetroitSalt_260000000712.pdf,29,https://www.michigan.gov/dtmb/-/media/Project/Websites/dtmb/Procurement/Contracts/MiDEAL/002/260000000712.pdf?rev=8d4ed14d634d466fa9207bb1d92c2458&hash=AAB40CFD3A7E1C61C7C17CA7044DBB4B,79cde6947d8c40afaaa6880a47e91c0cbcc4dd6d45876106c1492033bd40ce51,2026-09-09T13:33:59,Croswell,
MI,2027,2026/2027,True,Detroit Salt,Sanilac,Early Fill,MDOT,early_fill,delivered,USD/short ton,500.0,65.67,32835.0,,260000000712,award,price+volume,derived,MI_FY2027_DetroitSalt_260000000712.pdf,29,https://www.michigan.gov/dtmb/-/media/Project/Websites/dtmb/Procurement/Contracts/MiDEAL/002/260000000712.pdf?rev=8d4ed14d634d466fa9207bb1d92c2458&hash=AAB40CFD3A7E1C61C7C17CA7044DBB4B,79cde6947d8c40afaaa6880a47e91c0cbcc4dd6d45876106c1492033bd40ce51,2026-09-09T13:33:59,Snover,
MI,2027,2026/2027,True,Detroit Salt,Sanilac,Seasonal Back-Up,MDOT,seasonal_backup,delivered,USD/short ton,400.0,65.21,26084.0,,260000000712,award,price+volume,derived,MI_FY2027_DetroitSalt_260000000712.pdf,32,https://www.michigan.gov/dtmb/-/media/Project/Websites/dtmb/Procurement/Contracts/MiDEAL/002/260000000712.pdf?rev=8d4ed14d634d466fa9207bb1d92c2458&hash=AAB40CFD3A7E1C61C7C17CA7044DBB4B,79cde6947d8c40afaaa6880a47e91c0cbcc4dd6d45876106c1492033bd40ce51,2026-09-09T13:33:59,Sandusky,
MI,2027,2026/2027,True,Detroit Salt,Sanilac,Seasonal Back-Up,MDOT,seasonal_backup,delivered,USD/short ton,250.0,65.21,16302.5,,260000000712,award,price+volume,derived,MI_FY2027_DetroitSalt_260000000712.pdf,32,https://www.michigan.gov/dtmb/-/media/Project/Websites/dtmb/Procurement/Contracts/MiDEAL/002/260000000712.pdf?rev=8d4ed14d634d466fa9207bb1d92c2458&hash=AAB40CFD3A7E1C61C7C17CA7044DBB4B,79cde6947d8c40afaaa6880a47e91c0cbcc4dd6d45876106c1492033bd40ce51,2026-09-09T13:33:59,Brown City,
MI,2027,2026/2027,True,Detroit Salt,Sanilac,Seasonal Back-Up,MDOT,seasonal_backup,delivered,USD/short ton,400.0,65.21,26084.0,,260000000712,award,price+volume,derived,MI_FY2027_DetroitSalt_260000000712.pdf,32,https://www.michigan.gov/dtmb/-/media/Project/Websites/dtmb/Procurement/Contracts/MiDEAL/002/260000000712.pdf?rev=8d4ed14d634d466fa9207bb1d92c2458&hash=AAB40CFD3A7E1C61C7C17CA7044DBB4B,79cde6947d8c40afaaa6880a47e91c0cbcc4dd6d45876106c1492033bd40ce51,2026-09-09T13:33:59,Cedardale,
MI,2027,2026/2027,True,Detroit Salt,Sanilac,Seasonal Back-Up,MDOT,seasonal_backup,delivered,USD/short ton,450.0,65.21,29344.5,,260000000712,award,price+volume,derived,MI_FY2027_DetroitSalt_260000000712.pdf,32,https://www.michigan.gov/dtmb/-/media/Project/Websites/dtmb/Procurement/Contracts/MiDEAL/002/260000000712.pdf?rev=8d4ed14d634d466fa9207bb1d92c2458&hash=AAB40CFD3A7E1C61C7C17CA7044DBB4B,79cde6947d8c40afaaa6880a47e91c0cbcc4dd6d45876106c1492033bd40ce51,2026-09-09T13:33:59,Croswell,
MI,2027,2026/2027,True,Detroit Salt,Sanilac,Seasonal Back-Up,MDOT,seasonal_backup,delivered,USD/short ton,400.0,65.21,26084.0,,260000000712,award,price+volume,derived,MI_FY2027_DetroitSalt_260000000712.pdf,32,https://www.michigan.gov/dtmb/-/media/Project/Websites/dtmb/Procurement/Contracts/MiDEAL/002/260000000712.pdf?rev=8d4ed14d634d466fa9207bb1d92c2458&hash=AAB40CFD3A7E1C61C7C17CA7044DBB4B,79cde6947d8c40afaaa6880a47e91c0cbcc4dd6d45876106c1492033bd40ce51,2026-09-09T13:33:59,Snover,
MI,2027,2026/2027,True,Detroit Salt,Sanilac,Early Fill,MiDEAL / State Agency,early_fill,delivered,USD/short ton,50.0,65.67,3283.5,,260000000712,award,price+volume,derived,MI_FY2027_DetroitSalt_260000000712.pdf,37,https://www.michigan.gov/dtmb/-/media/Project/Websites/dtmb/Procurement/Contracts/MiDEAL/002/260000000712.pdf?rev=8d4ed14d634d466fa9207bb1d92c2458&hash=AAB40CFD3A7E1C61C7C17CA7044DBB4B,79cde6947d8c40afaaa6880a47e91c0cbcc4dd6d45876106c1492033bd40ce51,2026-09-09T13:33:59,Sandusky,
MI,2027,2026/2027,True,Detroit Salt,Sanilac,Early Fill,MiDEAL / State Agency,early_fill,delivered,USD/short ton,400.0,65.67,26268.0,,260000000712,award,price+volume,derived,MI_FY2027_DetroitSalt_260000000712.pdf,37,https://www.michigan.gov/dtmb/-/media/Project/Websites/dtmb/Procurement/Contracts/MiDEAL/002/260000000712.pdf?rev=8d4ed14d634d466fa9207bb1d92c2458&hash=AAB40CFD3A7E1C61C7C17CA7044DBB4B,79cde6947d8c40afaaa6880a47e91c0cbcc4dd6d45876106c1492033bd40ce51,2026-09-09T13:33:59,"CROSWELL, CITY OF",
MI,2027,2026/2027,True,Detroit Salt,Sanilac,Early Fill,MiDEAL / State Agency,early_fill,delivered,USD/short ton,50.0,65.67,3283.5,,260000000712,award,price+volume,derived,MI_FY2027_DetroitSalt_260000000712.pdf,37,https://www.michigan.gov/dtmb/-/media/Project/Websites/dtmb/Procurement/Contracts/MiDEAL/002/260000000712.pdf?rev=8d4ed14d634d466fa9207bb1d92c2458&hash=AAB40CFD3A7E1C61C7C17CA7044DBB4B,79cde6947d8c40afaaa6880a47e91c0cbcc4dd6d45876106c1492033bd40ce51,2026-09-09T13:33:59,Brown City Community Schools,
MI,2027,2026/2027,True,Detroit Salt,Sanilac,Early Fill,MiDEAL / State Agency,early_fill,delivered,USD/short ton,50.0,65.67,3283.5,,260000000712,award,price+volume,derived,MI_FY2027_DetroitSalt_260000000712.pdf,37,https://www.michigan.gov/dtmb/-/media/Project/Websites/dtmb/Procurement/Contracts/MiDEAL/002/260000000712.pdf?rev=8d4ed14d634d466fa9207bb1d92c2458&hash=AAB40CFD3A7E1C61C7C17CA7044DBB4B,79cde6947d8c40afaaa6880a47e91c0cbcc4dd6d45876106c1492033bd40ce51,2026-09-09T13:33:59,Sandusky Community Schools,
MI,2027,2026/2027,True,Detroit Salt,Sanilac,Early Fill,MiDEAL / State Agency,early_fill,delivered,USD/short ton,50.0,65.67,3283.5,,260000000712,award,price+volume,derived,MI_FY2027_DetroitSalt_260000000712.pdf,37,https://www.michigan.gov/dtmb/-/media/Project/Websites/dtmb/Procurement/Contracts/MiDEAL/002/260000000712.pdf?rev=8d4ed14d634d466fa9207bb1d92c2458&hash=AAB40CFD3A7E1C61C7C17CA7044DBB4B,79cde6947d8c40afaaa6880a47e91c0cbcc4dd6d45876106c1492033bd40ce51,2026-09-09T13:33:59,"LEXINGTON, VILLAGE OF",
MI,2027,2026/2027,True,Detroit Salt,Sanilac,Early Fill,MiDEAL / State Agency,early_fill,delivered,USD/short ton,50.0,65.67,3283.5,,260000000712,award,price+volume,derived,MI_FY2027_DetroitSalt_260000000712.pdf,37,https://www.michigan.gov/dtmb/-/media/Project/Websites/dtmb/Procurement/Contracts/MiDEAL/002/260000000712.pdf?rev=8d4ed14d634d466fa9207bb1d92c2458&hash=AAB40CFD3A7E1C61C7C17CA7044DBB4B,79cde6947d8c40afaaa6880a47e91c0cbcc4dd6d45876106c1492033bd40ce51,2026-09-09T13:33:59,BROWN CITY,
MI,2027,2026/2027,True,Detroit Salt,Sanilac,Early Fill,MiDEAL / State Agency,early_fill,delivered,USD/short ton,500.0,65.67,32835.0,,260000000712,award,price+volume,derived,MI_FY2027_DetroitSalt_260000000712.pdf,37,https://www.michigan.gov/dtmb/-/media/Project/Websites/dtmb/Procurement/Contracts/MiDEAL/002/260000000712.pdf?rev=8d4ed14d634d466fa9207bb1d92c2458&hash=AAB40CFD3A7E1C61C7C17CA7044DBB4B,79cde6947d8c40afaaa6880a47e91c0cbcc4dd6d45876106c1492033bd40ce51,2026-09-09T13:33:59,SANILAC COUNTY ROAD COMMISSION,
MI,2027,2026/2027,True,Detroit Salt,Sanilac,Early Fill,MiDEAL / State Agency,early_fill,delivered,USD/short ton,450.0,65.67,29551.5,,260000000712,award,price+volume,derived,MI_FY2027_DetroitSalt_260000000712.pdf,37,https://www.michigan.gov/dtmb/-/media/Project/Websites/dtmb/Procurement/Contracts/MiDEAL/002/260000000712.pdf?rev=8d4ed14d634d466fa9207bb1d92c2458&hash=AAB40CFD3A7E1C61C7C17CA7044DBB4B,79cde6947d8c40afaaa6880a47e91c0cbcc4dd6d45876106c1492033bd40ce51,2026-09-09T13:33:59,SANILAC COUNTY ROAD COMMISSION,
MI,2027,2026/2027,True,Detroit Salt,Sanilac,Early Fill,MiDEAL / State Agency,early_fill,delivered,USD/short ton,650.0,65.67,42685.5,,260000000712,award,price+volume,derived,MI_FY2027_DetroitSalt_260000000712.pdf,37,https://www.michigan.gov/dtmb/-/media/Project/Websites/dtmb/Procurement/Contracts/MiDEAL/002/260000000712.pdf?rev=8d4ed14d634d466fa9207bb1d92c2458&hash=AAB40CFD3A7E1C61C7C17CA7044DBB4B,79cde6947d8c40afaaa6880a47e91c0cbcc4dd6d45876106c1492033bd40ce51,2026-09-09T13:33:59,SANILAC COUNTY ROAD COMMISSION,
MI,2027,2026/2027,True,Detroit Salt,Sanilac,Early Fill,MiDEAL / State Agency,early_fill,delivered,USD/short ton,700.0,65.67,45969.0,,260000000712,award,price+volume,derived,MI_FY2027_DetroitSalt_260000000712.pdf,37,https://www.michigan.gov/dtmb/-/media/Project/Websites/dtmb/Procurement/Contracts/MiDEAL/002/260000000712.pdf?rev=8d4ed14d634d466fa9207bb1d92c2458&hash=AAB40CFD3A7E1C61C7C17CA7044DBB4B,79cde6947d8c40afaaa6880a47e91c0cbcc4dd6d45876106c1492033bd40ce51,2026-09-09T13:33:59,SANILAC COUNTY ROAD COMMISSION,
MI,2027,2026/2027,True,Detroit Salt,Sanilac,Early Fill,MiDEAL / State Agency,early_fill,delivered,USD/short ton,300.0,65.67,19701.0,,260000000712,award,price+volume,derived,MI_FY2027_DetroitSalt_260000000712.pdf,37,https://www.michigan.gov/dtmb/-/media/Project/Websites/dtmb/Procurement/Contracts/MiDEAL/002/260000000712.pdf?rev=8d4ed14d634d466fa9207bb1d92c2458&hash=AAB40CFD3A7E1C61C7C17CA7044DBB4B,79cde6947d8c40afaaa6880a47e91c0cbcc4dd6d45876106c1492033bd40ce51,2026-09-09T13:33:59,SANILAC COUNTY ROAD COMMISSION,
MI,2027,2026/2027,True,Detroit Salt,Sanilac,Early Fill,MiDEAL / State Agency,early_fill,delivered,USD/short ton,50.0,65.67,3283.5,,260000000712,award,price+volume,derived,MI_FY2027_DetroitSalt_260000000712.pdf,37,https://www.michigan.gov/dtmb/-/media/Project/Websites/dtmb/Procurement/Contracts/MiDEAL/002/260000000712.pdf?rev=8d4ed14d634d466fa9207bb1d92c2458&hash=AAB40CFD3A7E1C61C7C17CA7044DBB4B,79cde6947d8c40afaaa6880a47e91c0cbcc4dd6d45876106c1492033bd40ce51,2026-09-09T13:33:59,"DECKERVILLE, VILLAGE OF",
MI,2027,2026/2027,True,Detroit Salt,Shiawassee,Seasonal Back-Up,MiDEAL / State Agency,seasonal_backup,delivered,USD/short ton,50.0,63.7,3185.0,,260000000713,award,price+volume,derived,MI_FY2027_CompassMinerals_260000000713.pdf,41,https://www.michigan.gov/dtmb/-/media/Project/Websites/dtmb/Procurement/Contracts/022/260000000713.pdf?rev=044d384e33124f69856ff95f406d8b63&hash=EDE0618298A9461C637E9129261588D0,b42001c1d85bb1aa8af53b05e4da59e2a811f76be17396a0792a82e3a7a14675,2026-09-09T13:34:00,"PERRY, CITY OF",
MI,2027,2026/2027,True,Detroit Salt,Shiawassee,Seasonal Back-Up,MiDEAL / State Agency,seasonal_backup,delivered,USD/short ton,1500.0,63.7,95550.0,,260000000713,award,price+volume,derived,MI_FY2027_CompassMinerals_260000000713.pdf,41,https://www.michigan.gov/dtmb/-/media/Project/Websites/dtmb/Procurement/Contracts/022/260000000713.pdf?rev=044d384e33124f69856ff95f406d8b63&hash=EDE0618298A9461C637E9129261588D0,b42001c1d85bb1aa8af53b05e4da59e2a811f76be17396a0792a82e3a7a14675,2026-09-09T13:34:00,SHIAWASSEE COUNTY ROAD COMMISSION,
MI,2027,2026/2027,True,Detroit Salt,Shiawassee,Seasonal Back-Up,MiDEAL / State Agency,seasonal_backup,delivered,USD/short ton,250.0,63.7,15925.0,,260000000713,award,price+volume,derived,MI_FY2027_CompassMinerals_260000000713.pdf,41,https://www.michigan.gov/dtmb/-/media/Project/Websites/dtmb/Procurement/Contracts/022/260000000713.pdf?rev=044d384e33124f69856ff95f406d8b63&hash=EDE0618298A9461C637E9129261588D0,b42001c1d85bb1aa8af53b05e4da59e2a811f76be17396a0792a82e3a7a14675,2026-09-09T13:34:00,SHIAWASSEE COUNTY ROAD COMMISSION,
MI,2027,2026/2027,True,Detroit Salt,Shiawassee,Seasonal Back-Up,MiDEAL / State Agency,seasonal_backup,delivered,USD/short ton,50.0,63.7,3185.0,,260000000713,award,price+volume,derived,MI_FY2027_CompassMinerals_260000000713.pdf,41,https://www.michigan.gov/dtmb/-/media/Project/Websites/dtmb/Procurement/Contracts/022/260000000713.pdf?rev=044d384e33124f69856ff95f406d8b63&hash=EDE0618298A9461C637E9129261588D0,b42001c1d85bb1aa8af53b05e4da59e2a811f76be17396a0792a82e3a7a14675,2026-09-09T13:34:00,DURAND AREA SCHOOLS,
MI,2027,2026/2027,True,Detroit Salt,Shiawassee,Seasonal Back-Up,MiDEAL / State Agency,seasonal_backup,delivered,USD/short ton,1400.0,63.7,89180.0,,260000000713,award,price+volume,derived,MI_FY2027_CompassMinerals_260000000713.pdf,41,https://www.michigan.gov/dtmb/-/media/Project/Websites/dtmb/Procurement/Contracts/022/260000000713.pdf?rev=044d384e33124f69856ff95f406d8b63&hash=EDE0618298A9461C637E9129261588D0,b42001c1d85bb1aa8af53b05e4da59e2a811f76be17396a0792a82e3a7a14675,2026-09-09T13:34:00,"OWOSSO, CITY OF",
MI,2027,2026/2027,True,Detroit Salt,Shiawassee,Seasonal Back-Up,MiDEAL / State Agency,seasonal_backup,delivered,USD/short ton,100.0,63.7,6370.0,,260000000713,award,price+volume,derived,MI_FY2027_CompassMinerals_260000000713.pdf,41,https://www.michigan.gov/dtmb/-/media/Project/Websites/dtmb/Procurement/Contracts/022/260000000713.pdf?rev=044d384e33124f69856ff95f406d8b63&hash=EDE0618298A9461C637E9129261588D0,b42001c1d85bb1aa8af53b05e4da59e2a811f76be17396a0792a82e3a7a14675,2026-09-09T13:34:00,"DURAND, CITY OF",
MI,2027,2026/2027,True,Detroit Salt,Shiawassee,Seasonal Back-Up,MiDEAL / State Agency,seasonal_backup,delivered,USD/short ton,50.0,63.7,3185.0,,260000000713,award,price+volume,derived,MI_FY2027_CompassMinerals_260000000713.pdf,41,https://www.michigan.gov/dtmb/-/media/Project/Websites/dtmb/Procurement/Contracts/022/260000000713.pdf?rev=044d384e33124f69856ff95f406d8b63&hash=EDE0618298A9461C637E9129261588D0,b42001c1d85bb1aa8af53b05e4da59e2a811f76be17396a0792a82e3a7a14675,2026-09-09T13:34:00,"BYRON, VILLAGE OF",
MI,2027,2026/2027,True,Detroit Salt,Shiawassee,Seasonal Back-Up,MiDEAL / State Agency,seasonal_backup,delivered,USD/short ton,50.0,63.7,3185.0,,260000000713,award,price+volume,derived,MI_FY2027_CompassMinerals_260000000713.pdf,41,https://www.michigan.gov/dtmb/-/media/Project/Websites/dtmb/Procurement/Contracts/022/260000000713.pdf?rev=044d384e33124f69856ff95f406d8b63&hash=EDE0618298A9461C637E9129261588D0,b42001c1d85bb1aa8af53b05e4da59e2a811f76be17396a0792a82e3a7a14675,2026-09-09T13:34:00,Shiawassee RESD,
MI,2027,2026/2027,True,Detroit Salt,Shiawassee,Seasonal Back-Up,MiDEAL / State Agency,seasonal_backup,delivered,USD/short ton,50.0,63.7,3185.0,,260000000713,award,price+volume,derived,MI_FY2027_CompassMinerals_260000000713.pdf,42,https://www.michigan.gov/dtmb/-/media/Project/Websites/dtmb/Procurement/Contracts/022/260000000713.pdf?rev=044d384e33124f69856ff95f406d8b63&hash=EDE0618298A9461C637E9129261588D0,b42001c1d85bb1aa8af53b05e4da59e2a811f76be17396a0792a82e3a7a14675,2026-09-09T13:34:00,City of Laingsburg,
MI,2027,2026/2027,True,Detroit Salt,Shiawassee,Early Fill,MDOT,early_fill,delivered,USD/short ton,200.0,67.08,13416.0,,260000000712,award,price+volume,derived,MI_FY2027_DetroitSalt_260000000712.pdf,29,https://www.michigan.gov/dtmb/-/media/Project/Websites/dtmb/Procurement/Contracts/MiDEAL/002/260000000712.pdf?rev=8d4ed14d634d466fa9207bb1d92c2458&hash=AAB40CFD3A7E1C61C7C17CA7044DBB4B,79cde6947d8c40afaaa6880a47e91c0cbcc4dd6d45876106c1492033bd40ce51,2026-09-09T13:33:59,Corunna,
MI,2027,2026/2027,True,Detroit Salt,Shiawassee,Early Fill,MDOT,early_fill,delivered,USD/short ton,800.0,67.08,53664.0,,260000000712,award,price+volume,derived,MI_FY2027_DetroitSalt_260000000712.pdf,29,https://www.michigan.gov/dtmb/-/media/Project/Websites/dtmb/Procurement/Contracts/MiDEAL/002/260000000712.pdf?rev=8d4ed14d634d466fa9207bb1d92c2458&hash=AAB40CFD3A7E1C61C7C17CA7044DBB4B,79cde6947d8c40afaaa6880a47e91c0cbcc4dd6d45876106c1492033bd40ce51,2026-09-09T13:33:59,Perry,
MI,2027,2026/2027,True,Detroit Salt,Shiawassee,Seasonal Back-Up,MDOT,seasonal_backup,delivered,USD/short ton,1500.0,63.7,95550.0,,260000000712,award,price+volume,derived,MI_FY2027_DetroitSalt_260000000712.pdf,32,https://www.michigan.gov/dtmb/-/media/Project/Websites/dtmb/Procurement/Contracts/MiDEAL/002/260000000712.pdf?rev=8d4ed14d634d466fa9207bb1d92c2458&hash=AAB40CFD3A7E1C61C7C17CA7044DBB4B,79cde6947d8c40afaaa6880a47e91c0cbcc4dd6d45876106c1492033bd40ce51,2026-09-09T13:33:59,Corunna,
MI,2027,2026/2027,True,Detroit Salt,Shiawassee,Early Fill,MiDEAL / State Agency,early_fill,delivered,USD/short ton,400.0,67.08,26832.0,,260000000712,award,price+volume,derived,MI_FY2027_DetroitSalt_260000000712.pdf,37,https://www.michigan.gov/dtmb/-/media/Project/Websites/dtmb/Procurement/Contracts/MiDEAL/002/260000000712.pdf?rev=8d4ed14d634d466fa9207bb1d92c2458&hash=AAB40CFD3A7E1C61C7C17CA7044DBB4B,79cde6947d8c40afaaa6880a47e91c0cbcc4dd6d45876106c1492033bd40ce51,2026-09-09T13:33:59,"OWOSSO, CITY OF",
MI,2027,2026/2027,True,Detroit Salt,Shiawassee,Early Fill,MiDEAL / State Agency,early_fill,delivered,USD/short ton,50.0,67.08,3354.0,,260000000712,award,price+volume,derived,MI_FY2027_DetroitSalt_260000000712.pdf,37,https://www.michigan.gov/dtmb/-/media/Project/Websites/dtmb/Procurement/Contracts/MiDEAL/002/260000000712.pdf?rev=8d4ed14d634d466fa9207bb1d92c2458&hash=AAB40CFD3A7E1C61C7C17CA7044DBB4B,79cde6947d8c40afaaa6880a47e91c0cbcc4dd6d45876106c1492033bd40ce51,2026-09-09T13:33:59,DURAND AREA SCHOOLS,
MI,2027,2026/2027,True,Detroit Salt,Shiawassee,Early Fill,MiDEAL / State Agency,early_fill,delivered,USD/short ton,50.0,67.08,3354.0,,260000000712,award,price+volume,derived,MI_FY2027_DetroitSalt_260000000712.pdf,37,https://www.michigan.gov/dtmb/-/media/Project/Websites/dtmb/Procurement/Contracts/MiDEAL/002/260000000712.pdf?rev=8d4ed14d634d466fa9207bb1d92c2458&hash=AAB40CFD3A7E1C61C7C17CA7044DBB4B,79cde6947d8c40afaaa6880a47e91c0cbcc4dd6d45876106c1492033bd40ce51,2026-09-09T13:33:59,"BYRON, VILLAGE OF",
MI,2027,2026/2027,True,Detroit Salt,Shiawassee,Early Fill,MiDEAL / State Agency,early_fill,delivered,USD/short ton,2000.0,67.08,134160.0,,260000000712,award,price+volume,derived,MI_FY2027_DetroitSalt_260000000712.pdf,37,https://www.michigan.gov/dtmb/-/media/Project/Websites/dtmb/Procurement/Contracts/MiDEAL/002/260000000712.pdf?rev=8d4ed14d634d466fa9207bb1d92c2458&hash=AAB40CFD3A7E1C61C7C17CA7044DBB4B,79cde6947d8c40afaaa6880a47e91c0cbcc4dd6d45876106c1492033bd40ce51,2026-09-09T13:33:59,SHIAWASSEE COUNTY ROAD COMMISSION,
MI,2027,2026/2027,True,Detroit Salt,Shiawassee,Early Fill,MiDEAL / State Agency,early_fill,delivered,USD/short ton,500.0,67.08,33540.0,,260000000712,award,price+volume,derived,MI_FY2027_DetroitSalt_260000000712.pdf,37,https://www.michigan.gov/dtmb/-/media/Project/Websites/dtmb/Procurement/Contracts/MiDEAL/002/260000000712.pdf?rev=8d4ed14d634d466fa9207bb1d92c2458&hash=AAB40CFD3A7E1C61C7C17CA7044DBB4B,79cde6947d8c40afaaa6880a47e91c0cbcc4dd6d45876106c1492033bd40ce51,2026-09-09T13:33:59,SHIAWASSEE COUNTY ROAD COMMISSION,
MI,2027,2026/2027,True,Detroit Salt,Shiawassee,Early Fill,MiDEAL / State Agency,early_fill,delivered,USD/short ton,150.0,67.08,10062.0,,260000000712,award,price+volume,derived,MI_FY2027_DetroitSalt_260000000712.pdf,37,https://www.michigan.gov/dtmb/-/media/Project/Websites/dtmb/Procurement/Contracts/MiDEAL/002/260000000712.pdf?rev=8d4ed14d634d466fa9207bb1d92c2458&hash=AAB40CFD3A7E1C61C7C17CA7044DBB4B,79cde6947d8c40afaaa6880a47e91c0cbcc4dd6d45876106c1492033bd40ce51,2026-09-09T13:33:59,"DURAND, CITY OF",
MI,2027,2026/2027,True,Detroit Salt,Shiawassee,Early Fill,MiDEAL / State Agency,early_fill,delivered,USD/short ton,100.0,67.08,6708.0,,260000000712,award,price+volume,derived,MI_FY2027_DetroitSalt_260000000712.pdf,37,https://www.michigan.gov/dtmb/-/media/Project/Websites/dtmb/Procurement/Contracts/MiDEAL/002/260000000712.pdf?rev=8d4ed14d634d466fa9207bb1d92c2458&hash=AAB40CFD3A7E1C61C7C17CA7044DBB4B,79cde6947d8c40afaaa6880a47e91c0cbcc4dd6d45876106c1492033bd40ce51,2026-09-09T13:33:59,"PERRY, CITY OF",
MI,2027,2026/2027,True,Detroit Salt,Shiawassee,Early Fill,MiDEAL / State Agency,early_fill,delivered,USD/short ton,100.0,67.08,6708.0,,260000000712,award,price+volume,derived,MI_FY2027_DetroitSalt_260000000712.pdf,37,https://www.michigan.gov/dtmb/-/media/Project/Websites/dtmb/Procurement/Contracts/MiDEAL/002/260000000712.pdf?rev=8d4ed14d634d466fa9207bb1d92c2458&hash=AAB40CFD3A7E1C61C7C17CA7044DBB4B,79cde6947d8c40afaaa6880a47e91c0cbcc4dd6d45876106c1492033bd40ce51,2026-09-09T13:33:59,"MORRICE, VILLAGE OF",
MI,2027,2026/2027,True,Detroit Salt,Shiawassee,Early Fill,MiDEAL / State Agency,early_fill,delivered,USD/short ton,100.0,67.08,6708.0,,260000000712,award,price+volume,derived,MI_FY2027_DetroitSalt_260000000712.pdf,37,https://www.michigan.gov/dtmb/-/media/Project/Websites/dtmb/Procurement/Contracts/MiDEAL/002/260000000712.pdf?rev=8d4ed14d634d466fa9207bb1d92c2458&hash=AAB40CFD3A7E1C61C7C17CA7044DBB4B,79cde6947d8c40afaaa6880a47e91c0cbcc4dd6d45876106c1492033bd40ce51,2026-09-09T13:33:59,Shiawassee RESD,
MI,2027,2026/2027,True,Detroit Salt,Shiawassee,Early Fill,MiDEAL / State Agency,early_fill,delivered,USD/short ton,50.0,67.08,3354.0,,260000000712,award,price+volume,derived,MI_FY2027_DetroitSalt_260000000712.pdf,37,https://www.michigan.gov/dtmb/-/media/Project/Websites/dtmb/Procurement/Contracts/MiDEAL/002/260000000712.pdf?rev=8d4ed14d634d466fa9207bb1d92c2458&hash=AAB40CFD3A7E1C61C7C17CA7044DBB4B,79cde6947d8c40afaaa6880a47e91c0cbcc4dd6d45876106c1492033bd40ce51,2026-09-09T13:33:59,City of Laingsburg,
MI,2027,2026/2027,True,Detroit Salt,St. Clair,Seasonal Back-Up,MiDEAL / State Agency,seasonal_backup,delivered,USD/short ton,400.0,58.97,23588.0,,260000000713,award,price+volume,derived,MI_FY2027_CompassMinerals_260000000713.pdf,42,https://www.michigan.gov/dtmb/-/media/Project/Websites/dtmb/Procurement/Contracts/022/260000000713.pdf?rev=044d384e33124f69856ff95f406d8b63&hash=EDE0618298A9461C637E9129261588D0,b42001c1d85bb1aa8af53b05e4da59e2a811f76be17396a0792a82e3a7a14675,2026-09-09T13:34:00,"ST. CLAIR, CITY OF",
MI,2027,2026/2027,True,Detroit Salt,St. Clair,Seasonal Back-Up,MiDEAL / State Agency,seasonal_backup,delivered,USD/short ton,600.0,58.97,35382.0,,260000000713,award,price+volume,derived,MI_FY2027_CompassMinerals_260000000713.pdf,42,https://www.michigan.gov/dtmb/-/media/Project/Websites/dtmb/Procurement/Contracts/022/260000000713.pdf?rev=044d384e33124f69856ff95f406d8b63&hash=EDE0618298A9461C637E9129261588D0,b42001c1d85bb1aa8af53b05e4da59e2a811f76be17396a0792a82e3a7a14675,2026-09-09T13:34:00,PORT HURON AREA SCHOOL DISTRICT,
MI,2027,2026/2027,True,Detroit Salt,St. Clair,Seasonal Back-Up,MiDEAL / State Agency,seasonal_backup,delivered,USD/short ton,50.0,58.97,2948.5,,260000000713,award,price+volume,derived,MI_FY2027_CompassMinerals_260000000713.pdf,42,https://www.michigan.gov/dtmb/-/media/Project/Websites/dtmb/Procurement/Contracts/022/260000000713.pdf?rev=044d384e33124f69856ff95f406d8b63&hash=EDE0618298A9461C637E9129261588D0,b42001c1d85bb1aa8af53b05e4da59e2a811f76be17396a0792a82e3a7a14675,2026-09-09T13:34:00,"CAPAC, VILLAGE OF",
MI,2027,2026/2027,True,Detroit Salt,St. Clair,Seasonal Back-Up,MiDEAL / State Agency,seasonal_backup,delivered,USD/short ton,50.0,58.97,2948.5,,260000000713,award,price+volume,derived,MI_FY2027_CompassMinerals_260000000713.pdf,42,https://www.michigan.gov/dtmb/-/media/Project/Websites/dtmb/Procurement/Contracts/022/260000000713.pdf?rev=044d384e33124f69856ff95f406d8b63&hash=EDE0618298A9461C637E9129261588D0,b42001c1d85bb1aa8af53b05e4da59e2a811f76be17396a0792a82e3a7a14675,2026-09-09T13:34:00,"ALGONAC, CITY OF",
MI,2027,2026/2027,True,Detroit Salt,St. Clair,Seasonal Back-Up,MiDEAL / State Agency,seasonal_backup,delivered,USD/short ton,1800.0,58.97,106146.0,,260000000713,award,price+volume,derived,MI_FY2027_CompassMinerals_260000000713.pdf,42,https://www.michigan.gov/dtmb/-/media/Project/Websites/dtmb/Procurement/Contracts/022/260000000713.pdf?rev=044d384e33124f69856ff95f406d8b63&hash=EDE0618298A9461C637E9129261588D0,b42001c1d85bb1aa8af53b05e4da59e2a811f76be17396a0792a82e3a7a14675,2026-09-09T13:34:00,MARYSVILLE POLICE DEPT,
MI,2027,2026/2027,True,Detroit Salt,St. Clair,Seasonal Back-Up,MiDEAL / State Agency,seasonal_backup,delivered,USD/short ton,50.0,58.97,2948.5,,260000000713,award,price+volume,derived,MI_FY2027_CompassMinerals_260000000713.pdf,42,https://www.michigan.gov/dtmb/-/media/Project/Websites/dtmb/Procurement/Contracts/022/260000000713.pdf?rev=044d384e33124f69856ff95f406d8b63&hash=EDE0618298A9461C637E9129261588D0,b42001c1d85bb1aa8af53b05e4da59e2a811f76be17396a0792a82e3a7a14675,2026-09-09T13:34:00,YALE PUBLIC SCHOOLS,
MI,2027,2026/2027,True,Detroit Salt,St. Clair,Seasonal Back-Up,MiDEAL / State Agency,seasonal_backup,delivered,USD/short ton,2000.0,58.97,117940.0,,260000000713,award,price+volume,derived,MI_FY2027_CompassMinerals_260000000713.pdf,42,https://www.michigan.gov/dtmb/-/media/Project/Websites/dtmb/Procurement/Contracts/022/260000000713.pdf?rev=044d384e33124f69856ff95f406d8b63&hash=EDE0618298A9461C637E9129261588D0,b42001c1d85bb1aa8af53b05e4da59e2a811f76be17396a0792a82e3a7a14675,2026-09-09T13:34:00,"PORT HURON, CITY OF",
MI,2027,2026/2027,True,Detroit Salt,St. Clair,Seasonal Back-Up,MiDEAL / State Agency,seasonal_backup,delivered,USD/short ton,3000.0,58.97,176910.0,,260000000713,award,price+volume,derived,MI_FY2027_CompassMinerals_260000000713.pdf,42,https://www.michigan.gov/dtmb/-/media/Project/Websites/dtmb/Procurement/Contracts/022/260000000713.pdf?rev=044d384e33124f69856ff95f406d8b63&hash=EDE0618298A9461C637E9129261588D0,b42001c1d85bb1aa8af53b05e4da59e2a811f76be17396a0792a82e3a7a14675,2026-09-09T13:34:00,ST. CLAIR COUNTY ROAD COMMISSION,
MI,2027,2026/2027,True,Detroit Salt,St. Clair,Seasonal Back-Up,MiDEAL / State Agency,seasonal_backup,delivered,USD/short ton,2600.0,58.97,153322.0,,260000000713,award,price+volume,derived,MI_FY2027_CompassMinerals_260000000713.pdf,42,https://www.michigan.gov/dtmb/-/media/Project/Websites/dtmb/Procurement/Contracts/022/260000000713.pdf?rev=044d384e33124f69856ff95f406d8b63&hash=EDE0618298A9461C637E9129261588D0,b42001c1d85bb1aa8af53b05e4da59e2a811f76be17396a0792a82e3a7a14675,2026-09-09T13:34:00,ST. CLAIR COUNTY ROAD COMMISSION,
MI,2027,2026/2027,True,Detroit Salt,St. Clair,Seasonal Back-Up,MiDEAL / State Agency,seasonal_backup,delivered,USD/short ton,8200.0,58.97,483554.0,,260000000713,award,price+volume,derived,MI_FY2027_CompassMinerals_260000000713.pdf,42,https://www.michigan.gov/dtmb/-/media/Project/Websites/dtmb/Procurement/Contracts/022/260000000713.pdf?rev=044d384e33124f69856ff95f406d8b63&hash=EDE0618298A9461C637E9129261588D0,b42001c1d85bb1aa8af53b05e4da59e2a811f76be17396a0792a82e3a7a14675,2026-09-09T13:34:00,ST. CLAIR COUNTY ROAD COMMISSION,
MI,2027,2026/2027,True,Detroit Salt,St. Clair,Seasonal Back-Up,MiDEAL / State Agency,seasonal_backup,delivered,USD/short ton,3000.0,58.97,176910.0,,260000000713,award,price+volume,derived,MI_FY2027_CompassMinerals_260000000713.pdf,42,https://www.michigan.gov/dtmb/-/media/Project/Websites/dtmb/Procurement/Contracts/022/260000000713.pdf?rev=044d384e33124f69856ff95f406d8b63&hash=EDE0618298A9461C637E9129261588D0,b42001c1d85bb1aa8af53b05e4da59e2a811f76be17396a0792a82e3a7a14675,2026-09-09T13:34:00,ST. CLAIR COUNTY ROAD COMMISSION,
MI,2027,2026/2027,True,Detroit Salt,St. Clair,Seasonal Back-Up,MiDEAL / State Agency,seasonal_backup,delivered,USD/short ton,50.0,58.97,2948.5,,260000000713,award,price+volume,derived,MI_FY2027_CompassMinerals_260000000713.pdf,42,https://www.michigan.gov/dtmb/-/media/Project/Websites/dtmb/Procurement/Contracts/022/260000000713.pdf?rev=044d384e33124f69856ff95f406d8b63&hash=EDE0618298A9461C637E9129261588D0,b42001c1d85bb1aa8af53b05e4da59e2a811f76be17396a0792a82e3a7a14675,2026-09-09T13:34:00,City of Yale,
MI,2027,2026/2027,True,Detroit Salt,St. Clair,Seasonal Back-Up,MiDEAL / State Agency,seasonal_backup,delivered,USD/short ton,50.0,58.97,2948.5,,260000000713,award,price+volume,derived,MI_FY2027_CompassMinerals_260000000713.pdf,42,https://www.michigan.gov/dtmb/-/media/Project/Websites/dtmb/Procurement/Contracts/022/260000000713.pdf?rev=044d384e33124f69856ff95f406d8b63&hash=EDE0618298A9461C637E9129261588D0,b42001c1d85bb1aa8af53b05e4da59e2a811f76be17396a0792a82e3a7a14675,2026-09-09T13:34:00,PORT HURON HOUSING COMMISSION,
MI,2027,2026/2027,True,Detroit Salt,St. Clair,Early Fill,MDOT,early_fill,delivered,USD/short ton,1400.0,64.09,89726.0,,260000000712,award,price+volume,derived,MI_FY2027_DetroitSalt_260000000712.pdf,29,https://www.michigan.gov/dtmb/-/media/Project/Websites/dtmb/Procurement/Contracts/MiDEAL/002/260000000712.pdf?rev=8d4ed14d634d466fa9207bb1d92c2458&hash=AAB40CFD3A7E1C61C7C17CA7044DBB4B,79cde6947d8c40afaaa6880a47e91c0cbcc4dd6d45876106c1492033bd40ce51,2026-09-09T13:33:59,Blue Water,
MI,2027,2026/2027,True,Detroit Salt,St. Clair,Seasonal Back-Up,MDOT,seasonal_backup,delivered,USD/short ton,600.0,58.97,35382.0,,260000000712,award,price+volume,derived,MI_FY2027_DetroitSalt_260000000712.pdf,33,https://www.michigan.gov/dtmb/-/media/Project/Websites/dtmb/Procurement/Contracts/MiDEAL/002/260000000712.pdf?rev=8d4ed14d634d466fa9207bb1d92c2458&hash=AAB40CFD3A7E1C61C7C17CA7044DBB4B,79cde6947d8c40afaaa6880a47e91c0cbcc4dd6d45876106c1492033bd40ce51,2026-09-09T13:33:59,Blue Water,
MI,2027,2026/2027,True,Detroit Salt,St. Clair,Early Fill,MiDEAL / State Agency,early_fill,delivered,USD/short ton,50.0,64.09,3204.5,,260000000712,award,price+volume,derived,MI_FY2027_DetroitSalt_260000000712.pdf,37,https://www.michigan.gov/dtmb/-/media/Project/Websites/dtmb/Procurement/Contracts/MiDEAL/002/260000000712.pdf?rev=8d4ed14d634d466fa9207bb1d92c2458&hash=AAB40CFD3A7E1C61C7C17CA7044DBB4B,79cde6947d8c40afaaa6880a47e91c0cbcc4dd6d45876106c1492033bd40ce51,2026-09-09T13:33:59,City of Yale,
MI,2027,2026/2027,True,Detroit Salt,St. Clair,Early Fill,MiDEAL / State Agency,early_fill,delivered,USD/short ton,200.0,64.09,12818.0,,260000000712,award,price+volume,derived,MI_FY2027_DetroitSalt_260000000712.pdf,37,https://www.michigan.gov/dtmb/-/media/Project/Websites/dtmb/Procurement/Contracts/MiDEAL/002/260000000712.pdf?rev=8d4ed14d634d466fa9207bb1d92c2458&hash=AAB40CFD3A7E1C61C7C17CA7044DBB4B,79cde6947d8c40afaaa6880a47e91c0cbcc4dd6d45876106c1492033bd40ce51,2026-09-09T13:33:59,"CAPAC, VILLAGE OF",
MI,2027,2026/2027,True,Detroit Salt,St. Clair,Early Fill,MiDEAL / State Agency,early_fill,delivered,USD/short ton,50.0,64.09,3204.5,,260000000712,award,price+volume,derived,MI_FY2027_DetroitSalt_260000000712.pdf,37,https://www.michigan.gov/dtmb/-/media/Project/Websites/dtmb/Procurement/Contracts/MiDEAL/002/260000000712.pdf?rev=8d4ed14d634d466fa9207bb1d92c2458&hash=AAB40CFD3A7E1C61C7C17CA7044DBB4B,79cde6947d8c40afaaa6880a47e91c0cbcc4dd6d45876106c1492033bd40ce51,2026-09-09T13:33:59,PORT HURON AREA SCHOOL DISTRICT,
MI,2027,2026/2027,True,Detroit Salt,St. Clair,Early Fill,MiDEAL / State Agency,early_fill,delivered,USD/short ton,2500.0,64.09,160225.0,,260000000712,award,price+volume,derived,MI_FY2027_DetroitSalt_260000000712.pdf,37,https://www.michigan.gov/dtmb/-/media/Project/Websites/dtmb/Procurement/Contracts/MiDEAL/002/260000000712.pdf?rev=8d4ed14d634d466fa9207bb1d92c2458&hash=AAB40CFD3A7E1C61C7C17CA7044DBB4B,79cde6947d8c40afaaa6880a47e91c0cbcc4dd6d45876106c1492033bd40ce51,2026-09-09T13:33:59,"PORT HURON, CITY OF",
MI,2027,2026/2027,True,Detroit Salt,St. Clair,Early Fill,MiDEAL / State Agency,early_fill,delivered,USD/short ton,500.0,64.09,32045.0,,260000000712,award,price+volume,derived,MI_FY2027_DetroitSalt_260000000712.pdf,37,https://www.michigan.gov/dtmb/-/media/Project/Websites/dtmb/Procurement/Contracts/MiDEAL/002/260000000712.pdf?rev=8d4ed14d634d466fa9207bb1d92c2458&hash=AAB40CFD3A7E1C61C7C17CA7044DBB4B,79cde6947d8c40afaaa6880a47e91c0cbcc4dd6d45876106c1492033bd40ce51,2026-09-09T13:33:59,MARYSVILLE POLICE DEPT,
MI,2027,2026/2027,True,Detroit Salt,St. Clair,Early Fill,MiDEAL / State Agency,early_fill,delivered,USD/short ton,50.0,64.09,3204.5,,260000000712,award,price+volume,derived,MI_FY2027_DetroitSalt_260000000712.pdf,37,https://www.michigan.gov/dtmb/-/media/Project/Websites/dtmb/Procurement/Contracts/MiDEAL/002/260000000712.pdf?rev=8d4ed14d634d466fa9207bb1d92c2458&hash=AAB40CFD3A7E1C61C7C17CA7044DBB4B,79cde6947d8c40afaaa6880a47e91c0cbcc4dd6d45876106c1492033bd40ce51,2026-09-09T13:33:59,ALGONAC COMMUNITY SCHOOLS,
MI,2027,2026/2027,True,Detroit Salt,St. Clair,Early Fill,MiDEAL / State Agency,early_fill,delivered,USD/short ton,150.0,64.09,9613.5,,260000000712,award,price+volume,derived,MI_FY2027_DetroitSalt_260000000712.pdf,37,https://www.michigan.gov/dtmb/-/media/Project/Websites/dtmb/Procurement/Contracts/MiDEAL/002/260000000712.pdf?rev=8d4ed14d634d466fa9207bb1d92c2458&hash=AAB40CFD3A7E1C61C7C17CA7044DBB4B,79cde6947d8c40afaaa6880a47e91c0cbcc4dd6d45876106c1492033bd40ce51,2026-09-09T13:33:59,MARYSVILLE PUBLIC SCHOOL DISTRICT,
MI,2027,2026/2027,True,Detroit Salt,St. Clair,Early Fill,MiDEAL / State Agency,early_fill,delivered,USD/short ton,1000.0,64.09,64090.0,,260000000712,award,price+volume,derived,MI_FY2027_DetroitSalt_260000000712.pdf,37,https://www.michigan.gov/dtmb/-/media/Project/Websites/dtmb/Procurement/Contracts/MiDEAL/002/260000000712.pdf?rev=8d4ed14d634d466fa9207bb1d92c2458&hash=AAB40CFD3A7E1C61C7C17CA7044DBB4B,79cde6947d8c40afaaa6880a47e91c0cbcc4dd6d45876106c1492033bd40ce51,2026-09-09T13:33:59,ST. CLAIR COUNTY ROAD COMMISSION,
MI,2027,2026/2027,True,Detroit Salt,St. Clair,Early Fill,MiDEAL / State Agency,early_fill,delivered,USD/short ton,650.0,64.09,41658.5,,260000000712,award,price+volume,derived,MI_FY2027_DetroitSalt_260000000712.pdf,37,https://www.michigan.gov/dtmb/-/media/Project/Websites/dtmb/Procurement/Contracts/MiDEAL/002/260000000712.pdf?rev=8d4ed14d634d466fa9207bb1d92c2458&hash=AAB40CFD3A7E1C61C7C17CA7044DBB4B,79cde6947d8c40afaaa6880a47e91c0cbcc4dd6d45876106c1492033bd40ce51,2026-09-09T13:33:59,ST. CLAIR COUNTY ROAD COMMISSION,
MI,2027,2026/2027,True,Detroit Salt,St. Clair,Early Fill,MiDEAL / State Agency,early_fill,delivered,USD/short ton,1000.0,64.09,64090.0,,260000000712,award,price+volume,derived,MI_FY2027_DetroitSalt_260000000712.pdf,37,https://www.michigan.gov/dtmb/-/media/Project/Websites/dtmb/Procurement/Contracts/MiDEAL/002/260000000712.pdf?rev=8d4ed14d634d466fa9207bb1d92c2458&hash=AAB40CFD3A7E1C61C7C17CA7044DBB4B,79cde6947d8c40afaaa6880a47e91c0cbcc4dd6d45876106c1492033bd40ce51,2026-09-09T13:33:59,ST. CLAIR COUNTY ROAD COMMISSION,
MI,2027,2026/2027,True,Detroit Salt,St. Clair,Early Fill,MiDEAL / State Agency,early_fill,delivered,USD/short ton,50.0,64.09,3204.5,,260000000712,award,price+volume,derived,MI_FY2027_DetroitSalt_260000000712.pdf,37,https://www.michigan.gov/dtmb/-/media/Project/Websites/dtmb/Procurement/Contracts/MiDEAL/002/260000000712.pdf?rev=8d4ed14d634d466fa9207bb1d92c2458&hash=AAB40CFD3A7E1C61C7C17CA7044DBB4B,79cde6947d8c40afaaa6880a47e91c0cbcc4dd6d45876106c1492033bd40ce51,2026-09-09T13:33:59,PORT HURON HOUSING COMMISSION,
MI,2027,2026/2027,True,Detroit Salt,St. Clair,Early Fill,MiDEAL / State Agency,early_fill,delivered,USD/short ton,600.0,64.09,38454.0,,260000000712,award,price+volume,derived,MI_FY2027_DetroitSalt_260000000712.pdf,37,https://www.michigan.gov/dtmb/-/media/Project/Websites/dtmb/Procurement/Contracts/MiDEAL/002/260000000712.pdf?rev=8d4ed14d634d466fa9207bb1d92c2458&hash=AAB40CFD3A7E1C61C7C17CA7044DBB4B,79cde6947d8c40afaaa6880a47e91c0cbcc4dd6d45876106c1492033bd40ce51,2026-09-09T13:33:59,"ST. CLAIR, CITY OF",
MI,2027,2026/2027,True,Detroit Salt,St. Clair,Early Fill,MiDEAL / State Agency,early_fill,delivered,USD/short ton,50.0,64.09,3204.5,,260000000712,award,price+volume,derived,MI_FY2027_DetroitSalt_260000000712.pdf,37,https://www.michigan.gov/dtmb/-/media/Project/Websites/dtmb/Procurement/Contracts/MiDEAL/002/260000000712.pdf?rev=8d4ed14d634d466fa9207bb1d92c2458&hash=AAB40CFD3A7E1C61C7C17CA7044DBB4B,79cde6947d8c40afaaa6880a47e91c0cbcc4dd6d45876106c1492033bd40ce51,2026-09-09T13:33:59,"ALGONAC, CITY OF",
MI,2027,2026/2027,True,Detroit Salt,St. Joseph,Seasonal Back-Up,MiDEAL / State Agency,seasonal_backup,delivered,USD/short ton,250.0,77.72,19430.0,,260000000713,award,price+volume,derived,MI_FY2027_CompassMinerals_260000000713.pdf,42,https://www.michigan.gov/dtmb/-/media/Project/Websites/dtmb/Procurement/Contracts/022/260000000713.pdf?rev=044d384e33124f69856ff95f406d8b63&hash=EDE0618298A9461C637E9129261588D0,b42001c1d85bb1aa8af53b05e4da59e2a811f76be17396a0792a82e3a7a14675,2026-09-09T13:34:00,"THREE RIVERS, CITY OF",
MI,2027,2026/2027,True,Detroit Salt,St. Joseph,Seasonal Back-Up,MiDEAL / State Agency,seasonal_backup,delivered,USD/short ton,300.0,77.72,23316.0,,260000000713,award,price+volume,derived,MI_FY2027_CompassMinerals_260000000713.pdf,42,https://www.michigan.gov/dtmb/-/media/Project/Websites/dtmb/Procurement/Contracts/022/260000000713.pdf?rev=044d384e33124f69856ff95f406d8b63&hash=EDE0618298A9461C637E9129261588D0,b42001c1d85bb1aa8af53b05e4da59e2a811f76be17396a0792a82e3a7a14675,2026-09-09T13:34:00,"STURGIS, CITY OF",
MI,2027,2026/2027,True,Detroit Salt,St. Joseph,Early Fill,MiDEAL / State Agency,early_fill,delivered,USD/short ton,2500.0,76.31,190775.0,,260000000712,award,price+volume,derived,MI_FY2027_DetroitSalt_260000000712.pdf,38,https://www.michigan.gov/dtmb/-/media/Project/Websites/dtmb/Procurement/Contracts/MiDEAL/002/260000000712.pdf?rev=8d4ed14d634d466fa9207bb1d92c2458&hash=AAB40CFD3A7E1C61C7C17CA7044DBB4B,79cde6947d8c40afaaa6880a47e91c0cbcc4dd6d45876106c1492033bd40ce51,2026-09-09T13:33:59,ST. JOSEPH COUNTY ROAD COMMISSION,
MI,2027,2026/2027,True,Detroit Salt,St. Joseph,Early Fill,MiDEAL / State Agency,early_fill,delivered,USD/short ton,50.0,76.31,3815.5,,260000000712,award,price+volume,derived,MI_FY2027_DetroitSalt_260000000712.pdf,38,https://www.michigan.gov/dtmb/-/media/Project/Websites/dtmb/Procurement/Contracts/MiDEAL/002/260000000712.pdf?rev=8d4ed14d634d466fa9207bb1d92c2458&hash=AAB40CFD3A7E1C61C7C17CA7044DBB4B,79cde6947d8c40afaaa6880a47e91c0cbcc4dd6d45876106c1492033bd40ce51,2026-09-09T13:33:59,ST. JOSEPH COUNTY ROAD COMMISSION,
MI,2027,2026/2027,True,Detroit Salt,St. Joseph,Early Fill,MiDEAL / State Agency,early_fill,delivered,USD/short ton,50.0,76.31,3815.5,,260000000712,award,price+volume,derived,MI_FY2027_DetroitSalt_260000000712.pdf,38,https://www.michigan.gov/dtmb/-/media/Project/Websites/dtmb/Procurement/Contracts/MiDEAL/002/260000000712.pdf?rev=8d4ed14d634d466fa9207bb1d92c2458&hash=AAB40CFD3A7E1C61C7C17CA7044DBB4B,79cde6947d8c40afaaa6880a47e91c0cbcc4dd6d45876106c1492033bd40ce51,2026-09-09T13:33:59,ST. JOSEPH COUNTY ROAD COMMISSION,
MI,2027,2026/2027,True,Detroit Salt,St. Joseph,Early Fill,MiDEAL / State Agency,early_fill,delivered,USD/short ton,50.0,76.31,3815.5,,260000000712,award,price+volume,derived,MI_FY2027_DetroitSalt_260000000712.pdf,38,https://www.michigan.gov/dtmb/-/media/Project/Websites/dtmb/Procurement/Contracts/MiDEAL/002/260000000712.pdf?rev=8d4ed14d634d466fa9207bb1d92c2458&hash=AAB40CFD3A7E1C61C7C17CA7044DBB4B,79cde6947d8c40afaaa6880a47e91c0cbcc4dd6d45876106c1492033bd40ce51,2026-09-09T13:33:59,ST. JOSEPH COUNTY ROAD COMMISSION,
MI,2027,2026/2027,True,Detroit Salt,St. Joseph,Early Fill,MiDEAL / State Agency,early_fill,delivered,USD/short ton,200.0,76.31,15262.0,,260000000712,award,price+volume,derived,MI_FY2027_DetroitSalt_260000000712.pdf,38,https://www.michigan.gov/dtmb/-/media/Project/Websites/dtmb/Procurement/Contracts/MiDEAL/002/260000000712.pdf?rev=8d4ed14d634d466fa9207bb1d92c2458&hash=AAB40CFD3A7E1C61C7C17CA7044DBB4B,79cde6947d8c40afaaa6880a47e91c0cbcc4dd6d45876106c1492033bd40ce51,2026-09-09T13:33:59,"THREE RIVERS, CITY OF",
MI,2027,2026/2027,True,Detroit Salt,Tuscola,Seasonal Back-Up,MiDEAL / State Agency,seasonal_backup,delivered,USD/short ton,400.0,61.17,24468.0,,260000000713,award,price+volume,derived,MI_FY2027_CompassMinerals_260000000713.pdf,42,https://www.michigan.gov/dtmb/-/media/Project/Websites/dtmb/Procurement/Contracts/022/260000000713.pdf?rev=044d384e33124f69856ff95f406d8b63&hash=EDE0618298A9461C637E9129261588D0,b42001c1d85bb1aa8af53b05e4da59e2a811f76be17396a0792a82e3a7a14675,2026-09-09T13:34:00,TUSCOLA COUNTY ROAD COMMISSION,
MI,2027,2026/2027,True,Detroit Salt,Tuscola,Seasonal Back-Up,MiDEAL / State Agency,seasonal_backup,delivered,USD/short ton,600.0,61.17,36702.0,,260000000713,award,price+volume,derived,MI_FY2027_CompassMinerals_260000000713.pdf,42,https://www.michigan.gov/dtmb/-/media/Project/Websites/dtmb/Procurement/Contracts/022/260000000713.pdf?rev=044d384e33124f69856ff95f406d8b63&hash=EDE0618298A9461C637E9129261588D0,b42001c1d85bb1aa8af53b05e4da59e2a811f76be17396a0792a82e3a7a14675,2026-09-09T13:34:00,TUSCOLA COUNTY ROAD COMMISSION,
MI,2027,2026/2027,True,Detroit Salt,Tuscola,Seasonal Back-Up,MiDEAL / State Agency,seasonal_backup,delivered,USD/short ton,400.0,61.17,24468.0,,260000000713,award,price+volume,derived,MI_FY2027_CompassMinerals_260000000713.pdf,42,https://www.michigan.gov/dtmb/-/media/Project/Websites/dtmb/Procurement/Contracts/022/260000000713.pdf?rev=044d384e33124f69856ff95f406d8b63&hash=EDE0618298A9461C637E9129261588D0,b42001c1d85bb1aa8af53b05e4da59e2a811f76be17396a0792a82e3a7a14675,2026-09-09T13:34:00,TUSCOLA COUNTY ROAD COMMISSION,
MI,2027,2026/2027,True,Detroit Salt,Tuscola,Seasonal Back-Up,MiDEAL / State Agency,seasonal_backup,delivered,USD/short ton,400.0,61.17,24468.0,,260000000713,award,price+volume,derived,MI_FY2027_CompassMinerals_260000000713.pdf,42,https://www.michigan.gov/dtmb/-/media/Project/Websites/dtmb/Procurement/Contracts/022/260000000713.pdf?rev=044d384e33124f69856ff95f406d8b63&hash=EDE0618298A9461C637E9129261588D0,b42001c1d85bb1aa8af53b05e4da59e2a811f76be17396a0792a82e3a7a14675,2026-09-09T13:34:00,TUSCOLA COUNTY ROAD COMMISSION,
MI,2027,2026/2027,True,Detroit Salt,Tuscola,Seasonal Back-Up,MiDEAL / State Agency,seasonal_backup,delivered,USD/short ton,50.0,61.17,3058.5,,260000000713,award,price+volume,derived,MI_FY2027_CompassMinerals_260000000713.pdf,42,https://www.michigan.gov/dtmb/-/media/Project/Websites/dtmb/Procurement/Contracts/022/260000000713.pdf?rev=044d384e33124f69856ff95f406d8b63&hash=EDE0618298A9461C637E9129261588D0,b42001c1d85bb1aa8af53b05e4da59e2a811f76be17396a0792a82e3a7a14675,2026-09-09T13:34:00,CARO COMMUNITY SCHOOLS,
MI,2027,2026/2027,True,Detroit Salt,Tuscola,Seasonal Back-Up,MiDEAL / State Agency,seasonal_backup,delivered,USD/short ton,50.0,61.17,3058.5,,260000000713,award,price+volume,derived,MI_FY2027_CompassMinerals_260000000713.pdf,42,https://www.michigan.gov/dtmb/-/media/Project/Websites/dtmb/Procurement/Contracts/022/260000000713.pdf?rev=044d384e33124f69856ff95f406d8b63&hash=EDE0618298A9461C637E9129261588D0,b42001c1d85bb1aa8af53b05e4da59e2a811f76be17396a0792a82e3a7a14675,2026-09-09T13:34:00,KINGSTON VILLAGE OF,
MI,2027,2026/2027,True,Detroit Salt,Tuscola,Seasonal Back-Up,MiDEAL / State Agency,seasonal_backup,delivered,USD/short ton,50.0,61.17,3058.5,,260000000713,award,price+volume,derived,MI_FY2027_CompassMinerals_260000000713.pdf,42,https://www.michigan.gov/dtmb/-/media/Project/Websites/dtmb/Procurement/Contracts/022/260000000713.pdf?rev=044d384e33124f69856ff95f406d8b63&hash=EDE0618298A9461C637E9129261588D0,b42001c1d85bb1aa8af53b05e4da59e2a811f76be17396a0792a82e3a7a14675,2026-09-09T13:34:00,MILLINGTON COMMUNITY SCHOOLS,
MI,2027,2026/2027,True,Detroit Salt,Tuscola,Seasonal Back-Up,MiDEAL / State Agency,seasonal_backup,delivered,USD/short ton,150.0,61.17,9175.5,,260000000713,award,price+volume,derived,MI_FY2027_CompassMinerals_260000000713.pdf,42,https://www.michigan.gov/dtmb/-/media/Project/Websites/dtmb/Procurement/Contracts/022/260000000713.pdf?rev=044d384e33124f69856ff95f406d8b63&hash=EDE0618298A9461C637E9129261588D0,b42001c1d85bb1aa8af53b05e4da59e2a811f76be17396a0792a82e3a7a14675,2026-09-09T13:34:00,"CASS CITY, VILLAGE OF",
MI,2027,2026/2027,True,Detroit Salt,Tuscola,Seasonal Back-Up,MiDEAL / State Agency,seasonal_backup,delivered,USD/short ton,250.0,61.17,15292.5,,260000000713,award,price+volume,derived,MI_FY2027_CompassMinerals_260000000713.pdf,42,https://www.michigan.gov/dtmb/-/media/Project/Websites/dtmb/Procurement/Contracts/022/260000000713.pdf?rev=044d384e33124f69856ff95f406d8b63&hash=EDE0618298A9461C637E9129261588D0,b42001c1d85bb1aa8af53b05e4da59e2a811f76be17396a0792a82e3a7a14675,2026-09-09T13:34:00,"VASSAR, CITY OF",
MI,2027,2026/2027,True,Detroit Salt,Tuscola,Early Fill,MDOT,early_fill,delivered,USD/short ton,400.0,60.48,24192.0,,260000000712,award,price+volume,derived,MI_FY2027_DetroitSalt_260000000712.pdf,29,https://www.michigan.gov/dtmb/-/media/Project/Websites/dtmb/Procurement/Contracts/MiDEAL/002/260000000712.pdf?rev=8d4ed14d634d466fa9207bb1d92c2458&hash=AAB40CFD3A7E1C61C7C17CA7044DBB4B,79cde6947d8c40afaaa6880a47e91c0cbcc4dd6d45876106c1492033bd40ce51,2026-09-09T13:33:59,Caro,
MI,2027,2026/2027,True,Detroit Salt,Tuscola,Early Fill,MDOT,early_fill,delivered,USD/short ton,300.0,60.48,18144.0,,260000000712,award,price+volume,derived,MI_FY2027_DetroitSalt_260000000712.pdf,29,https://www.michigan.gov/dtmb/-/media/Project/Websites/dtmb/Procurement/Contracts/MiDEAL/002/260000000712.pdf?rev=8d4ed14d634d466fa9207bb1d92c2458&hash=AAB40CFD3A7E1C61C7C17CA7044DBB4B,79cde6947d8c40afaaa6880a47e91c0cbcc4dd6d45876106c1492033bd40ce51,2026-09-09T13:33:59,Vassar,
MI,2027,2026/2027,True,Detroit Salt,Tuscola,Early Fill,MDOT,early_fill,delivered,USD/short ton,400.0,60.48,24192.0,,260000000712,award,price+volume,derived,MI_FY2027_DetroitSalt_260000000712.pdf,29,https://www.michigan.gov/dtmb/-/media/Project/Websites/dtmb/Procurement/Contracts/MiDEAL/002/260000000712.pdf?rev=8d4ed14d634d466fa9207bb1d92c2458&hash=AAB40CFD3A7E1C61C7C17CA7044DBB4B,79cde6947d8c40afaaa6880a47e91c0cbcc4dd6d45876106c1492033bd40ce51,2026-09-09T13:33:59,Deford,
MI,2027,2026/2027,True,Detroit Salt,Tuscola,Early Fill,MDOT,early_fill,delivered,USD/short ton,300.0,60.48,18144.0,,260000000712,award,price+volume,derived,MI_FY2027_DetroitSalt_260000000712.pdf,29,https://www.michigan.gov/dtmb/-/media/Project/Websites/dtmb/Procurement/Contracts/MiDEAL/002/260000000712.pdf?rev=8d4ed14d634d466fa9207bb1d92c2458&hash=AAB40CFD3A7E1C61C7C17CA7044DBB4B,79cde6947d8c40afaaa6880a47e91c0cbcc4dd6d45876106c1492033bd40ce51,2026-09-09T13:33:59,Akron,
MI,2027,2026/2027,True,Detroit Salt,Tuscola,Seasonal Back-Up,MDOT,seasonal_backup,delivered,USD/short ton,400.0,61.17,24468.0,,260000000712,award,price+volume,derived,MI_FY2027_DetroitSalt_260000000712.pdf,33,https://www.michigan.gov/dtmb/-/media/Project/Websites/dtmb/Procurement/Contracts/MiDEAL/002/260000000712.pdf?rev=8d4ed14d634d466fa9207bb1d92c2458&hash=AAB40CFD3A7E1C61C7C17CA7044DBB4B,79cde6947d8c40afaaa6880a47e91c0cbcc4dd6d45876106c1492033bd40ce51,2026-09-09T13:33:59,Caro,
MI,2027,2026/2027,True,Detroit Salt,Tuscola,Seasonal Back-Up,MDOT,seasonal_backup,delivered,USD/short ton,400.0,61.17,24468.0,,260000000712,award,price+volume,derived,MI_FY2027_DetroitSalt_260000000712.pdf,33,https://www.michigan.gov/dtmb/-/media/Project/Websites/dtmb/Procurement/Contracts/MiDEAL/002/260000000712.pdf?rev=8d4ed14d634d466fa9207bb1d92c2458&hash=AAB40CFD3A7E1C61C7C17CA7044DBB4B,79cde6947d8c40afaaa6880a47e91c0cbcc4dd6d45876106c1492033bd40ce51,2026-09-09T13:33:59,Vassar,
MI,2027,2026/2027,True,Detroit Salt,Tuscola,Seasonal Back-Up,MDOT,seasonal_backup,delivered,USD/short ton,400.0,61.17,24468.0,,260000000712,award,price+volume,derived,MI_FY2027_DetroitSalt_260000000712.pdf,33,https://www.michigan.gov/dtmb/-/media/Project/Websites/dtmb/Procurement/Contracts/MiDEAL/002/260000000712.pdf?rev=8d4ed14d634d466fa9207bb1d92c2458&hash=AAB40CFD3A7E1C61C7C17CA7044DBB4B,79cde6947d8c40afaaa6880a47e91c0cbcc4dd6d45876106c1492033bd40ce51,2026-09-09T13:33:59,Deford,
MI,2027,2026/2027,True,Detroit Salt,Tuscola,Seasonal Back-Up,MDOT,seasonal_backup,delivered,USD/short ton,300.0,61.17,18351.0,,260000000712,award,price+volume,derived,MI_FY2027_DetroitSalt_260000000712.pdf,33,https://www.michigan.gov/dtmb/-/media/Project/Websites/dtmb/Procurement/Contracts/MiDEAL/002/260000000712.pdf?rev=8d4ed14d634d466fa9207bb1d92c2458&hash=AAB40CFD3A7E1C61C7C17CA7044DBB4B,79cde6947d8c40afaaa6880a47e91c0cbcc4dd6d45876106c1492033bd40ce51,2026-09-09T13:33:59,Akron,
MI,2027,2026/2027,True,Detroit Salt,Tuscola,Early Fill,MiDEAL / State Agency,early_fill,delivered,USD/short ton,350.0,60.48,21168.0,,260000000712,award,price+volume,derived,MI_FY2027_DetroitSalt_260000000712.pdf,37,https://www.michigan.gov/dtmb/-/media/Project/Websites/dtmb/Procurement/Contracts/MiDEAL/002/260000000712.pdf?rev=8d4ed14d634d466fa9207bb1d92c2458&hash=AAB40CFD3A7E1C61C7C17CA7044DBB4B,79cde6947d8c40afaaa6880a47e91c0cbcc4dd6d45876106c1492033bd40ce51,2026-09-09T13:33:59,TUSCOLA COUNTY ROAD COMMISSION,
MI,2027,2026/2027,True,Detroit Salt,Tuscola,Early Fill,MiDEAL / State Agency,early_fill,delivered,USD/short ton,350.0,60.48,21168.0,,260000000712,award,price+volume,derived,MI_FY2027_DetroitSalt_260000000712.pdf,37,https://www.michigan.gov/dtmb/-/media/Project/Websites/dtmb/Procurement/Contracts/MiDEAL/002/260000000712.pdf?rev=8d4ed14d634d466fa9207bb1d92c2458&hash=AAB40CFD3A7E1C61C7C17CA7044DBB4B,79cde6947d8c40afaaa6880a47e91c0cbcc4dd6d45876106c1492033bd40ce51,2026-09-09T13:33:59,TUSCOLA COUNTY ROAD COMMISSION,
MI,2027,2026/2027,True,Detroit Salt,Tuscola,Early Fill,MiDEAL / State Agency,early_fill,delivered,USD/short ton,300.0,60.48,18144.0,,260000000712,award,price+volume,derived,MI_FY2027_DetroitSalt_260000000712.pdf,37,https://www.michigan.gov/dtmb/-/media/Project/Websites/dtmb/Procurement/Contracts/MiDEAL/002/260000000712.pdf?rev=8d4ed14d634d466fa9207bb1d92c2458&hash=AAB40CFD3A7E1C61C7C17CA7044DBB4B,79cde6947d8c40afaaa6880a47e91c0cbcc4dd6d45876106c1492033bd40ce51,2026-09-09T13:33:59,TUSCOLA COUNTY ROAD COMMISSION,
MI,2027,2026/2027,True,Detroit Salt,Tuscola,Early Fill,MiDEAL / State Agency,early_fill,delivered,USD/short ton,400.0,60.48,24192.0,,260000000712,award,price+volume,derived,MI_FY2027_DetroitSalt_260000000712.pdf,37,https://www.michigan.gov/dtmb/-/media/Project/Websites/dtmb/Procurement/Contracts/MiDEAL/002/260000000712.pdf?rev=8d4ed14d634d466fa9207bb1d92c2458&hash=AAB40CFD3A7E1C61C7C17CA7044DBB4B,79cde6947d8c40afaaa6880a47e91c0cbcc4dd6d45876106c1492033bd40ce51,2026-09-09T13:33:59,TUSCOLA COUNTY ROAD COMMISSION,
MI,2027,2026/2027,True,Detroit Salt,Tuscola,Early Fill,MiDEAL / State Agency,early_fill,delivered,USD/short ton,100.0,60.48,6048.0,,260000000712,award,price+volume,derived,MI_FY2027_DetroitSalt_260000000712.pdf,37,https://www.michigan.gov/dtmb/-/media/Project/Websites/dtmb/Procurement/Contracts/MiDEAL/002/260000000712.pdf?rev=8d4ed14d634d466fa9207bb1d92c2458&hash=AAB40CFD3A7E1C61C7C17CA7044DBB4B,79cde6947d8c40afaaa6880a47e91c0cbcc4dd6d45876106c1492033bd40ce51,2026-09-09T13:33:59,MILLINGTON VILLAGE OF,
MI,2027,2026/2027,True,Detroit Salt,Tuscola,Early Fill,MiDEAL / State Agency,early_fill,delivered,USD/short ton,150.0,60.48,9072.0,,260000000712,award,price+volume,derived,MI_FY2027_DetroitSalt_260000000712.pdf,37,https://www.michigan.gov/dtmb/-/media/Project/Websites/dtmb/Procurement/Contracts/MiDEAL/002/260000000712.pdf?rev=8d4ed14d634d466fa9207bb1d92c2458&hash=AAB40CFD3A7E1C61C7C17CA7044DBB4B,79cde6947d8c40afaaa6880a47e91c0cbcc4dd6d45876106c1492033bd40ce51,2026-09-09T13:33:59,"VASSAR, CITY OF",
MI,2027,2026/2027,True,Detroit Salt,Tuscola,Early Fill,MiDEAL / State Agency,early_fill,delivered,USD/short ton,400.0,60.48,24192.0,,260000000712,award,price+volume,derived,MI_FY2027_DetroitSalt_260000000712.pdf,37,https://www.michigan.gov/dtmb/-/media/Project/Websites/dtmb/Procurement/Contracts/MiDEAL/002/260000000712.pdf?rev=8d4ed14d634d466fa9207bb1d92c2458&hash=AAB40CFD3A7E1C61C7C17CA7044DBB4B,79cde6947d8c40afaaa6880a47e91c0cbcc4dd6d45876106c1492033bd40ce51,2026-09-09T13:33:59,"CARO, VILLAGE OF",
MI,2027,2026/2027,True,Detroit Salt,Tuscola,Early Fill,MiDEAL / State Agency,early_fill,delivered,USD/short ton,100.0,60.48,6048.0,,260000000712,award,price+volume,derived,MI_FY2027_DetroitSalt_260000000712.pdf,37,https://www.michigan.gov/dtmb/-/media/Project/Websites/dtmb/Procurement/Contracts/MiDEAL/002/260000000712.pdf?rev=8d4ed14d634d466fa9207bb1d92c2458&hash=AAB40CFD3A7E1C61C7C17CA7044DBB4B,79cde6947d8c40afaaa6880a47e91c0cbcc4dd6d45876106c1492033bd40ce51,2026-09-09T13:33:59,KINGSTON VILLAGE OF,
MI,2027,2026/2027,True,Detroit Salt,Tuscola,Early Fill,MiDEAL / State Agency,early_fill,delivered,USD/short ton,50.0,60.48,3024.0,,260000000712,award,price+volume,derived,MI_FY2027_DetroitSalt_260000000712.pdf,37,https://www.michigan.gov/dtmb/-/media/Project/Websites/dtmb/Procurement/Contracts/MiDEAL/002/260000000712.pdf?rev=8d4ed14d634d466fa9207bb1d92c2458&hash=AAB40CFD3A7E1C61C7C17CA7044DBB4B,79cde6947d8c40afaaa6880a47e91c0cbcc4dd6d45876106c1492033bd40ce51,2026-09-09T13:33:59,GAGETOWN VILLAGE OF,
MI,2027,2026/2027,True,Detroit Salt,Tuscola,Early Fill,MiDEAL / State Agency,early_fill,delivered,USD/short ton,100.0,60.48,6048.0,,260000000712,award,price+volume,derived,MI_FY2027_DetroitSalt_260000000712.pdf,37,https://www.michigan.gov/dtmb/-/media/Project/Websites/dtmb/Procurement/Contracts/MiDEAL/002/260000000712.pdf?rev=8d4ed14d634d466fa9207bb1d92c2458&hash=AAB40CFD3A7E1C61C7C17CA7044DBB4B,79cde6947d8c40afaaa6880a47e91c0cbcc4dd6d45876106c1492033bd40ce51,2026-09-09T13:33:59,REESE VILLAGE OF,
MI,2027,2026/2027,True,Detroit Salt,Tuscola,Early Fill,MiDEAL / State Agency,early_fill,delivered,USD/short ton,50.0,60.48,3024.0,,260000000712,award,price+volume,derived,MI_FY2027_DetroitSalt_260000000712.pdf,37,https://www.michigan.gov/dtmb/-/media/Project/Websites/dtmb/Procurement/Contracts/MiDEAL/002/260000000712.pdf?rev=8d4ed14d634d466fa9207bb1d92c2458&hash=AAB40CFD3A7E1C61C7C17CA7044DBB4B,79cde6947d8c40afaaa6880a47e91c0cbcc4dd6d45876106c1492033bd40ce51,2026-09-09T13:33:59,CARO COMMUNITY SCHOOLS,
MI,2027,2026/2027,True,Detroit Salt,Vanburen,Seasonal Back-Up,MiDEAL / State Agency,seasonal_backup,delivered,USD/short ton,50.0,76.53,3826.5,,260000000713,award,price+volume,derived,MI_FY2027_CompassMinerals_260000000713.pdf,42,https://www.michigan.gov/dtmb/-/media/Project/Websites/dtmb/Procurement/Contracts/022/260000000713.pdf?rev=044d384e33124f69856ff95f406d8b63&hash=EDE0618298A9461C637E9129261588D0,b42001c1d85bb1aa8af53b05e4da59e2a811f76be17396a0792a82e3a7a14675,2026-09-09T13:34:00,LAWTON VILLAGE OF,
MI,2027,2026/2027,True,Detroit Salt,Vanburen,Seasonal Back-Up,MiDEAL / State Agency,seasonal_backup,delivered,USD/short ton,150.0,76.53,11479.5,,260000000713,award,price+volume,derived,MI_FY2027_CompassMinerals_260000000713.pdf,42,https://www.michigan.gov/dtmb/-/media/Project/Websites/dtmb/Procurement/Contracts/022/260000000713.pdf?rev=044d384e33124f69856ff95f406d8b63&hash=EDE0618298A9461C637E9129261588D0,b42001c1d85bb1aa8af53b05e4da59e2a811f76be17396a0792a82e3a7a14675,2026-09-09T13:34:00,"BANGOR, CITY OF",
MI,2027,2026/2027,True,Detroit Salt,Vanburen,Seasonal Back-Up,MiDEAL / State Agency,seasonal_backup,delivered,USD/short ton,700.0,76.53,53571.0,,260000000713,award,price+volume,derived,MI_FY2027_CompassMinerals_260000000713.pdf,42,https://www.michigan.gov/dtmb/-/media/Project/Websites/dtmb/Procurement/Contracts/022/260000000713.pdf?rev=044d384e33124f69856ff95f406d8b63&hash=EDE0618298A9461C637E9129261588D0,b42001c1d85bb1aa8af53b05e4da59e2a811f76be17396a0792a82e3a7a14675,2026-09-09T13:34:00,"SOUTH HAVEN, CITY OF",
MI,2027,2026/2027,True,Detroit Salt,Vanburen,Seasonal Back-Up,MiDEAL / State Agency,seasonal_backup,delivered,USD/short ton,100.0,76.53,7653.0,,260000000713,award,price+volume,derived,MI_FY2027_CompassMinerals_260000000713.pdf,42,https://www.michigan.gov/dtmb/-/media/Project/Websites/dtmb/Procurement/Contracts/022/260000000713.pdf?rev=044d384e33124f69856ff95f406d8b63&hash=EDE0618298A9461C637E9129261588D0,b42001c1d85bb1aa8af53b05e4da59e2a811f76be17396a0792a82e3a7a14675,2026-09-09T13:34:00,"HARTFORD, CITY OF",
MI,2027,2026/2027,True,Detroit Salt,Vanburen,Seasonal Back-Up,MiDEAL / State Agency,seasonal_backup,delivered,USD/short ton,150.0,76.53,11479.5,,260000000713,award,price+volume,derived,MI_FY2027_CompassMinerals_260000000713.pdf,42,https://www.michigan.gov/dtmb/-/media/Project/Websites/dtmb/Procurement/Contracts/022/260000000713.pdf?rev=044d384e33124f69856ff95f406d8b63&hash=EDE0618298A9461C637E9129261588D0,b42001c1d85bb1aa8af53b05e4da59e2a811f76be17396a0792a82e3a7a14675,2026-09-09T13:34:00,"PAW PAW, VILLAGE OF",
MI,2027,2026/2027,True,Detroit Salt,Vanburen,Seasonal Back-Up,MiDEAL / State Agency,seasonal_backup,delivered,USD/short ton,4000.0,76.53,306120.0,,260000000713,award,price+volume,derived,MI_FY2027_CompassMinerals_260000000713.pdf,42,https://www.michigan.gov/dtmb/-/media/Project/Websites/dtmb/Procurement/Contracts/022/260000000713.pdf?rev=044d384e33124f69856ff95f406d8b63&hash=EDE0618298A9461C637E9129261588D0,b42001c1d85bb1aa8af53b05e4da59e2a811f76be17396a0792a82e3a7a14675,2026-09-09T13:34:00,VAN BUREN COUNTY ROAD COMMISSION,
MI,2027,2026/2027,True,Detroit Salt,Vanburen,Seasonal Back-Up,MiDEAL / State Agency,seasonal_backup,delivered,USD/short ton,2500.0,76.53,191325.0,,260000000713,award,price+volume,derived,MI_FY2027_CompassMinerals_260000000713.pdf,42,https://www.michigan.gov/dtmb/-/media/Project/Websites/dtmb/Procurement/Contracts/022/260000000713.pdf?rev=044d384e33124f69856ff95f406d8b63&hash=EDE0618298A9461C637E9129261588D0,b42001c1d85bb1aa8af53b05e4da59e2a811f76be17396a0792a82e3a7a14675,2026-09-09T13:34:00,VAN BUREN COUNTY ROAD COMMISSION,
MI,2027,2026/2027,True,Detroit Salt,Vanburen,Seasonal Back-Up,MiDEAL / State Agency,seasonal_backup,delivered,USD/short ton,1000.0,76.53,76530.0,,260000000713,award,price+volume,derived,MI_FY2027_CompassMinerals_260000000713.pdf,42,https://www.michigan.gov/dtmb/-/media/Project/Websites/dtmb/Procurement/Contracts/022/260000000713.pdf?rev=044d384e33124f69856ff95f406d8b63&hash=EDE0618298A9461C637E9129261588D0,b42001c1d85bb1aa8af53b05e4da59e2a811f76be17396a0792a82e3a7a14675,2026-09-09T13:34:00,VAN BUREN COUNTY ROAD COMMISSION,
MI,2027,2026/2027,True,Detroit Salt,Vanburen,Seasonal Back-Up,MiDEAL / State Agency,seasonal_backup,delivered,USD/short ton,50.0,76.53,3826.5,,260000000713,award,price+volume,derived,MI_FY2027_CompassMinerals_260000000713.pdf,43,https://www.michigan.gov/dtmb/-/media/Project/Websites/dtmb/Procurement/Contracts/022/260000000713.pdf?rev=044d384e33124f69856ff95f406d8b63&hash=EDE0618298A9461C637E9129261588D0,b42001c1d85bb1aa8af53b05e4da59e2a811f76be17396a0792a82e3a7a14675,2026-09-09T13:34:00,"DECATUR, VILLAGE OF",
MI,2027,2026/2027,True,Detroit Salt,Vanburen,Early Fill,MDOT,early_fill,delivered,USD/short ton,2000.0,73.72,147440.0,,260000000712,award,price+volume,derived,MI_FY2027_DetroitSalt_260000000712.pdf,30,https://www.michigan.gov/dtmb/-/media/Project/Websites/dtmb/Procurement/Contracts/MiDEAL/002/260000000712.pdf?rev=8d4ed14d634d466fa9207bb1d92c2458&hash=AAB40CFD3A7E1C61C7C17CA7044DBB4B,79cde6947d8c40afaaa6880a47e91c0cbcc4dd6d45876106c1492033bd40ce51,2026-09-09T13:33:59,South Haven,
MI,2027,2026/2027,True,Detroit Salt,Vanburen,Seasonal Back-Up,MDOT,seasonal_backup,delivered,USD/short ton,1200.0,76.53,91836.0,,260000000712,award,price+volume,derived,MI_FY2027_DetroitSalt_260000000712.pdf,33,https://www.michigan.gov/dtmb/-/media/Project/Websites/dtmb/Procurement/Contracts/MiDEAL/002/260000000712.pdf?rev=8d4ed14d634d466fa9207bb1d92c2458&hash=AAB40CFD3A7E1C61C7C17CA7044DBB4B,79cde6947d8c40afaaa6880a47e91c0cbcc4dd6d45876106c1492033bd40ce51,2026-09-09T13:33:59,South Haven,
MI,2027,2026/2027,True,Detroit Salt,Vanburen,Seasonal Back-Up,MDOT,seasonal_backup,delivered,USD/short ton,750.0,76.53,57397.5,,260000000712,award,price+volume,derived,MI_FY2027_DetroitSalt_260000000712.pdf,33,https://www.michigan.gov/dtmb/-/media/Project/Websites/dtmb/Procurement/Contracts/MiDEAL/002/260000000712.pdf?rev=8d4ed14d634d466fa9207bb1d92c2458&hash=AAB40CFD3A7E1C61C7C17CA7044DBB4B,79cde6947d8c40afaaa6880a47e91c0cbcc4dd6d45876106c1492033bd40ce51,2026-09-09T13:33:59,Paw Paw,
MI,2027,2026/2027,True,Detroit Salt,Vanburen,Early Fill,MiDEAL / State Agency,early_fill,delivered,USD/short ton,1000.0,73.72,73720.0,,260000000712,award,price+volume,derived,MI_FY2027_DetroitSalt_260000000712.pdf,38,https://www.michigan.gov/dtmb/-/media/Project/Websites/dtmb/Procurement/Contracts/MiDEAL/002/260000000712.pdf?rev=8d4ed14d634d466fa9207bb1d92c2458&hash=AAB40CFD3A7E1C61C7C17CA7044DBB4B,79cde6947d8c40afaaa6880a47e91c0cbcc4dd6d45876106c1492033bd40ce51,2026-09-09T13:33:59,VAN BUREN COUNTY ROAD COMMISSION,
MI,2027,2026/2027,True,Detroit Salt,Vanburen,Early Fill,MiDEAL / State Agency,early_fill,delivered,USD/short ton,150.0,73.72,11058.0,,260000000712,award,price+volume,derived,MI_FY2027_DetroitSalt_260000000712.pdf,38,https://www.michigan.gov/dtmb/-/media/Project/Websites/dtmb/Procurement/Contracts/MiDEAL/002/260000000712.pdf?rev=8d4ed14d634d466fa9207bb1d92c2458&hash=AAB40CFD3A7E1C61C7C17CA7044DBB4B,79cde6947d8c40afaaa6880a47e91c0cbcc4dd6d45876106c1492033bd40ce51,2026-09-09T13:33:59,"MATTAWAN, VILLAGE OF",
MI,2027,2026/2027,True,Detroit Salt,Vanburen,Early Fill,MiDEAL / State Agency,early_fill,delivered,USD/short ton,100.0,73.72,7372.0,,260000000712,award,price+volume,derived,MI_FY2027_DetroitSalt_260000000712.pdf,38,https://www.michigan.gov/dtmb/-/media/Project/Websites/dtmb/Procurement/Contracts/MiDEAL/002/260000000712.pdf?rev=8d4ed14d634d466fa9207bb1d92c2458&hash=AAB40CFD3A7E1C61C7C17CA7044DBB4B,79cde6947d8c40afaaa6880a47e91c0cbcc4dd6d45876106c1492033bd40ce51,2026-09-09T13:33:59,"DECATUR, VILLAGE OF",
MI,2027,2026/2027,True,Detroit Salt,Vanburen,Early Fill,MiDEAL / State Agency,early_fill,delivered,USD/short ton,50.0,73.72,3686.0,,260000000712,award,price+volume,derived,MI_FY2027_DetroitSalt_260000000712.pdf,38,https://www.michigan.gov/dtmb/-/media/Project/Websites/dtmb/Procurement/Contracts/MiDEAL/002/260000000712.pdf?rev=8d4ed14d634d466fa9207bb1d92c2458&hash=AAB40CFD3A7E1C61C7C17CA7044DBB4B,79cde6947d8c40afaaa6880a47e91c0cbcc4dd6d45876106c1492033bd40ce51,2026-09-09T13:33:59,"HARTFORD, CITY OF",
MI,2027,2026/2027,True,Detroit Salt,Vanburen,Early Fill,MiDEAL / State Agency,early_fill,delivered,USD/short ton,700.0,73.72,51604.0,,260000000712,award,price+volume,derived,MI_FY2027_DetroitSalt_260000000712.pdf,38,https://www.michigan.gov/dtmb/-/media/Project/Websites/dtmb/Procurement/Contracts/MiDEAL/002/260000000712.pdf?rev=8d4ed14d634d466fa9207bb1d92c2458&hash=AAB40CFD3A7E1C61C7C17CA7044DBB4B,79cde6947d8c40afaaa6880a47e91c0cbcc4dd6d45876106c1492033bd40ce51,2026-09-09T13:33:59,"SOUTH HAVEN, CITY OF",
MI,2027,2026/2027,True,Detroit Salt,Vanburen,Early Fill,MiDEAL / State Agency,early_fill,delivered,USD/short ton,100.0,73.72,7372.0,,260000000712,award,price+volume,derived,MI_FY2027_DetroitSalt_260000000712.pdf,38,https://www.michigan.gov/dtmb/-/media/Project/Websites/dtmb/Procurement/Contracts/MiDEAL/002/260000000712.pdf?rev=8d4ed14d634d466fa9207bb1d92c2458&hash=AAB40CFD3A7E1C61C7C17CA7044DBB4B,79cde6947d8c40afaaa6880a47e91c0cbcc4dd6d45876106c1492033bd40ce51,2026-09-09T13:33:59,"PAW PAW, VILLAGE OF",
MI,2027,2026/2027,True,Detroit Salt,Vanburen,Early Fill,MiDEAL / State Agency,early_fill,delivered,USD/short ton,50.0,73.72,3686.0,,260000000712,award,price+volume,derived,MI_FY2027_DetroitSalt_260000000712.pdf,38,https://www.michigan.gov/dtmb/-/media/Project/Websites/dtmb/Procurement/Contracts/MiDEAL/002/260000000712.pdf?rev=8d4ed14d634d466fa9207bb1d92c2458&hash=AAB40CFD3A7E1C61C7C17CA7044DBB4B,79cde6947d8c40afaaa6880a47e91c0cbcc4dd6d45876106c1492033bd40ce51,2026-09-09T13:33:59,"LAWRENCE, VILLAGE OF",
MI,2027,2026/2027,True,Detroit Salt,Vanburen,Early Fill,MiDEAL / State Agency,early_fill,delivered,USD/short ton,100.0,73.72,7372.0,,260000000712,award,price+volume,derived,MI_FY2027_DetroitSalt_260000000712.pdf,38,https://www.michigan.gov/dtmb/-/media/Project/Websites/dtmb/Procurement/Contracts/MiDEAL/002/260000000712.pdf?rev=8d4ed14d634d466fa9207bb1d92c2458&hash=AAB40CFD3A7E1C61C7C17CA7044DBB4B,79cde6947d8c40afaaa6880a47e91c0cbcc4dd6d45876106c1492033bd40ce51,2026-09-09T13:33:59,LAWTON VILLAGE OF,
MI,2027,2026/2027,True,Detroit Salt,Washtenaw,Seasonal Back-Up,MiDEAL / State Agency,seasonal_backup,delivered,USD/short ton,350.0,57.57,20149.5,,260000000713,award,price+volume,derived,MI_FY2027_CompassMinerals_260000000713.pdf,43,https://www.michigan.gov/dtmb/-/media/Project/Websites/dtmb/Procurement/Contracts/022/260000000713.pdf?rev=044d384e33124f69856ff95f406d8b63&hash=EDE0618298A9461C637E9129261588D0,b42001c1d85bb1aa8af53b05e4da59e2a811f76be17396a0792a82e3a7a14675,2026-09-09T13:34:00,WASHTENAW COMMUNITY COLLEGE,
MI,2027,2026/2027,True,Detroit Salt,Washtenaw,Seasonal Back-Up,MiDEAL / State Agency,seasonal_backup,delivered,USD/short ton,450.0,57.57,25906.5,,260000000713,award,price+volume,derived,MI_FY2027_CompassMinerals_260000000713.pdf,43,https://www.michigan.gov/dtmb/-/media/Project/Websites/dtmb/Procurement/Contracts/022/260000000713.pdf?rev=044d384e33124f69856ff95f406d8b63&hash=EDE0618298A9461C637E9129261588D0,b42001c1d85bb1aa8af53b05e4da59e2a811f76be17396a0792a82e3a7a14675,2026-09-09T13:34:00,"CHELSEA, CITY OF",
MI,2027,2026/2027,True,Detroit Salt,Washtenaw,Seasonal Back-Up,MiDEAL / State Agency,seasonal_backup,delivered,USD/short ton,4000.0,57.57,230280.0,,260000000713,award,price+volume,derived,MI_FY2027_CompassMinerals_260000000713.pdf,43,https://www.michigan.gov/dtmb/-/media/Project/Websites/dtmb/Procurement/Contracts/022/260000000713.pdf?rev=044d384e33124f69856ff95f406d8b63&hash=EDE0618298A9461C637E9129261588D0,b42001c1d85bb1aa8af53b05e4da59e2a811f76be17396a0792a82e3a7a14675,2026-09-09T13:34:00,"ANN ARBOR, CITY OF",
MI,2027,2026/2027,True,Detroit Salt,Washtenaw,Seasonal Back-Up,MiDEAL / State Agency,seasonal_backup,delivered,USD/short ton,200.0,57.57,11514.0,,260000000713,award,price+volume,derived,MI_FY2027_CompassMinerals_260000000713.pdf,43,https://www.michigan.gov/dtmb/-/media/Project/Websites/dtmb/Procurement/Contracts/022/260000000713.pdf?rev=044d384e33124f69856ff95f406d8b63&hash=EDE0618298A9461C637E9129261588D0,b42001c1d85bb1aa8af53b05e4da59e2a811f76be17396a0792a82e3a7a14675,2026-09-09T13:34:00,"MANCHESTER, VILLAGE OF",
MI,2027,2026/2027,True,Detroit Salt,Washtenaw,Seasonal Back-Up,MiDEAL / State Agency,seasonal_backup,delivered,USD/short ton,100.0,57.57,5757.0,,260000000713,award,price+volume,derived,MI_FY2027_CompassMinerals_260000000713.pdf,43,https://www.michigan.gov/dtmb/-/media/Project/Websites/dtmb/Procurement/Contracts/022/260000000713.pdf?rev=044d384e33124f69856ff95f406d8b63&hash=EDE0618298A9461C637E9129261588D0,b42001c1d85bb1aa8af53b05e4da59e2a811f76be17396a0792a82e3a7a14675,2026-09-09T13:34:00,DEXTER COMMUNITY SCHOOLS,
MI,2027,2026/2027,True,Detroit Salt,Washtenaw,Seasonal Back-Up,MiDEAL / State Agency,seasonal_backup,delivered,USD/short ton,300.0,57.57,17271.0,,260000000713,award,price+volume,derived,MI_FY2027_CompassMinerals_260000000713.pdf,43,https://www.michigan.gov/dtmb/-/media/Project/Websites/dtmb/Procurement/Contracts/022/260000000713.pdf?rev=044d384e33124f69856ff95f406d8b63&hash=EDE0618298A9461C637E9129261588D0,b42001c1d85bb1aa8af53b05e4da59e2a811f76be17396a0792a82e3a7a14675,2026-09-09T13:34:00,Loch Alpine Sanitary Authority,
MI,2027,2026/2027,True,Detroit Salt,Washtenaw,Seasonal Back-Up,MiDEAL / State Agency,seasonal_backup,delivered,USD/short ton,200.0,57.57,11514.0,,260000000713,award,price+volume,derived,MI_FY2027_CompassMinerals_260000000713.pdf,43,https://www.michigan.gov/dtmb/-/media/Project/Websites/dtmb/Procurement/Contracts/022/260000000713.pdf?rev=044d384e33124f69856ff95f406d8b63&hash=EDE0618298A9461C637E9129261588D0,b42001c1d85bb1aa8af53b05e4da59e2a811f76be17396a0792a82e3a7a14675,2026-09-09T13:34:00,WASHTENAW INTER SCHOOL DISTRICT,
MI,2027,2026/2027,True,Detroit Salt,Washtenaw,Seasonal Back-Up,MiDEAL / State Agency,seasonal_backup,delivered,USD/short ton,100.0,57.57,5757.0,,260000000713,award,price+volume,derived,MI_FY2027_CompassMinerals_260000000713.pdf,43,https://www.michigan.gov/dtmb/-/media/Project/Websites/dtmb/Procurement/Contracts/022/260000000713.pdf?rev=044d384e33124f69856ff95f406d8b63&hash=EDE0618298A9461C637E9129261588D0,b42001c1d85bb1aa8af53b05e4da59e2a811f76be17396a0792a82e3a7a14675,2026-09-09T13:34:00,ANN ARBOR PUBLIC SCHOOLS,
MI,2027,2026/2027,True,Detroit Salt,Washtenaw,Seasonal Back-Up,MiDEAL / State Agency,seasonal_backup,delivered,USD/short ton,650.0,57.57,37420.5,,260000000713,award,price+volume,derived,MI_FY2027_CompassMinerals_260000000713.pdf,44,https://www.michigan.gov/dtmb/-/media/Project/Websites/dtmb/Procurement/Contracts/022/260000000713.pdf?rev=044d384e33124f69856ff95f406d8b63&hash=EDE0618298A9461C637E9129261588D0,b42001c1d85bb1aa8af53b05e4da59e2a811f76be17396a0792a82e3a7a14675,2026-09-09T13:34:00,Ypsilanti Community Schools,
MI,2027,2026/2027,True,Detroit Salt,Washtenaw,Seasonal Back-Up,MiDEAL / State Agency,seasonal_backup,delivered,USD/short ton,100.0,57.57,5757.0,,260000000713,award,price+volume,derived,MI_FY2027_CompassMinerals_260000000713.pdf,44,https://www.michigan.gov/dtmb/-/media/Project/Websites/dtmb/Procurement/Contracts/022/260000000713.pdf?rev=044d384e33124f69856ff95f406d8b63&hash=EDE0618298A9461C637E9129261588D0,b42001c1d85bb1aa8af53b05e4da59e2a811f76be17396a0792a82e3a7a14675,2026-09-09T13:34:00,CHELSEA SCHOOL DISTRICT,
MI,2027,2026/2027,True,Detroit Salt,Washtenaw,Seasonal Back-Up,MiDEAL / State Agency,seasonal_backup,delivered,USD/short ton,1000.0,57.57,57570.0,,260000000713,award,price+volume,derived,MI_FY2027_CompassMinerals_260000000713.pdf,44,https://www.michigan.gov/dtmb/-/media/Project/Websites/dtmb/Procurement/Contracts/022/260000000713.pdf?rev=044d384e33124f69856ff95f406d8b63&hash=EDE0618298A9461C637E9129261588D0,b42001c1d85bb1aa8af53b05e4da59e2a811f76be17396a0792a82e3a7a14675,2026-09-09T13:34:00,"YPSILANTI, CITY OF",
MI,2027,2026/2027,True,Detroit Salt,Washtenaw,Seasonal Back-Up,MiDEAL / State Agency,seasonal_backup,delivered,USD/short ton,2000.0,57.57,115140.0,,260000000713,award,price+volume,derived,MI_FY2027_CompassMinerals_260000000713.pdf,44,https://www.michigan.gov/dtmb/-/media/Project/Websites/dtmb/Procurement/Contracts/022/260000000713.pdf?rev=044d384e33124f69856ff95f406d8b63&hash=EDE0618298A9461C637E9129261588D0,b42001c1d85bb1aa8af53b05e4da59e2a811f76be17396a0792a82e3a7a14675,2026-09-09T13:34:00,"YPSILANTI, CITY OF",
MI,2027,2026/2027,True,Detroit Salt,Washtenaw,Seasonal Back-Up,MiDEAL / State Agency,seasonal_backup,delivered,USD/short ton,150.0,57.57,8635.5,,260000000713,award,price+volume,derived,MI_FY2027_CompassMinerals_260000000713.pdf,44,https://www.michigan.gov/dtmb/-/media/Project/Websites/dtmb/Procurement/Contracts/022/260000000713.pdf?rev=044d384e33124f69856ff95f406d8b63&hash=EDE0618298A9461C637E9129261588D0,b42001c1d85bb1aa8af53b05e4da59e2a811f76be17396a0792a82e3a7a14675,2026-09-09T13:34:00,"SALINE, CITY OF",
MI,2027,2026/2027,True,Detroit Salt,Washtenaw,Seasonal Back-Up,MiDEAL / State Agency,seasonal_backup,delivered,USD/short ton,500.0,57.57,28785.0,,260000000713,award,price+volume,derived,MI_FY2027_CompassMinerals_260000000713.pdf,44,https://www.michigan.gov/dtmb/-/media/Project/Websites/dtmb/Procurement/Contracts/022/260000000713.pdf?rev=044d384e33124f69856ff95f406d8b63&hash=EDE0618298A9461C637E9129261588D0,b42001c1d85bb1aa8af53b05e4da59e2a811f76be17396a0792a82e3a7a14675,2026-09-09T13:34:00,"DEXTER, VILLAGE OF",
MI,2027,2026/2027,True,Detroit Salt,Washtenaw,Seasonal Back-Up,MiDEAL / State Agency,seasonal_backup,delivered,USD/short ton,2500.0,57.57,143925.0,,260000000713,award,price+volume,derived,MI_FY2027_CompassMinerals_260000000713.pdf,44,https://www.michigan.gov/dtmb/-/media/Project/Websites/dtmb/Procurement/Contracts/022/260000000713.pdf?rev=044d384e33124f69856ff95f406d8b63&hash=EDE0618298A9461C637E9129261588D0,b42001c1d85bb1aa8af53b05e4da59e2a811f76be17396a0792a82e3a7a14675,2026-09-09T13:34:00,"MICHIGAN, UNIVERSITY OF",
MI,2027,2026/2027,True,Detroit Salt,Washtenaw,Seasonal Back-Up,MiDEAL / State Agency,seasonal_backup,delivered,USD/short ton,150.0,57.57,8635.5,,260000000713,award,price+volume,derived,MI_FY2027_CompassMinerals_260000000713.pdf,44,https://www.michigan.gov/dtmb/-/media/Project/Websites/dtmb/Procurement/Contracts/022/260000000713.pdf?rev=044d384e33124f69856ff95f406d8b63&hash=EDE0618298A9461C637E9129261588D0,b42001c1d85bb1aa8af53b05e4da59e2a811f76be17396a0792a82e3a7a14675,2026-09-09T13:34:00,DOC-Womens Huron Valley Correction Facility- AGENCY,
MI,2027,2026/2027,True,Detroit Salt,Washtenaw,Seasonal Back-Up,MiDEAL / State Agency,seasonal_backup,delivered,USD/short ton,5000.0,57.57,287850.0,,260000000713,award,price+volume,derived,MI_FY2027_CompassMinerals_260000000713.pdf,44,https://www.michigan.gov/dtmb/-/media/Project/Websites/dtmb/Procurement/Contracts/022/260000000713.pdf?rev=044d384e33124f69856ff95f406d8b63&hash=EDE0618298A9461C637E9129261588D0,b42001c1d85bb1aa8af53b05e4da59e2a811f76be17396a0792a82e3a7a14675,2026-09-09T13:34:00,WASHTENAW COUNTY ROAD COMMISSION,
MI,2027,2026/2027,True,Detroit Salt,Washtenaw,Seasonal Back-Up,MiDEAL / State Agency,seasonal_backup,delivered,USD/short ton,4000.0,57.57,230280.0,,260000000713,award,price+volume,derived,MI_FY2027_CompassMinerals_260000000713.pdf,44,https://www.michigan.gov/dtmb/-/media/Project/Websites/dtmb/Procurement/Contracts/022/260000000713.pdf?rev=044d384e33124f69856ff95f406d8b63&hash=EDE0618298A9461C637E9129261588D0,b42001c1d85bb1aa8af53b05e4da59e2a811f76be17396a0792a82e3a7a14675,2026-09-09T13:34:00,WASHTENAW COUNTY ROAD COMMISSION,
MI,2027,2026/2027,True,Detroit Salt,Washtenaw,Seasonal Back-Up,MiDEAL / State Agency,seasonal_backup,delivered,USD/short ton,1500.0,57.57,86355.0,,260000000713,award,price+volume,derived,MI_FY2027_CompassMinerals_260000000713.pdf,44,https://www.michigan.gov/dtmb/-/media/Project/Websites/dtmb/Procurement/Contracts/022/260000000713.pdf?rev=044d384e33124f69856ff95f406d8b63&hash=EDE0618298A9461C637E9129261588D0,b42001c1d85bb1aa8af53b05e4da59e2a811f76be17396a0792a82e3a7a14675,2026-09-09T13:34:00,WASHTENAW COUNTY ROAD COMMISSION,
MI,2027,2026/2027,True,Detroit Salt,Washtenaw,Seasonal Back-Up,MiDEAL / State Agency,seasonal_backup,delivered,USD/short ton,1500.0,57.57,86355.0,,260000000713,award,price+volume,derived,MI_FY2027_CompassMinerals_260000000713.pdf,44,https://www.michigan.gov/dtmb/-/media/Project/Websites/dtmb/Procurement/Contracts/022/260000000713.pdf?rev=044d384e33124f69856ff95f406d8b63&hash=EDE0618298A9461C637E9129261588D0,b42001c1d85bb1aa8af53b05e4da59e2a811f76be17396a0792a82e3a7a14675,2026-09-09T13:34:00,WASHTENAW COUNTY ROAD COMMISSION,
MI,2027,2026/2027,True,Detroit Salt,Washtenaw,Seasonal Back-Up,MiDEAL / State Agency,seasonal_backup,delivered,USD/short ton,6000.0,57.57,345420.0,,260000000713,award,price+volume,derived,MI_FY2027_CompassMinerals_260000000713.pdf,44,https://www.michigan.gov/dtmb/-/media/Project/Websites/dtmb/Procurement/Contracts/022/260000000713.pdf?rev=044d384e33124f69856ff95f406d8b63&hash=EDE0618298A9461C637E9129261588D0,b42001c1d85bb1aa8af53b05e4da59e2a811f76be17396a0792a82e3a7a14675,2026-09-09T13:34:00,WASHTENAW COUNTY ROAD COMMISSION,
MI,2027,2026/2027,True,Detroit Salt,Washtenaw,Early Fill,MiDEAL / State Agency,early_fill,delivered,USD/short ton,3000.0,60.56,181680.0,,260000000712,award,price+volume,derived,MI_FY2027_DetroitSalt_260000000712.pdf,39,https://www.michigan.gov/dtmb/-/media/Project/Websites/dtmb/Procurement/Contracts/MiDEAL/002/260000000712.pdf?rev=8d4ed14d634d466fa9207bb1d92c2458&hash=AAB40CFD3A7E1C61C7C17CA7044DBB4B,79cde6947d8c40afaaa6880a47e91c0cbcc4dd6d45876106c1492033bd40ce51,2026-09-09T13:33:59,WASHTENAW COUNTY ROAD COMMISSION,
MI,2027,2026/2027,True,Detroit Salt,Washtenaw,Early Fill,MiDEAL / State Agency,early_fill,delivered,USD/short ton,3000.0,60.56,181680.0,,260000000712,award,price+volume,derived,MI_FY2027_DetroitSalt_260000000712.pdf,39,https://www.michigan.gov/dtmb/-/media/Project/Websites/dtmb/Procurement/Contracts/MiDEAL/002/260000000712.pdf?rev=8d4ed14d634d466fa9207bb1d92c2458&hash=AAB40CFD3A7E1C61C7C17CA7044DBB4B,79cde6947d8c40afaaa6880a47e91c0cbcc4dd6d45876106c1492033bd40ce51,2026-09-09T13:33:59,WASHTENAW COUNTY ROAD COMMISSION,
MI,2027,2026/2027,True,Detroit Salt,Washtenaw,Early Fill,MiDEAL / State Agency,early_fill,delivered,USD/short ton,500.0,60.56,30280.0,,260000000712,award,price+volume,derived,MI_FY2027_DetroitSalt_260000000712.pdf,39,https://www.michigan.gov/dtmb/-/media/Project/Websites/dtmb/Procurement/Contracts/MiDEAL/002/260000000712.pdf?rev=8d4ed14d634d466fa9207bb1d92c2458&hash=AAB40CFD3A7E1C61C7C17CA7044DBB4B,79cde6947d8c40afaaa6880a47e91c0cbcc4dd6d45876106c1492033bd40ce51,2026-09-09T13:33:59,WASHTENAW COUNTY ROAD COMMISSION,
MI,2027,2026/2027,True,Detroit Salt,Washtenaw,Early Fill,MiDEAL / State Agency,early_fill,delivered,USD/short ton,500.0,60.56,30280.0,,260000000712,award,price+volume,derived,MI_FY2027_DetroitSalt_260000000712.pdf,39,https://www.michigan.gov/dtmb/-/media/Project/Websites/dtmb/Procurement/Contracts/MiDEAL/002/260000000712.pdf?rev=8d4ed14d634d466fa9207bb1d92c2458&hash=AAB40CFD3A7E1C61C7C17CA7044DBB4B,79cde6947d8c40afaaa6880a47e91c0cbcc4dd6d45876106c1492033bd40ce51,2026-09-09T13:33:59,WASHTENAW COUNTY ROAD COMMISSION,
MI,2027,2026/2027,True,Detroit Salt,Washtenaw,Early Fill,MiDEAL / State Agency,early_fill,delivered,USD/short ton,50.0,60.56,3028.0,,260000000712,award,price+volume,derived,MI_FY2027_DetroitSalt_260000000712.pdf,39,https://www.michigan.gov/dtmb/-/media/Project/Websites/dtmb/Procurement/Contracts/MiDEAL/002/260000000712.pdf?rev=8d4ed14d634d466fa9207bb1d92c2458&hash=AAB40CFD3A7E1C61C7C17CA7044DBB4B,79cde6947d8c40afaaa6880a47e91c0cbcc4dd6d45876106c1492033bd40ce51,2026-09-09T13:33:59,"CHELSEA, CITY OF",
MI,2027,2026/2027,True,Detroit Salt,Washtenaw,Early Fill,MiDEAL / State Agency,early_fill,delivered,USD/short ton,50.0,60.56,3028.0,,260000000712,award,price+volume,derived,MI_FY2027_DetroitSalt_260000000712.pdf,39,https://www.michigan.gov/dtmb/-/media/Project/Websites/dtmb/Procurement/Contracts/MiDEAL/002/260000000712.pdf?rev=8d4ed14d634d466fa9207bb1d92c2458&hash=AAB40CFD3A7E1C61C7C17CA7044DBB4B,79cde6947d8c40afaaa6880a47e91c0cbcc4dd6d45876106c1492033bd40ce51,2026-09-09T13:33:59,CHELSEA SCHOOL DISTRICT,
MI,2027,2026/2027,True,Detroit Salt,Washtenaw,Early Fill,MiDEAL / State Agency,early_fill,delivered,USD/short ton,200.0,60.56,12112.0,,260000000712,award,price+volume,derived,MI_FY2027_DetroitSalt_260000000712.pdf,39,https://www.michigan.gov/dtmb/-/media/Project/Websites/dtmb/Procurement/Contracts/MiDEAL/002/260000000712.pdf?rev=8d4ed14d634d466fa9207bb1d92c2458&hash=AAB40CFD3A7E1C61C7C17CA7044DBB4B,79cde6947d8c40afaaa6880a47e91c0cbcc4dd6d45876106c1492033bd40ce51,2026-09-09T13:33:59,WASHTENAW INTER SCHOOL DISTRICT,
MI,2027,2026/2027,True,Detroit Salt,Washtenaw,Early Fill,MiDEAL / State Agency,early_fill,delivered,USD/short ton,50.0,60.56,3028.0,,260000000712,award,price+volume,derived,MI_FY2027_DetroitSalt_260000000712.pdf,39,https://www.michigan.gov/dtmb/-/media/Project/Websites/dtmb/Procurement/Contracts/MiDEAL/002/260000000712.pdf?rev=8d4ed14d634d466fa9207bb1d92c2458&hash=AAB40CFD3A7E1C61C7C17CA7044DBB4B,79cde6947d8c40afaaa6880a47e91c0cbcc4dd6d45876106c1492033bd40ce51,2026-09-09T13:33:59,WASHTENAW COMMUNITY COLLEGE,
MI,2027,2026/2027,True,Detroit Salt,Washtenaw,Early Fill,MiDEAL / State Agency,early_fill,delivered,USD/short ton,1800.0,60.56,109008.0,,260000000712,award,price+volume,derived,MI_FY2027_DetroitSalt_260000000712.pdf,39,https://www.michigan.gov/dtmb/-/media/Project/Websites/dtmb/Procurement/Contracts/MiDEAL/002/260000000712.pdf?rev=8d4ed14d634d466fa9207bb1d92c2458&hash=AAB40CFD3A7E1C61C7C17CA7044DBB4B,79cde6947d8c40afaaa6880a47e91c0cbcc4dd6d45876106c1492033bd40ce51,2026-09-09T13:33:59,"SALINE, CITY OF",
MI,2027,2026/2027,True,Detroit Salt,Washtenaw,Early Fill,MiDEAL / State Agency,early_fill,delivered,USD/short ton,3000.0,60.56,181680.0,,260000000712,award,price+volume,derived,MI_FY2027_DetroitSalt_260000000712.pdf,39,https://www.michigan.gov/dtmb/-/media/Project/Websites/dtmb/Procurement/Contracts/MiDEAL/002/260000000712.pdf?rev=8d4ed14d634d466fa9207bb1d92c2458&hash=AAB40CFD3A7E1C61C7C17CA7044DBB4B,79cde6947d8c40afaaa6880a47e91c0cbcc4dd6d45876106c1492033bd40ce51,2026-09-09T13:33:59,"ANN ARBOR, CITY OF",
MI,2027,2026/2027,True,Detroit Salt,Washtenaw,Early Fill,MiDEAL / State Agency,early_fill,delivered,USD/short ton,50.0,60.56,3028.0,,260000000712,award,price+volume,derived,MI_FY2027_DetroitSalt_260000000712.pdf,39,https://www.michigan.gov/dtmb/-/media/Project/Websites/dtmb/Procurement/Contracts/MiDEAL/002/260000000712.pdf?rev=8d4ed14d634d466fa9207bb1d92c2458&hash=AAB40CFD3A7E1C61C7C17CA7044DBB4B,79cde6947d8c40afaaa6880a47e91c0cbcc4dd6d45876106c1492033bd40ce51,2026-09-09T13:33:59,Ypsilanti Community Schools,
MI,2027,2026/2027,True,Detroit Salt,Washtenaw,Early Fill,MiDEAL / State Agency,early_fill,delivered,USD/short ton,150.0,60.56,9084.0,,260000000712,award,price+volume,derived,MI_FY2027_DetroitSalt_260000000712.pdf,39,https://www.michigan.gov/dtmb/-/media/Project/Websites/dtmb/Procurement/Contracts/MiDEAL/002/260000000712.pdf?rev=8d4ed14d634d466fa9207bb1d92c2458&hash=AAB40CFD3A7E1C61C7C17CA7044DBB4B,79cde6947d8c40afaaa6880a47e91c0cbcc4dd6d45876106c1492033bd40ce51,2026-09-09T13:33:59,DEXTER COMMUNITY SCHOOLS,
MI,2027,2026/2027,True,Detroit Salt,Washtenaw,Early Fill,MiDEAL / State Agency,early_fill,delivered,USD/short ton,50.0,60.56,3028.0,,260000000712,award,price+volume,derived,MI_FY2027_DetroitSalt_260000000712.pdf,39,https://www.michigan.gov/dtmb/-/media/Project/Websites/dtmb/Procurement/Contracts/MiDEAL/002/260000000712.pdf?rev=8d4ed14d634d466fa9207bb1d92c2458&hash=AAB40CFD3A7E1C61C7C17CA7044DBB4B,79cde6947d8c40afaaa6880a47e91c0cbcc4dd6d45876106c1492033bd40ce51,2026-09-09T13:33:59,DOC-Womens Huron Valley Correction Facility- AGENCY,
MI,2027,2026/2027,True,Detroit Salt,Washtenaw,Early Fill,MiDEAL / State Agency,early_fill,delivered,USD/short ton,2000.0,60.56,121120.0,,260000000712,award,price+volume,derived,MI_FY2027_DetroitSalt_260000000712.pdf,39,https://www.michigan.gov/dtmb/-/media/Project/Websites/dtmb/Procurement/Contracts/MiDEAL/002/260000000712.pdf?rev=8d4ed14d634d466fa9207bb1d92c2458&hash=AAB40CFD3A7E1C61C7C17CA7044DBB4B,79cde6947d8c40afaaa6880a47e91c0cbcc4dd6d45876106c1492033bd40ce51,2026-09-09T13:33:59,WASHTENAW COUNTY ROAD COMMISSION,
MI,2027,2026/2027,True,Detroit Salt,Washtenaw,Early Fill,MiDEAL / State Agency,early_fill,delivered,USD/short ton,50.0,60.56,3028.0,,260000000712,award,price+volume,derived,MI_FY2027_DetroitSalt_260000000712.pdf,39,https://www.michigan.gov/dtmb/-/media/Project/Websites/dtmb/Procurement/Contracts/MiDEAL/002/260000000712.pdf?rev=8d4ed14d634d466fa9207bb1d92c2458&hash=AAB40CFD3A7E1C61C7C17CA7044DBB4B,79cde6947d8c40afaaa6880a47e91c0cbcc4dd6d45876106c1492033bd40ce51,2026-09-09T13:33:59,Loch Alpine Sanitary Authority,
MI,2027,2026/2027,True,Detroit Salt,Washtenaw,Early Fill,MiDEAL / State Agency,early_fill,delivered,USD/short ton,200.0,60.56,12112.0,,260000000712,award,price+volume,derived,MI_FY2027_DetroitSalt_260000000712.pdf,39,https://www.michigan.gov/dtmb/-/media/Project/Websites/dtmb/Procurement/Contracts/MiDEAL/002/260000000712.pdf?rev=8d4ed14d634d466fa9207bb1d92c2458&hash=AAB40CFD3A7E1C61C7C17CA7044DBB4B,79cde6947d8c40afaaa6880a47e91c0cbcc4dd6d45876106c1492033bd40ce51,2026-09-09T13:33:59,ANN ARBOR PUBLIC SCHOOLS,
MI,2027,2026/2027,True,Detroit Salt,Wayne,Seasonal Back-Up,MiDEAL / State Agency,seasonal_backup,delivered,USD/short ton,300.0,66.94,20082.0,,260000000713,award,price+volume,derived,MI_FY2027_CompassMinerals_260000000713.pdf,45,https://www.michigan.gov/dtmb/-/media/Project/Websites/dtmb/Procurement/Contracts/022/260000000713.pdf?rev=044d384e33124f69856ff95f406d8b63&hash=EDE0618298A9461C637E9129261588D0,b42001c1d85bb1aa8af53b05e4da59e2a811f76be17396a0792a82e3a7a14675,2026-09-09T13:34:00,"GROSSE POINTE, CITY OF",
MI,2027,2026/2027,True,Detroit Salt,Wayne,Seasonal Back-Up,MiDEAL / State Agency,seasonal_backup,delivered,USD/short ton,2500.0,66.94,167350.0,,260000000713,award,price+volume,derived,MI_FY2027_CompassMinerals_260000000713.pdf,45,https://www.michigan.gov/dtmb/-/media/Project/Websites/dtmb/Procurement/Contracts/022/260000000713.pdf?rev=044d384e33124f69856ff95f406d8b63&hash=EDE0618298A9461C637E9129261588D0,b42001c1d85bb1aa8af53b05e4da59e2a811f76be17396a0792a82e3a7a14675,2026-09-09T13:34:00,"WYANDOTTE, CITY OF",
MI,2027,2026/2027,True,Detroit Salt,Wayne,Seasonal Back-Up,MiDEAL / State Agency,seasonal_backup,delivered,USD/short ton,200.0,66.94,13388.0,,260000000713,award,price+volume,derived,MI_FY2027_CompassMinerals_260000000713.pdf,45,https://www.michigan.gov/dtmb/-/media/Project/Websites/dtmb/Procurement/Contracts/022/260000000713.pdf?rev=044d384e33124f69856ff95f406d8b63&hash=EDE0618298A9461C637E9129261588D0,b42001c1d85bb1aa8af53b05e4da59e2a811f76be17396a0792a82e3a7a14675,2026-09-09T13:34:00,GROSSE POINTE PUBLIC SCHOOLS,
MI,2027,2026/2027,True,Detroit Salt,Wayne,Seasonal Back-Up,MiDEAL / State Agency,seasonal_backup,delivered,USD/short ton,1500.0,66.94,100410.0,,260000000713,award,price+volume,derived,MI_FY2027_CompassMinerals_260000000713.pdf,45,https://www.michigan.gov/dtmb/-/media/Project/Websites/dtmb/Procurement/Contracts/022/260000000713.pdf?rev=044d384e33124f69856ff95f406d8b63&hash=EDE0618298A9461C637E9129261588D0,b42001c1d85bb1aa8af53b05e4da59e2a811f76be17396a0792a82e3a7a14675,2026-09-09T13:34:00,"WAYNE, CITY OF",
MI,2027,2026/2027,True,Detroit Salt,Wayne,Seasonal Back-Up,MiDEAL / State Agency,seasonal_backup,delivered,USD/short ton,1400.0,66.94,93716.0,,260000000713,award,price+volume,derived,MI_FY2027_CompassMinerals_260000000713.pdf,45,https://www.michigan.gov/dtmb/-/media/Project/Websites/dtmb/Procurement/Contracts/022/260000000713.pdf?rev=044d384e33124f69856ff95f406d8b63&hash=EDE0618298A9461C637E9129261588D0,b42001c1d85bb1aa8af53b05e4da59e2a811f76be17396a0792a82e3a7a14675,2026-09-09T13:34:00,"GARDEN CITY, CITY OF",
MI,2027,2026/2027,True,Detroit Salt,Wayne,Seasonal Back-Up,MiDEAL / State Agency,seasonal_backup,delivered,USD/short ton,700.0,66.94,46858.0,,260000000713,award,price+volume,derived,MI_FY2027_CompassMinerals_260000000713.pdf,45,https://www.michigan.gov/dtmb/-/media/Project/Websites/dtmb/Procurement/Contracts/022/260000000713.pdf?rev=044d384e33124f69856ff95f406d8b63&hash=EDE0618298A9461C637E9129261588D0,b42001c1d85bb1aa8af53b05e4da59e2a811f76be17396a0792a82e3a7a14675,2026-09-09T13:34:00,"GROSSE POINTE FARMS, CITY OF",
MI,2027,2026/2027,True,Detroit Salt,Wayne,Seasonal Back-Up,MiDEAL / State Agency,seasonal_backup,delivered,USD/short ton,1000.0,66.94,66940.0,,260000000713,award,price+volume,derived,MI_FY2027_CompassMinerals_260000000713.pdf,45,https://www.michigan.gov/dtmb/-/media/Project/Websites/dtmb/Procurement/Contracts/022/260000000713.pdf?rev=044d384e33124f69856ff95f406d8b63&hash=EDE0618298A9461C637E9129261588D0,b42001c1d85bb1aa8af53b05e4da59e2a811f76be17396a0792a82e3a7a14675,2026-09-09T13:34:00,BROWNSTOWN CHARTER TOWNSHIP,
MI,2027,2026/2027,True,Detroit Salt,Wayne,Seasonal Back-Up,MiDEAL / State Agency,seasonal_backup,delivered,USD/short ton,750.0,66.94,50205.0,,260000000713,award,price+volume,derived,MI_FY2027_CompassMinerals_260000000713.pdf,45,https://www.michigan.gov/dtmb/-/media/Project/Websites/dtmb/Procurement/Contracts/022/260000000713.pdf?rev=044d384e33124f69856ff95f406d8b63&hash=EDE0618298A9461C637E9129261588D0,b42001c1d85bb1aa8af53b05e4da59e2a811f76be17396a0792a82e3a7a14675,2026-09-09T13:34:00,"NORTHVILLE, CITY OF",
MI,2027,2026/2027,True,Detroit Salt,Wayne,Seasonal Back-Up,MiDEAL / State Agency,seasonal_backup,delivered,USD/short ton,1500.0,66.94,100410.0,,260000000713,award,price+volume,derived,MI_FY2027_CompassMinerals_260000000713.pdf,45,https://www.michigan.gov/dtmb/-/media/Project/Websites/dtmb/Procurement/Contracts/022/260000000713.pdf?rev=044d384e33124f69856ff95f406d8b63&hash=EDE0618298A9461C637E9129261588D0,b42001c1d85bb1aa8af53b05e4da59e2a811f76be17396a0792a82e3a7a14675,2026-09-09T13:34:00,"GROSSE POINTE PARK, CITY OF",
MI,2027,2026/2027,True,Detroit Salt,Wayne,Seasonal Back-Up,MiDEAL / State Agency,seasonal_backup,delivered,USD/short ton,1100.0,66.94,73634.0,,260000000713,award,price+volume,derived,MI_FY2027_CompassMinerals_260000000713.pdf,45,https://www.michigan.gov/dtmb/-/media/Project/Websites/dtmb/Procurement/Contracts/022/260000000713.pdf?rev=044d384e33124f69856ff95f406d8b63&hash=EDE0618298A9461C637E9129261588D0,b42001c1d85bb1aa8af53b05e4da59e2a811f76be17396a0792a82e3a7a14675,2026-09-09T13:34:00,LIVONIA PUBLIC SCHOOLS,
MI,2027,2026/2027,True,Detroit Salt,Wayne,Seasonal Back-Up,MiDEAL / State Agency,seasonal_backup,delivered,USD/short ton,250.0,66.94,16735.0,,260000000713,award,price+volume,derived,MI_FY2027_CompassMinerals_260000000713.pdf,45,https://www.michigan.gov/dtmb/-/media/Project/Websites/dtmb/Procurement/Contracts/022/260000000713.pdf?rev=044d384e33124f69856ff95f406d8b63&hash=EDE0618298A9461C637E9129261588D0,b42001c1d85bb1aa8af53b05e4da59e2a811f76be17396a0792a82e3a7a14675,2026-09-09T13:34:00,"DETROIT MERCY, UNIVERSITY OF",
MI,2027,2026/2027,True,Detroit Salt,Wayne,Seasonal Back-Up,MiDEAL / State Agency,seasonal_backup,delivered,USD/short ton,100.0,66.94,6694.0,,260000000713,award,price+volume,derived,MI_FY2027_CompassMinerals_260000000713.pdf,45,https://www.michigan.gov/dtmb/-/media/Project/Websites/dtmb/Procurement/Contracts/022/260000000713.pdf?rev=044d384e33124f69856ff95f406d8b63&hash=EDE0618298A9461C637E9129261588D0,b42001c1d85bb1aa8af53b05e4da59e2a811f76be17396a0792a82e3a7a14675,2026-09-09T13:34:00,"DETROIT MERCY, UNIVERSITY OF",
MI,2027,2026/2027,True,Detroit Salt,Wayne,Seasonal Back-Up,MiDEAL / State Agency,seasonal_backup,delivered,USD/short ton,1400.0,66.94,93716.0,,260000000713,award,price+volume,derived,MI_FY2027_CompassMinerals_260000000713.pdf,45,https://www.michigan.gov/dtmb/-/media/Project/Websites/dtmb/Procurement/Contracts/022/260000000713.pdf?rev=044d384e33124f69856ff95f406d8b63&hash=EDE0618298A9461C637E9129261588D0,b42001c1d85bb1aa8af53b05e4da59e2a811f76be17396a0792a82e3a7a14675,2026-09-09T13:34:00,PLYMOUTH CANTON SCHOOLS,
MI,2027,2026/2027,True,Detroit Salt,Wayne,Seasonal Back-Up,MiDEAL / State Agency,seasonal_backup,delivered,USD/short ton,100.0,66.94,6694.0,,260000000713,award,price+volume,derived,MI_FY2027_CompassMinerals_260000000713.pdf,45,https://www.michigan.gov/dtmb/-/media/Project/Websites/dtmb/Procurement/Contracts/022/260000000713.pdf?rev=044d384e33124f69856ff95f406d8b63&hash=EDE0618298A9461C637E9129261588D0,b42001c1d85bb1aa8af53b05e4da59e2a811f76be17396a0792a82e3a7a14675,2026-09-09T13:34:00,VAN BUREN PUBLIC SCHOOLS,
MI,2027,2026/2027,True,Detroit Salt,Wayne,Seasonal Back-Up,MiDEAL / State Agency,seasonal_backup,delivered,USD/short ton,700.0,66.94,46858.0,,260000000713,award,price+volume,derived,MI_FY2027_CompassMinerals_260000000713.pdf,45,https://www.michigan.gov/dtmb/-/media/Project/Websites/dtmb/Procurement/Contracts/022/260000000713.pdf?rev=044d384e33124f69856ff95f406d8b63&hash=EDE0618298A9461C637E9129261588D0,b42001c1d85bb1aa8af53b05e4da59e2a811f76be17396a0792a82e3a7a14675,2026-09-09T13:34:00,WAYNE-WESTLAND COMMUNITY SCHOOLS,
MI,2027,2026/2027,True,Detroit Salt,Wayne,Seasonal Back-Up,MiDEAL / State Agency,seasonal_backup,delivered,USD/short ton,1200.0,66.94,80328.0,,260000000713,award,price+volume,derived,MI_FY2027_CompassMinerals_260000000713.pdf,45,https://www.michigan.gov/dtmb/-/media/Project/Websites/dtmb/Procurement/Contracts/022/260000000713.pdf?rev=044d384e33124f69856ff95f406d8b63&hash=EDE0618298A9461C637E9129261588D0,b42001c1d85bb1aa8af53b05e4da59e2a811f76be17396a0792a82e3a7a14675,2026-09-09T13:34:00,"WOODHAVEN, CITY OF",
MI,2027,2026/2027,True,Detroit Salt,Wayne,Seasonal Back-Up,MiDEAL / State Agency,seasonal_backup,delivered,USD/short ton,150.0,66.94,10041.0,,260000000713,award,price+volume,derived,MI_FY2027_CompassMinerals_260000000713.pdf,45,https://www.michigan.gov/dtmb/-/media/Project/Websites/dtmb/Procurement/Contracts/022/260000000713.pdf?rev=044d384e33124f69856ff95f406d8b63&hash=EDE0618298A9461C637E9129261588D0,b42001c1d85bb1aa8af53b05e4da59e2a811f76be17396a0792a82e3a7a14675,2026-09-09T13:34:00,"Highland Park, City of",
MI,2027,2026/2027,True,Detroit Salt,Wayne,Seasonal Back-Up,MiDEAL / State Agency,seasonal_backup,delivered,USD/short ton,500.0,66.94,33470.0,,260000000713,award,price+volume,derived,MI_FY2027_CompassMinerals_260000000713.pdf,45,https://www.michigan.gov/dtmb/-/media/Project/Websites/dtmb/Procurement/Contracts/022/260000000713.pdf?rev=044d384e33124f69856ff95f406d8b63&hash=EDE0618298A9461C637E9129261588D0,b42001c1d85bb1aa8af53b05e4da59e2a811f76be17396a0792a82e3a7a14675,2026-09-09T13:34:00,DEARBORN PUBLIC SCHOOLS,
MI,2027,2026/2027,True,Detroit Salt,Wayne,Seasonal Back-Up,MiDEAL / State Agency,seasonal_backup,delivered,USD/short ton,100.0,66.94,6694.0,,260000000713,award,price+volume,derived,MI_FY2027_CompassMinerals_260000000713.pdf,45,https://www.michigan.gov/dtmb/-/media/Project/Websites/dtmb/Procurement/Contracts/022/260000000713.pdf?rev=044d384e33124f69856ff95f406d8b63&hash=EDE0618298A9461C637E9129261588D0,b42001c1d85bb1aa8af53b05e4da59e2a811f76be17396a0792a82e3a7a14675,2026-09-09T13:34:00,SCHOOLCRAFT COMMUNITY COLLEGE,
MI,2027,2026/2027,True,Detroit Salt,Wayne,Seasonal Back-Up,MiDEAL / State Agency,seasonal_backup,delivered,USD/short ton,150.0,66.94,10041.0,,260000000713,award,price+volume,derived,MI_FY2027_CompassMinerals_260000000713.pdf,45,https://www.michigan.gov/dtmb/-/media/Project/Websites/dtmb/Procurement/Contracts/022/260000000713.pdf?rev=044d384e33124f69856ff95f406d8b63&hash=EDE0618298A9461C637E9129261588D0,b42001c1d85bb1aa8af53b05e4da59e2a811f76be17396a0792a82e3a7a14675,2026-09-09T13:34:00,GARDEN CITY PUBLIC SCHOOLS,
MI,2027,2026/2027,True,Detroit Salt,Wayne,Seasonal Back-Up,MiDEAL / State Agency,seasonal_backup,delivered,USD/short ton,250.0,66.94,16735.0,,260000000713,award,price+volume,derived,MI_FY2027_CompassMinerals_260000000713.pdf,45,https://www.michigan.gov/dtmb/-/media/Project/Websites/dtmb/Procurement/Contracts/022/260000000713.pdf?rev=044d384e33124f69856ff95f406d8b63&hash=EDE0618298A9461C637E9129261588D0,b42001c1d85bb1aa8af53b05e4da59e2a811f76be17396a0792a82e3a7a14675,2026-09-09T13:34:00,SOUTHGATE COMMUNITY SCHOOL DISTRICT,
MI,2027,2026/2027,True,Detroit Salt,Wayne,Seasonal Back-Up,MiDEAL / State Agency,seasonal_backup,delivered,USD/short ton,1900.0,66.94,127186.0,,260000000713,award,price+volume,derived,MI_FY2027_CompassMinerals_260000000713.pdf,45,https://www.michigan.gov/dtmb/-/media/Project/Websites/dtmb/Procurement/Contracts/022/260000000713.pdf?rev=044d384e33124f69856ff95f406d8b63&hash=EDE0618298A9461C637E9129261588D0,b42001c1d85bb1aa8af53b05e4da59e2a811f76be17396a0792a82e3a7a14675,2026-09-09T13:34:00,"DEARBORN HEIGHTS, CITY OF",
MI,2027,2026/2027,True,Detroit Salt,Wayne,Seasonal Back-Up,MiDEAL / State Agency,seasonal_backup,delivered,USD/short ton,15000.0,66.94,1004100.0,,260000000713,award,price+volume,derived,MI_FY2027_CompassMinerals_260000000713.pdf,45,https://www.michigan.gov/dtmb/-/media/Project/Websites/dtmb/Procurement/Contracts/022/260000000713.pdf?rev=044d384e33124f69856ff95f406d8b63&hash=EDE0618298A9461C637E9129261588D0,b42001c1d85bb1aa8af53b05e4da59e2a811f76be17396a0792a82e3a7a14675,2026-09-09T13:34:00,"DETROIT, CITY OF",
MI,2027,2026/2027,True,Detroit Salt,Wayne,Seasonal Back-Up,MiDEAL / State Agency,seasonal_backup,delivered,USD/short ton,9000.0,66.94,602460.0,,260000000713,award,price+volume,derived,MI_FY2027_CompassMinerals_260000000713.pdf,45,https://www.michigan.gov/dtmb/-/media/Project/Websites/dtmb/Procurement/Contracts/022/260000000713.pdf?rev=044d384e33124f69856ff95f406d8b63&hash=EDE0618298A9461C637E9129261588D0,b42001c1d85bb1aa8af53b05e4da59e2a811f76be17396a0792a82e3a7a14675,2026-09-09T13:34:00,"DETROIT, CITY OF",
MI,2027,2026/2027,True,Detroit Salt,Wayne,Seasonal Back-Up,MiDEAL / State Agency,seasonal_backup,delivered,USD/short ton,6000.0,66.94,401640.0,,260000000713,award,price+volume,derived,MI_FY2027_CompassMinerals_260000000713.pdf,45,https://www.michigan.gov/dtmb/-/media/Project/Websites/dtmb/Procurement/Contracts/022/260000000713.pdf?rev=044d384e33124f69856ff95f406d8b63&hash=EDE0618298A9461C637E9129261588D0,b42001c1d85bb1aa8af53b05e4da59e2a811f76be17396a0792a82e3a7a14675,2026-09-09T13:34:00,"DETROIT, CITY OF",
MI,2027,2026/2027,True,Detroit Salt,Wayne,Seasonal Back-Up,MiDEAL / State Agency,seasonal_backup,delivered,USD/short ton,1000.0,66.94,66940.0,,260000000713,award,price+volume,derived,MI_FY2027_CompassMinerals_260000000713.pdf,45,https://www.michigan.gov/dtmb/-/media/Project/Websites/dtmb/Procurement/Contracts/022/260000000713.pdf?rev=044d384e33124f69856ff95f406d8b63&hash=EDE0618298A9461C637E9129261588D0,b42001c1d85bb1aa8af53b05e4da59e2a811f76be17396a0792a82e3a7a14675,2026-09-09T13:34:00,"DETROIT, CITY OF",
MI,2027,2026/2027,True,Detroit Salt,Wayne,Seasonal Back-Up,MiDEAL / State Agency,seasonal_backup,delivered,USD/short ton,250.0,66.94,16735.0,,260000000713,award,price+volume,derived,MI_FY2027_CompassMinerals_260000000713.pdf,45,https://www.michigan.gov/dtmb/-/media/Project/Websites/dtmb/Procurement/Contracts/022/260000000713.pdf?rev=044d384e33124f69856ff95f406d8b63&hash=EDE0618298A9461C637E9129261588D0,b42001c1d85bb1aa8af53b05e4da59e2a811f76be17396a0792a82e3a7a14675,2026-09-09T13:34:00,"DETROIT, CITY OF",
MI,2027,2026/2027,True,Detroit Salt,Wayne,Seasonal Back-Up,MiDEAL / State Agency,seasonal_backup,delivered,USD/short ton,250.0,66.94,16735.0,,260000000713,award,price+volume,derived,MI_FY2027_CompassMinerals_260000000713.pdf,45,https://www.michigan.gov/dtmb/-/media/Project/Websites/dtmb/Procurement/Contracts/022/260000000713.pdf?rev=044d384e33124f69856ff95f406d8b63&hash=EDE0618298A9461C637E9129261588D0,b42001c1d85bb1aa8af53b05e4da59e2a811f76be17396a0792a82e3a7a14675,2026-09-09T13:34:00,"DETROIT, CITY OF",
MI,2027,2026/2027,True,Detroit Salt,Wayne,Seasonal Back-Up,MiDEAL / State Agency,seasonal_backup,delivered,USD/short ton,5000.0,66.94,334700.0,,260000000713,award,price+volume,derived,MI_FY2027_CompassMinerals_260000000713.pdf,45,https://www.michigan.gov/dtmb/-/media/Project/Websites/dtmb/Procurement/Contracts/022/260000000713.pdf?rev=044d384e33124f69856ff95f406d8b63&hash=EDE0618298A9461C637E9129261588D0,b42001c1d85bb1aa8af53b05e4da59e2a811f76be17396a0792a82e3a7a14675,2026-09-09T13:34:00,"DEARBORN, CITY OF",
MI,2027,2026/2027,True,Detroit Salt,Wayne,Seasonal Back-Up,MiDEAL / State Agency,seasonal_backup,delivered,USD/short ton,250.0,66.94,16735.0,,260000000713,award,price+volume,derived,MI_FY2027_CompassMinerals_260000000713.pdf,45,https://www.michigan.gov/dtmb/-/media/Project/Websites/dtmb/Procurement/Contracts/022/260000000713.pdf?rev=044d384e33124f69856ff95f406d8b63&hash=EDE0618298A9461C637E9129261588D0,b42001c1d85bb1aa8af53b05e4da59e2a811f76be17396a0792a82e3a7a14675,2026-09-09T13:34:00,"RIVER ROUGE, CITY OF",
MI,2027,2026/2027,True,Detroit Salt,Wayne,Seasonal Back-Up,MiDEAL / State Agency,seasonal_backup,delivered,USD/short ton,2500.0,66.94,167350.0,,260000000713,award,price+volume,derived,MI_FY2027_CompassMinerals_260000000713.pdf,45,https://www.michigan.gov/dtmb/-/media/Project/Websites/dtmb/Procurement/Contracts/022/260000000713.pdf?rev=044d384e33124f69856ff95f406d8b63&hash=EDE0618298A9461C637E9129261588D0,b42001c1d85bb1aa8af53b05e4da59e2a811f76be17396a0792a82e3a7a14675,2026-09-09T13:34:00,WAYNE COUNTY AIRPORT AUTHORITY,
MI,2027,2026/2027,True,Detroit Salt,Wayne,Seasonal Back-Up,MiDEAL / State Agency,seasonal_backup,delivered,USD/short ton,500.0,66.94,33470.0,,260000000713,award,price+volume,derived,MI_FY2027_CompassMinerals_260000000713.pdf,45,https://www.michigan.gov/dtmb/-/media/Project/Websites/dtmb/Procurement/Contracts/022/260000000713.pdf?rev=044d384e33124f69856ff95f406d8b63&hash=EDE0618298A9461C637E9129261588D0,b42001c1d85bb1aa8af53b05e4da59e2a811f76be17396a0792a82e3a7a14675,2026-09-09T13:34:00,WAYNE COUNTY AIRPORT AUTHORITY,
MI,2027,2026/2027,True,Detroit Salt,Wayne,Seasonal Back-Up,MiDEAL / State Agency,seasonal_backup,delivered,USD/short ton,350.0,66.94,23429.0,,260000000713,award,price+volume,derived,MI_FY2027_CompassMinerals_260000000713.pdf,45,https://www.michigan.gov/dtmb/-/media/Project/Websites/dtmb/Procurement/Contracts/022/260000000713.pdf?rev=044d384e33124f69856ff95f406d8b63&hash=EDE0618298A9461C637E9129261588D0,b42001c1d85bb1aa8af53b05e4da59e2a811f76be17396a0792a82e3a7a14675,2026-09-09T13:34:00,WAYNE STATE UNIVERSITY,
MI,2027,2026/2027,True,Detroit Salt,Wayne,Seasonal Back-Up,MiDEAL / State Agency,seasonal_backup,delivered,USD/short ton,100.0,66.94,6694.0,,260000000713,award,price+volume,derived,MI_FY2027_CompassMinerals_260000000713.pdf,45,https://www.michigan.gov/dtmb/-/media/Project/Websites/dtmb/Procurement/Contracts/022/260000000713.pdf?rev=044d384e33124f69856ff95f406d8b63&hash=EDE0618298A9461C637E9129261588D0,b42001c1d85bb1aa8af53b05e4da59e2a811f76be17396a0792a82e3a7a14675,2026-09-09T13:34:00,"Ecorse, City of",
MI,2027,2026/2027,True,Detroit Salt,Wayne,Seasonal Back-Up,MiDEAL / State Agency,seasonal_backup,delivered,USD/short ton,12250.0,66.94,820015.0,,260000000713,award,price+volume,derived,MI_FY2027_CompassMinerals_260000000713.pdf,45,https://www.michigan.gov/dtmb/-/media/Project/Websites/dtmb/Procurement/Contracts/022/260000000713.pdf?rev=044d384e33124f69856ff95f406d8b63&hash=EDE0618298A9461C637E9129261588D0,b42001c1d85bb1aa8af53b05e4da59e2a811f76be17396a0792a82e3a7a14675,2026-09-09T13:34:00,WAYNE COUNTY,
MI,2027,2026/2027,True,Detroit Salt,Wayne,Seasonal Back-Up,MiDEAL / State Agency,seasonal_backup,delivered,USD/short ton,12250.0,66.94,820015.0,,260000000713,award,price+volume,derived,MI_FY2027_CompassMinerals_260000000713.pdf,45,https://www.michigan.gov/dtmb/-/media/Project/Websites/dtmb/Procurement/Contracts/022/260000000713.pdf?rev=044d384e33124f69856ff95f406d8b63&hash=EDE0618298A9461C637E9129261588D0,b42001c1d85bb1aa8af53b05e4da59e2a811f76be17396a0792a82e3a7a14675,2026-09-09T13:34:00,WAYNE COUNTY,
MI,2027,2026/2027,True,Detroit Salt,Wayne,Seasonal Back-Up,MiDEAL / State Agency,seasonal_backup,delivered,USD/short ton,12250.0,66.94,820015.0,,260000000713,award,price+volume,derived,MI_FY2027_CompassMinerals_260000000713.pdf,45,https://www.michigan.gov/dtmb/-/media/Project/Websites/dtmb/Procurement/Contracts/022/260000000713.pdf?rev=044d384e33124f69856ff95f406d8b63&hash=EDE0618298A9461C637E9129261588D0,b42001c1d85bb1aa8af53b05e4da59e2a811f76be17396a0792a82e3a7a14675,2026-09-09T13:34:00,WAYNE COUNTY,
MI,2027,2026/2027,True,Detroit Salt,Wayne,Seasonal Back-Up,MiDEAL / State Agency,seasonal_backup,delivered,USD/short ton,2000.0,66.94,133880.0,,260000000713,award,price+volume,derived,MI_FY2027_CompassMinerals_260000000713.pdf,45,https://www.michigan.gov/dtmb/-/media/Project/Websites/dtmb/Procurement/Contracts/022/260000000713.pdf?rev=044d384e33124f69856ff95f406d8b63&hash=EDE0618298A9461C637E9129261588D0,b42001c1d85bb1aa8af53b05e4da59e2a811f76be17396a0792a82e3a7a14675,2026-09-09T13:34:00,WAYNE COUNTY,
MI,2027,2026/2027,True,Detroit Salt,Wayne,Seasonal Back-Up,MiDEAL / State Agency,seasonal_backup,delivered,USD/short ton,8000.0,66.94,535520.0,,260000000713,award,price+volume,derived,MI_FY2027_CompassMinerals_260000000713.pdf,45,https://www.michigan.gov/dtmb/-/media/Project/Websites/dtmb/Procurement/Contracts/022/260000000713.pdf?rev=044d384e33124f69856ff95f406d8b63&hash=EDE0618298A9461C637E9129261588D0,b42001c1d85bb1aa8af53b05e4da59e2a811f76be17396a0792a82e3a7a14675,2026-09-09T13:34:00,WAYNE COUNTY,
MI,2027,2026/2027,True,Detroit Salt,Wayne,Seasonal Back-Up,MiDEAL / State Agency,seasonal_backup,delivered,USD/short ton,8000.0,66.94,535520.0,,260000000713,award,price+volume,derived,MI_FY2027_CompassMinerals_260000000713.pdf,45,https://www.michigan.gov/dtmb/-/media/Project/Websites/dtmb/Procurement/Contracts/022/260000000713.pdf?rev=044d384e33124f69856ff95f406d8b63&hash=EDE0618298A9461C637E9129261588D0,b42001c1d85bb1aa8af53b05e4da59e2a811f76be17396a0792a82e3a7a14675,2026-09-09T13:34:00,WAYNE COUNTY,
MI,2027,2026/2027,True,Detroit Salt,Wayne,Seasonal Back-Up,MiDEAL / State Agency,seasonal_backup,delivered,USD/short ton,12250.0,66.94,820015.0,,260000000713,award,price+volume,derived,MI_FY2027_CompassMinerals_260000000713.pdf,45,https://www.michigan.gov/dtmb/-/media/Project/Websites/dtmb/Procurement/Contracts/022/260000000713.pdf?rev=044d384e33124f69856ff95f406d8b63&hash=EDE0618298A9461C637E9129261588D0,b42001c1d85bb1aa8af53b05e4da59e2a811f76be17396a0792a82e3a7a14675,2026-09-09T13:34:00,WAYNE COUNTY,
MI,2027,2026/2027,True,Detroit Salt,Wayne,Seasonal Back-Up,MiDEAL / State Agency,seasonal_backup,delivered,USD/short ton,4000.0,66.94,267760.0,,260000000713,award,price+volume,derived,MI_FY2027_CompassMinerals_260000000713.pdf,45,https://www.michigan.gov/dtmb/-/media/Project/Websites/dtmb/Procurement/Contracts/022/260000000713.pdf?rev=044d384e33124f69856ff95f406d8b63&hash=EDE0618298A9461C637E9129261588D0,b42001c1d85bb1aa8af53b05e4da59e2a811f76be17396a0792a82e3a7a14675,2026-09-09T13:34:00,WAYNE COUNTY,
MI,2027,2026/2027,True,Detroit Salt,Wayne,Seasonal Back-Up,MiDEAL / State Agency,seasonal_backup,delivered,USD/short ton,2000.0,66.94,133880.0,,260000000713,award,price+volume,derived,MI_FY2027_CompassMinerals_260000000713.pdf,45,https://www.michigan.gov/dtmb/-/media/Project/Websites/dtmb/Procurement/Contracts/022/260000000713.pdf?rev=044d384e33124f69856ff95f406d8b63&hash=EDE0618298A9461C637E9129261588D0,b42001c1d85bb1aa8af53b05e4da59e2a811f76be17396a0792a82e3a7a14675,2026-09-09T13:34:00,WAYNE COUNTY,
MI,2027,2026/2027,True,Detroit Salt,Wayne,Seasonal Back-Up,MiDEAL / State Agency,seasonal_backup,delivered,USD/short ton,500.0,66.94,33470.0,,260000000713,award,price+volume,derived,MI_FY2027_CompassMinerals_260000000713.pdf,45,https://www.michigan.gov/dtmb/-/media/Project/Websites/dtmb/Procurement/Contracts/022/260000000713.pdf?rev=044d384e33124f69856ff95f406d8b63&hash=EDE0618298A9461C637E9129261588D0,b42001c1d85bb1aa8af53b05e4da59e2a811f76be17396a0792a82e3a7a14675,2026-09-09T13:34:00,WAYNE COUNTY,
MI,2027,2026/2027,True,Detroit Salt,Wayne,Seasonal Back-Up,MiDEAL / State Agency,seasonal_backup,delivered,USD/short ton,2000.0,66.94,133880.0,,260000000713,award,price+volume,derived,MI_FY2027_CompassMinerals_260000000713.pdf,45,https://www.michigan.gov/dtmb/-/media/Project/Websites/dtmb/Procurement/Contracts/022/260000000713.pdf?rev=044d384e33124f69856ff95f406d8b63&hash=EDE0618298A9461C637E9129261588D0,b42001c1d85bb1aa8af53b05e4da59e2a811f76be17396a0792a82e3a7a14675,2026-09-09T13:34:00,WAYNE COUNTY,
MI,2027,2026/2027,True,Detroit Salt,Wayne,Seasonal Back-Up,MiDEAL / State Agency,seasonal_backup,delivered,USD/short ton,3500.0,66.94,234290.0,,260000000713,award,price+volume,derived,MI_FY2027_CompassMinerals_260000000713.pdf,45,https://www.michigan.gov/dtmb/-/media/Project/Websites/dtmb/Procurement/Contracts/022/260000000713.pdf?rev=044d384e33124f69856ff95f406d8b63&hash=EDE0618298A9461C637E9129261588D0,b42001c1d85bb1aa8af53b05e4da59e2a811f76be17396a0792a82e3a7a14675,2026-09-09T13:34:00,WAYNE COUNTY,
MI,2027,2026/2027,True,Detroit Salt,Wayne,Seasonal Back-Up,MiDEAL / State Agency,seasonal_backup,delivered,USD/short ton,6000.0,66.94,401640.0,,260000000713,award,price+volume,derived,MI_FY2027_CompassMinerals_260000000713.pdf,45,https://www.michigan.gov/dtmb/-/media/Project/Websites/dtmb/Procurement/Contracts/022/260000000713.pdf?rev=044d384e33124f69856ff95f406d8b63&hash=EDE0618298A9461C637E9129261588D0,b42001c1d85bb1aa8af53b05e4da59e2a811f76be17396a0792a82e3a7a14675,2026-09-09T13:34:00,WAYNE COUNTY,
MI,2027,2026/2027,True,Detroit Salt,Wayne,Seasonal Back-Up,MiDEAL / State Agency,seasonal_backup,delivered,USD/short ton,2000.0,66.94,133880.0,,260000000713,award,price+volume,derived,MI_FY2027_CompassMinerals_260000000713.pdf,45,https://www.michigan.gov/dtmb/-/media/Project/Websites/dtmb/Procurement/Contracts/022/260000000713.pdf?rev=044d384e33124f69856ff95f406d8b63&hash=EDE0618298A9461C637E9129261588D0,b42001c1d85bb1aa8af53b05e4da59e2a811f76be17396a0792a82e3a7a14675,2026-09-09T13:34:00,GREAT LAKES WATER AUTHORITY,
MI,2027,2026/2027,True,Detroit Salt,Wayne,Seasonal Back-Up,MiDEAL / State Agency,seasonal_backup,delivered,USD/short ton,400.0,66.94,26776.0,,260000000713,award,price+volume,derived,MI_FY2027_CompassMinerals_260000000713.pdf,45,https://www.michigan.gov/dtmb/-/media/Project/Websites/dtmb/Procurement/Contracts/022/260000000713.pdf?rev=044d384e33124f69856ff95f406d8b63&hash=EDE0618298A9461C637E9129261588D0,b42001c1d85bb1aa8af53b05e4da59e2a811f76be17396a0792a82e3a7a14675,2026-09-09T13:34:00,"MICHIGAN, UNIVERSITY OF",
MI,2027,2026/2027,True,Detroit Salt,Wayne,Seasonal Back-Up,MiDEAL / State Agency,seasonal_backup,delivered,USD/short ton,400.0,66.94,26776.0,,260000000713,award,price+volume,derived,MI_FY2027_CompassMinerals_260000000713.pdf,45,https://www.michigan.gov/dtmb/-/media/Project/Websites/dtmb/Procurement/Contracts/022/260000000713.pdf?rev=044d384e33124f69856ff95f406d8b63&hash=EDE0618298A9461C637E9129261588D0,b42001c1d85bb1aa8af53b05e4da59e2a811f76be17396a0792a82e3a7a14675,2026-09-09T13:34:00,"FLAT ROCK, CITY OF",
MI,2027,2026/2027,True,Detroit Salt,Wayne,Seasonal Back-Up,MiDEAL / State Agency,seasonal_backup,delivered,USD/short ton,150.0,66.94,10041.0,,260000000713,award,price+volume,derived,MI_FY2027_CompassMinerals_260000000713.pdf,45,https://www.michigan.gov/dtmb/-/media/Project/Websites/dtmb/Procurement/Contracts/022/260000000713.pdf?rev=044d384e33124f69856ff95f406d8b63&hash=EDE0618298A9461C637E9129261588D0,b42001c1d85bb1aa8af53b05e4da59e2a811f76be17396a0792a82e3a7a14675,2026-09-09T13:34:00,ALLEN PARK PUBLIC SCHOOLS,
MI,2027,2026/2027,True,Detroit Salt,Wayne,Seasonal Back-Up,MiDEAL / State Agency,seasonal_backup,delivered,USD/short ton,1000.0,66.94,66940.0,,260000000713,award,price+volume,derived,MI_FY2027_CompassMinerals_260000000713.pdf,45,https://www.michigan.gov/dtmb/-/media/Project/Websites/dtmb/Procurement/Contracts/022/260000000713.pdf?rev=044d384e33124f69856ff95f406d8b63&hash=EDE0618298A9461C637E9129261588D0,b42001c1d85bb1aa8af53b05e4da59e2a811f76be17396a0792a82e3a7a14675,2026-09-09T13:34:00,"HARPER WOODS, CITY OF",
MI,2027,2026/2027,True,Detroit Salt,Wayne,Seasonal Back-Up,MiDEAL / State Agency,seasonal_backup,delivered,USD/short ton,3000.0,66.94,200820.0,,260000000713,award,price+volume,derived,MI_FY2027_CompassMinerals_260000000713.pdf,45,https://www.michigan.gov/dtmb/-/media/Project/Websites/dtmb/Procurement/Contracts/022/260000000713.pdf?rev=044d384e33124f69856ff95f406d8b63&hash=EDE0618298A9461C637E9129261588D0,b42001c1d85bb1aa8af53b05e4da59e2a811f76be17396a0792a82e3a7a14675,2026-09-09T13:34:00,"TAYLOR, CITY OF",
MI,2027,2026/2027,True,Detroit Salt,Wayne,Seasonal Back-Up,MiDEAL / State Agency,seasonal_backup,delivered,USD/short ton,3000.0,66.94,200820.0,,260000000713,award,price+volume,derived,MI_FY2027_CompassMinerals_260000000713.pdf,45,https://www.michigan.gov/dtmb/-/media/Project/Websites/dtmb/Procurement/Contracts/022/260000000713.pdf?rev=044d384e33124f69856ff95f406d8b63&hash=EDE0618298A9461C637E9129261588D0,b42001c1d85bb1aa8af53b05e4da59e2a811f76be17396a0792a82e3a7a14675,2026-09-09T13:34:00,DETROIT WATER & SEWERAGE DEPT,
MI,2027,2026/2027,True,Detroit Salt,Wayne,Seasonal Back-Up,MiDEAL / State Agency,seasonal_backup,delivered,USD/short ton,1700.0,66.94,113798.0,,260000000713,award,price+volume,derived,MI_FY2027_CompassMinerals_260000000713.pdf,45,https://www.michigan.gov/dtmb/-/media/Project/Websites/dtmb/Procurement/Contracts/022/260000000713.pdf?rev=044d384e33124f69856ff95f406d8b63&hash=EDE0618298A9461C637E9129261588D0,b42001c1d85bb1aa8af53b05e4da59e2a811f76be17396a0792a82e3a7a14675,2026-09-09T13:34:00,"PLYMOUTH, CITY OF",
MI,2027,2026/2027,True,Detroit Salt,Wayne,Early Fill,MDOT,early_fill,delivered,USD/short ton,1800.0,66.94,120492.0,,260000000712,award,price+volume,derived,MI_FY2027_DetroitSalt_260000000712.pdf,31,https://www.michigan.gov/dtmb/-/media/Project/Websites/dtmb/Procurement/Contracts/MiDEAL/002/260000000712.pdf?rev=8d4ed14d634d466fa9207bb1d92c2458&hash=AAB40CFD3A7E1C61C7C17CA7044DBB4B,79cde6947d8c40afaaa6880a47e91c0cbcc4dd6d45876106c1492033bd40ce51,2026-09-09T13:33:59,Detroit,
MI,2027,2026/2027,True,Detroit Salt,Wayne,Seasonal Back-Up,MDOT,seasonal_backup,delivered,USD/short ton,1400.0,66.94,93716.0,,260000000712,award,price+volume,derived,MI_FY2027_DetroitSalt_260000000712.pdf,34,https://www.michigan.gov/dtmb/-/media/Project/Websites/dtmb/Procurement/Contracts/MiDEAL/002/260000000712.pdf?rev=8d4ed14d634d466fa9207bb1d92c2458&hash=AAB40CFD3A7E1C61C7C17CA7044DBB4B,79cde6947d8c40afaaa6880a47e91c0cbcc4dd6d45876106c1492033bd40ce51,2026-09-09T13:33:59,Detroit,
MI,2027,2026/2027,True,Detroit Salt,Wayne,Early Fill,MiDEAL / State Agency,early_fill,delivered,USD/short ton,50.0,66.94,3347.0,,260000000712,award,price+volume,derived,MI_FY2027_DetroitSalt_260000000712.pdf,39,https://www.michigan.gov/dtmb/-/media/Project/Websites/dtmb/Procurement/Contracts/MiDEAL/002/260000000712.pdf?rev=8d4ed14d634d466fa9207bb1d92c2458&hash=AAB40CFD3A7E1C61C7C17CA7044DBB4B,79cde6947d8c40afaaa6880a47e91c0cbcc4dd6d45876106c1492033bd40ce51,2026-09-09T13:33:59,GARDEN CITY PUBLIC SCHOOLS,
MI,2027,2026/2027,True,Detroit Salt,Wayne,Early Fill,MiDEAL / State Agency,early_fill,delivered,USD/short ton,9000.0,66.94,602460.0,,260000000712,award,price+volume,derived,MI_FY2027_DetroitSalt_260000000712.pdf,39,https://www.michigan.gov/dtmb/-/media/Project/Websites/dtmb/Procurement/Contracts/MiDEAL/002/260000000712.pdf?rev=8d4ed14d634d466fa9207bb1d92c2458&hash=AAB40CFD3A7E1C61C7C17CA7044DBB4B,79cde6947d8c40afaaa6880a47e91c0cbcc4dd6d45876106c1492033bd40ce51,2026-09-09T13:33:59,"DEARBORN, CITY OF",
MI,2027,2026/2027,True,Detroit Salt,Wayne,Early Fill,MiDEAL / State Agency,early_fill,delivered,USD/short ton,50.0,66.94,3347.0,,260000000712,award,price+volume,derived,MI_FY2027_DetroitSalt_260000000712.pdf,39,https://www.michigan.gov/dtmb/-/media/Project/Websites/dtmb/Procurement/Contracts/MiDEAL/002/260000000712.pdf?rev=8d4ed14d634d466fa9207bb1d92c2458&hash=AAB40CFD3A7E1C61C7C17CA7044DBB4B,79cde6947d8c40afaaa6880a47e91c0cbcc4dd6d45876106c1492033bd40ce51,2026-09-09T13:33:59,"GROSSE POINTE, CITY OF",
MI,2027,2026/2027,True,Detroit Salt,Wayne,Early Fill,MiDEAL / State Agency,early_fill,delivered,USD/short ton,50.0,66.94,3347.0,,260000000712,award,price+volume,derived,MI_FY2027_DetroitSalt_260000000712.pdf,39,https://www.michigan.gov/dtmb/-/media/Project/Websites/dtmb/Procurement/Contracts/MiDEAL/002/260000000712.pdf?rev=8d4ed14d634d466fa9207bb1d92c2458&hash=AAB40CFD3A7E1C61C7C17CA7044DBB4B,79cde6947d8c40afaaa6880a47e91c0cbcc4dd6d45876106c1492033bd40ce51,2026-09-09T13:33:59,DEARBORN PUBLIC SCHOOLS,
MI,2027,2026/2027,True,Detroit Salt,Wayne,Early Fill,MiDEAL / State Agency,early_fill,delivered,USD/short ton,50.0,66.94,3347.0,,260000000712,award,price+volume,derived,MI_FY2027_DetroitSalt_260000000712.pdf,39,https://www.michigan.gov/dtmb/-/media/Project/Websites/dtmb/Procurement/Contracts/MiDEAL/002/260000000712.pdf?rev=8d4ed14d634d466fa9207bb1d92c2458&hash=AAB40CFD3A7E1C61C7C17CA7044DBB4B,79cde6947d8c40afaaa6880a47e91c0cbcc4dd6d45876106c1492033bd40ce51,2026-09-09T13:33:59,WAYNE STATE UNIVERSITY,
MI,2027,2026/2027,True,Detroit Salt,Wayne,Early Fill,MiDEAL / State Agency,early_fill,delivered,USD/short ton,200.0,66.94,13388.0,,260000000712,award,price+volume,derived,MI_FY2027_DetroitSalt_260000000712.pdf,40,https://www.michigan.gov/dtmb/-/media/Project/Websites/dtmb/Procurement/Contracts/MiDEAL/002/260000000712.pdf?rev=8d4ed14d634d466fa9207bb1d92c2458&hash=AAB40CFD3A7E1C61C7C17CA7044DBB4B,79cde6947d8c40afaaa6880a47e91c0cbcc4dd6d45876106c1492033bd40ce51,2026-09-09T13:33:59,PLYMOUTH CANTON SCHOOLS,
MI,2027,2026/2027,True,Detroit Salt,Wayne,Early Fill,MiDEAL / State Agency,early_fill,delivered,USD/short ton,200.0,66.94,13388.0,,260000000712,award,price+volume,derived,MI_FY2027_DetroitSalt_260000000712.pdf,40,https://www.michigan.gov/dtmb/-/media/Project/Websites/dtmb/Procurement/Contracts/MiDEAL/002/260000000712.pdf?rev=8d4ed14d634d466fa9207bb1d92c2458&hash=AAB40CFD3A7E1C61C7C17CA7044DBB4B,79cde6947d8c40afaaa6880a47e91c0cbcc4dd6d45876106c1492033bd40ce51,2026-09-09T13:33:59,"FLAT ROCK, CITY OF",
MI,2027,2026/2027,True,Detroit Salt,Wayne,Early Fill,MiDEAL / State Agency,early_fill,delivered,USD/short ton,100.0,66.94,6694.0,,260000000712,award,price+volume,derived,MI_FY2027_DetroitSalt_260000000712.pdf,40,https://www.michigan.gov/dtmb/-/media/Project/Websites/dtmb/Procurement/Contracts/MiDEAL/002/260000000712.pdf?rev=8d4ed14d634d466fa9207bb1d92c2458&hash=AAB40CFD3A7E1C61C7C17CA7044DBB4B,79cde6947d8c40afaaa6880a47e91c0cbcc4dd6d45876106c1492033bd40ce51,2026-09-09T13:33:59,Northville Township,
MI,2027,2026/2027,True,Detroit Salt,Wayne,Early Fill,MiDEAL / State Agency,early_fill,delivered,USD/short ton,50.0,66.94,3347.0,,260000000712,award,price+volume,derived,MI_FY2027_DetroitSalt_260000000712.pdf,40,https://www.michigan.gov/dtmb/-/media/Project/Websites/dtmb/Procurement/Contracts/MiDEAL/002/260000000712.pdf?rev=8d4ed14d634d466fa9207bb1d92c2458&hash=AAB40CFD3A7E1C61C7C17CA7044DBB4B,79cde6947d8c40afaaa6880a47e91c0cbcc4dd6d45876106c1492033bd40ce51,2026-09-09T13:33:59,SOUTHGATE COMMUNITY SCHOOL DISTRICT,
MI,2027,2026/2027,True,Detroit Salt,Wayne,Early Fill,MiDEAL / State Agency,early_fill,delivered,USD/short ton,300.0,66.94,20082.0,,260000000712,award,price+volume,derived,MI_FY2027_DetroitSalt_260000000712.pdf,40,https://www.michigan.gov/dtmb/-/media/Project/Websites/dtmb/Procurement/Contracts/MiDEAL/002/260000000712.pdf?rev=8d4ed14d634d466fa9207bb1d92c2458&hash=AAB40CFD3A7E1C61C7C17CA7044DBB4B,79cde6947d8c40afaaa6880a47e91c0cbcc4dd6d45876106c1492033bd40ce51,2026-09-09T13:33:59,"Ecorse, City of",
MI,2027,2026/2027,True,Detroit Salt,Wayne,Early Fill,MiDEAL / State Agency,early_fill,delivered,USD/short ton,100.0,66.94,6694.0,,260000000712,award,price+volume,derived,MI_FY2027_DetroitSalt_260000000712.pdf,40,https://www.michigan.gov/dtmb/-/media/Project/Websites/dtmb/Procurement/Contracts/MiDEAL/002/260000000712.pdf?rev=8d4ed14d634d466fa9207bb1d92c2458&hash=AAB40CFD3A7E1C61C7C17CA7044DBB4B,79cde6947d8c40afaaa6880a47e91c0cbcc4dd6d45876106c1492033bd40ce51,2026-09-09T13:33:59,VAN BUREN PUBLIC SCHOOLS,
MI,2027,2026/2027,True,Detroit Salt,Wayne,Early Fill,MiDEAL / State Agency,early_fill,delivered,USD/short ton,500.0,66.94,33470.0,,260000000712,award,price+volume,derived,MI_FY2027_DetroitSalt_260000000712.pdf,40,https://www.michigan.gov/dtmb/-/media/Project/Websites/dtmb/Procurement/Contracts/MiDEAL/002/260000000712.pdf?rev=8d4ed14d634d466fa9207bb1d92c2458&hash=AAB40CFD3A7E1C61C7C17CA7044DBB4B,79cde6947d8c40afaaa6880a47e91c0cbcc4dd6d45876106c1492033bd40ce51,2026-09-09T13:33:59,GREAT LAKES WATER AUTHORITY,
MI,2027,2026/2027,True,Detroit Salt,Wayne,Early Fill,MiDEAL / State Agency,early_fill,delivered,USD/short ton,50.0,66.94,3347.0,,260000000712,award,price+volume,derived,MI_FY2027_DetroitSalt_260000000712.pdf,40,https://www.michigan.gov/dtmb/-/media/Project/Websites/dtmb/Procurement/Contracts/MiDEAL/002/260000000712.pdf?rev=8d4ed14d634d466fa9207bb1d92c2458&hash=AAB40CFD3A7E1C61C7C17CA7044DBB4B,79cde6947d8c40afaaa6880a47e91c0cbcc4dd6d45876106c1492033bd40ce51,2026-09-09T13:33:59,Northville Township,
MI,2027,2026/2027,True,Detroit Salt,Wayne,Early Fill,MiDEAL / State Agency,early_fill,delivered,USD/short ton,400.0,66.94,26776.0,,260000000712,award,price+volume,derived,MI_FY2027_DetroitSalt_260000000712.pdf,40,https://www.michigan.gov/dtmb/-/media/Project/Websites/dtmb/Procurement/Contracts/MiDEAL/002/260000000712.pdf?rev=8d4ed14d634d466fa9207bb1d92c2458&hash=AAB40CFD3A7E1C61C7C17CA7044DBB4B,79cde6947d8c40afaaa6880a47e91c0cbcc4dd6d45876106c1492033bd40ce51,2026-09-09T13:33:59,"Highland Park, City of",
MI,2027,2026/2027,True,Detroit Salt,Wayne- Conveyor Required,Seasonal Back-Up,MiDEAL / State Agency,seasonal_backup,delivered,USD/short ton,700.0,83.5,58450.0,,260000000713,award,price+volume,derived,MI_FY2027_CompassMinerals_260000000713.pdf,45,https://www.michigan.gov/dtmb/-/media/Project/Websites/dtmb/Procurement/Contracts/022/260000000713.pdf?rev=044d384e33124f69856ff95f406d8b63&hash=EDE0618298A9461C637E9129261588D0,b42001c1d85bb1aa8af53b05e4da59e2a811f76be17396a0792a82e3a7a14675,2026-09-09T13:34:00,SCHOOLCRAFT COMMUNITY COLLEGE,
MI,2027,2026/2027,True,Detroit Salt,Wexford,Early Fill,MDOT,early_fill,delivered,USD/short ton,1450.0,79.28,114956.0,,260000000712,award,price+volume,derived,MI_FY2027_DetroitSalt_260000000712.pdf,28,https://www.michigan.gov/dtmb/-/media/Project/Websites/dtmb/Procurement/Contracts/MiDEAL/002/260000000712.pdf?rev=8d4ed14d634d466fa9207bb1d92c2458&hash=AAB40CFD3A7E1C61C7C17CA7044DBB4B,79cde6947d8c40afaaa6880a47e91c0cbcc4dd6d45876106c1492033bd40ce51,2026-09-09T13:33:59,Cadillac,
MI,2027,2026/2027,True,Detroit Salt,Wexford,Early Fill,MDOT,early_fill,delivered,USD/short ton,2750.0,79.28,218020.0,,260000000712,award,price+volume,derived,MI_FY2027_DetroitSalt_260000000712.pdf,28,https://www.michigan.gov/dtmb/-/media/Project/Websites/dtmb/Procurement/Contracts/MiDEAL/002/260000000712.pdf?rev=8d4ed14d634d466fa9207bb1d92c2458&hash=AAB40CFD3A7E1C61C7C17CA7044DBB4B,79cde6947d8c40afaaa6880a47e91c0cbcc4dd6d45876106c1492033bd40ce51,2026-09-09T13:33:59,Boon,
MI,2027,2026/2027,True,Detroit Salt,Wexford,Early Fill,MiDEAL / State Agency,early_fill,delivered,USD/short ton,2750.0,79.28,218020.0,,260000000712,award,price+volume,derived,MI_FY2027_DetroitSalt_260000000712.pdf,35,https://www.michigan.gov/dtmb/-/media/Project/Websites/dtmb/Procurement/Contracts/MiDEAL/002/260000000712.pdf?rev=8d4ed14d634d466fa9207bb1d92c2458&hash=AAB40CFD3A7E1C61C7C17CA7044DBB4B,79cde6947d8c40afaaa6880a47e91c0cbcc4dd6d45876106c1492033bd40ce51,2026-09-09T13:33:59,WEXFORD COUNTY ROAD COMMISSION,
MI,2027,2026/2027,True,Detroit Salt,Wexford,Early Fill,MiDEAL / State Agency,early_fill,delivered,USD/short ton,350.0,79.28,27748.0,,260000000712,award,price+volume,derived,MI_FY2027_DetroitSalt_260000000712.pdf,35,https://www.michigan.gov/dtmb/-/media/Project/Websites/dtmb/Procurement/Contracts/MiDEAL/002/260000000712.pdf?rev=8d4ed14d634d466fa9207bb1d92c2458&hash=AAB40CFD3A7E1C61C7C17CA7044DBB4B,79cde6947d8c40afaaa6880a47e91c0cbcc4dd6d45876106c1492033bd40ce51,2026-09-09T13:33:59,WEXFORD COUNTY ROAD COMMISSION,
MI,2027,2026/2027,True,Detroit Salt,Wexford,Early Fill,MiDEAL / State Agency,early_fill,delivered,USD/short ton,2300.0,79.28,182344.0,,260000000712,award,price+volume,derived,MI_FY2027_DetroitSalt_260000000712.pdf,35,https://www.michigan.gov/dtmb/-/media/Project/Websites/dtmb/Procurement/Contracts/MiDEAL/002/260000000712.pdf?rev=8d4ed14d634d466fa9207bb1d92c2458&hash=AAB40CFD3A7E1C61C7C17CA7044DBB4B,79cde6947d8c40afaaa6880a47e91c0cbcc4dd6d45876106c1492033bd40ce51,2026-09-09T13:33:59,"CADILLAC, CITY OF",
PA,2023,2022/2023,False,American Rock Salt,Allegheny,Statewide Contract,PennDOT / COSTARS,combined,delivered,USD/short ton,108235.0,77.88,8429341.799999999,,4600016537,award,price+volume,printed,PA_live_sodium-chloride-road_salt-2022-2023-season-contract_change-order-4.pdf,5,https://www.pa.gov/content/dam/copapwp-pagov/en/dgs/documents/costars/member-information/documents/sodium-chloride-road%20salt-2022-2023-season-contract_change-order-4.pdf,4757c0594a1383d0fc105f53f3369f470cfa6edab82b19f152d44d99a831d0cf,2026-09-09T13:34:00,,
PA,2023,2022/2023,False,American Rock Salt,Bedford,Statewide Contract,PennDOT / COSTARS,combined,delivered,USD/short ton,16250.0,89.61,1456162.5,,4600016537,award,price+volume,printed,PA_live_sodium-chloride-road_salt-2022-2023-season-contract_change-order-4.pdf,5,https://www.pa.gov/content/dam/copapwp-pagov/en/dgs/documents/costars/member-information/documents/sodium-chloride-road%20salt-2022-2023-season-contract_change-order-4.pdf,4757c0594a1383d0fc105f53f3369f470cfa6edab82b19f152d44d99a831d0cf,2026-09-09T13:34:00,,
PA,2023,2022/2023,False,American Rock Salt,Berks,Statewide Contract,PennDOT / COSTARS,combined,delivered,USD/short ton,21525.0,68.27,1469511.75,,4600016537,award,price+volume,printed,PA_live_sodium-chloride-road_salt-2022-2023-season-contract_change-order-4.pdf,5,https://www.pa.gov/content/dam/copapwp-pagov/en/dgs/documents/costars/member-information/documents/sodium-chloride-road%20salt-2022-2023-season-contract_change-order-4.pdf,4757c0594a1383d0fc105f53f3369f470cfa6edab82b19f152d44d99a831d0cf,2026-09-09T13:34:00,,
PA,2023,2022/2023,False,American Rock Salt,Blair,Statewide Contract,PennDOT / COSTARS,combined,delivered,USD/short ton,21045.0,80.64,1697068.8,,4600016537,award,price+volume,printed,PA_live_sodium-chloride-road_salt-2022-2023-season-contract_change-order-4.pdf,5,https://www.pa.gov/content/dam/copapwp-pagov/en/dgs/documents/costars/member-information/documents/sodium-chloride-road%20salt-2022-2023-season-contract_change-order-4.pdf,4757c0594a1383d0fc105f53f3369f470cfa6edab82b19f152d44d99a831d0cf,2026-09-09T13:34:00,,
PA,2023,2022/2023,False,American Rock Salt,Bradford,Statewide Contract,PennDOT / COSTARS,combined,delivered,USD/short ton,29510.0,66.39,1959168.9,,4600016537,award,price+volume,printed,PA_live_sodium-chloride-road_salt-2022-2023-season-contract_change-order-4.pdf,5,https://www.pa.gov/content/dam/copapwp-pagov/en/dgs/documents/costars/member-information/documents/sodium-chloride-road%20salt-2022-2023-season-contract_change-order-4.pdf,4757c0594a1383d0fc105f53f3369f470cfa6edab82b19f152d44d99a831d0cf,2026-09-09T13:34:00,,
PA,2023,2022/2023,False,American Rock Salt,Cambria,Statewide Contract,PennDOT / COSTARS,combined,delivered,USD/short ton,47179.0,84.47,3985210.13,,4600016537,award,price+volume,printed,PA_live_sodium-chloride-road_salt-2022-2023-season-contract_change-order-4.pdf,5,https://www.pa.gov/content/dam/copapwp-pagov/en/dgs/documents/costars/member-information/documents/sodium-chloride-road%20salt-2022-2023-season-contract_change-order-4.pdf,4757c0594a1383d0fc105f53f3369f470cfa6edab82b19f152d44d99a831d0cf,2026-09-09T13:34:00,,
PA,2023,2022/2023,False,American Rock Salt,Centre,Statewide Contract,PennDOT / COSTARS,combined,delivered,USD/short ton,27475.0,84.46,2320538.5,,4600016537,award,price+volume,printed,PA_live_sodium-chloride-road_salt-2022-2023-season-contract_change-order-4.pdf,5,https://www.pa.gov/content/dam/copapwp-pagov/en/dgs/documents/costars/member-information/documents/sodium-chloride-road%20salt-2022-2023-season-contract_change-order-4.pdf,4757c0594a1383d0fc105f53f3369f470cfa6edab82b19f152d44d99a831d0cf,2026-09-09T13:34:00,,
PA,2023,2022/2023,False,American Rock Salt,Chester,Statewide Contract,PennDOT / COSTARS,combined,delivered,USD/short ton,63905.0,72.12,4608828.600000001,,4600016537,award,price+volume,printed,PA_live_sodium-chloride-road_salt-2022-2023-season-contract_change-order-4.pdf,5,https://www.pa.gov/content/dam/copapwp-pagov/en/dgs/documents/costars/member-information/documents/sodium-chloride-road%20salt-2022-2023-season-contract_change-order-4.pdf,4757c0594a1383d0fc105f53f3369f470cfa6edab82b19f152d44d99a831d0cf,2026-09-09T13:34:00,,
PA,2023,2022/2023,False,American Rock Salt,Clearfield,Statewide Contract,PennDOT / COSTARS,combined,delivered,USD/short ton,31420.0,79.21,2488778.1999999997,,4600016537,award,price+volume,printed,PA_live_sodium-chloride-road_salt-2022-2023-season-contract_change-order-4.pdf,5,https://www.pa.gov/content/dam/copapwp-pagov/en/dgs/documents/costars/member-information/documents/sodium-chloride-road%20salt-2022-2023-season-contract_change-order-4.pdf,4757c0594a1383d0fc105f53f3369f470cfa6edab82b19f152d44d99a831d0cf,2026-09-09T13:34:00,,
PA,2023,2022/2023,False,American Rock Salt,Clinton,Statewide Contract,PennDOT / COSTARS,combined,delivered,USD/short ton,7150.0,83.41,596381.5,,4600016537,award,price+volume,printed,PA_live_sodium-chloride-road_salt-2022-2023-season-contract_change-order-4.pdf,5,https://www.pa.gov/content/dam/copapwp-pagov/en/dgs/documents/costars/member-information/documents/sodium-chloride-road%20salt-2022-2023-season-contract_change-order-4.pdf,4757c0594a1383d0fc105f53f3369f470cfa6edab82b19f152d44d99a831d0cf,2026-09-09T13:34:00,,
PA,2023,2022/2023,False,American Rock Salt,Dauphin,Statewide Contract,PennDOT / COSTARS,combined,delivered,USD/short ton,22850.0,80.55,1840567.5,,4600016537,award,price+volume,printed,PA_live_sodium-chloride-road_salt-2022-2023-season-contract_change-order-4.pdf,5,https://www.pa.gov/content/dam/copapwp-pagov/en/dgs/documents/costars/member-information/documents/sodium-chloride-road%20salt-2022-2023-season-contract_change-order-4.pdf,4757c0594a1383d0fc105f53f3369f470cfa6edab82b19f152d44d99a831d0cf,2026-09-09T13:34:00,,
PA,2023,2022/2023,False,American Rock Salt,Elk,Statewide Contract,PennDOT / COSTARS,combined,delivered,USD/short ton,11700.0,83.8,980460.0,,4600016537,award,price+volume,printed,PA_live_sodium-chloride-road_salt-2022-2023-season-contract_change-order-4.pdf,5,https://www.pa.gov/content/dam/copapwp-pagov/en/dgs/documents/costars/member-information/documents/sodium-chloride-road%20salt-2022-2023-season-contract_change-order-4.pdf,4757c0594a1383d0fc105f53f3369f470cfa6edab82b19f152d44d99a831d0cf,2026-09-09T13:34:00,,
PA,2023,2022/2023,False,American Rock Salt,Fayette,Statewide Contract,PennDOT / COSTARS,combined,delivered,USD/short ton,43300.0,75.84,3283872.0,,4600016537,award,price+volume,printed,PA_live_sodium-chloride-road_salt-2022-2023-season-contract_change-order-4.pdf,5,https://www.pa.gov/content/dam/copapwp-pagov/en/dgs/documents/costars/member-information/documents/sodium-chloride-road%20salt-2022-2023-season-contract_change-order-4.pdf,4757c0594a1383d0fc105f53f3369f470cfa6edab82b19f152d44d99a831d0cf,2026-09-09T13:34:00,,
PA,2023,2022/2023,False,American Rock Salt,Forest,Statewide Contract,PennDOT / COSTARS,combined,delivered,USD/short ton,4960.0,71.82,356227.19999999995,,4600016537,award,price+volume,printed,PA_live_sodium-chloride-road_salt-2022-2023-season-contract_change-order-4.pdf,5,https://www.pa.gov/content/dam/copapwp-pagov/en/dgs/documents/costars/member-information/documents/sodium-chloride-road%20salt-2022-2023-season-contract_change-order-4.pdf,4757c0594a1383d0fc105f53f3369f470cfa6edab82b19f152d44d99a831d0cf,2026-09-09T13:34:00,,
PA,2023,2022/2023,False,American Rock Salt,Fulton,Statewide Contract,PennDOT / COSTARS,combined,delivered,USD/short ton,11050.0,88.88,982124.0,,4600016537,award,price+volume,printed,PA_live_sodium-chloride-road_salt-2022-2023-season-contract_change-order-4.pdf,5,https://www.pa.gov/content/dam/copapwp-pagov/en/dgs/documents/costars/member-information/documents/sodium-chloride-road%20salt-2022-2023-season-contract_change-order-4.pdf,4757c0594a1383d0fc105f53f3369f470cfa6edab82b19f152d44d99a831d0cf,2026-09-09T13:34:00,,
PA,2023,2022/2023,False,American Rock Salt,Greene,Statewide Contract,PennDOT / COSTARS,combined,delivered,USD/short ton,23908.0,81.88,1957587.0399999998,,4600016537,award,price+volume,printed,PA_live_sodium-chloride-road_salt-2022-2023-season-contract_change-order-4.pdf,5,https://www.pa.gov/content/dam/copapwp-pagov/en/dgs/documents/costars/member-information/documents/sodium-chloride-road%20salt-2022-2023-season-contract_change-order-4.pdf,4757c0594a1383d0fc105f53f3369f470cfa6edab82b19f152d44d99a831d0cf,2026-09-09T13:34:00,,
PA,2023,2022/2023,False,American Rock Salt,Indiana,Statewide Contract,PennDOT / COSTARS,combined,delivered,USD/short ton,22884.0,80.05,1831864.2,,4600016537,award,price+volume,printed,PA_live_sodium-chloride-road_salt-2022-2023-season-contract_change-order-4.pdf,5,https://www.pa.gov/content/dam/copapwp-pagov/en/dgs/documents/costars/member-information/documents/sodium-chloride-road%20salt-2022-2023-season-contract_change-order-4.pdf,4757c0594a1383d0fc105f53f3369f470cfa6edab82b19f152d44d99a831d0cf,2026-09-09T13:34:00,,
PA,2023,2022/2023,False,American Rock Salt,Jefferson,Statewide Contract,PennDOT / COSTARS,combined,delivered,USD/short ton,19500.0,70.03,1365585.0,,4600016537,award,price+volume,printed,PA_live_sodium-chloride-road_salt-2022-2023-season-contract_change-order-4.pdf,5,https://www.pa.gov/content/dam/copapwp-pagov/en/dgs/documents/costars/member-information/documents/sodium-chloride-road%20salt-2022-2023-season-contract_change-order-4.pdf,4757c0594a1383d0fc105f53f3369f470cfa6edab82b19f152d44d99a831d0cf,2026-09-09T13:34:00,,
PA,2023,2022/2023,False,American Rock Salt,Juniata,Statewide Contract,PennDOT / COSTARS,combined,delivered,USD/short ton,3770.0,87.42,329573.4,,4600016537,award,price+volume,printed,PA_live_sodium-chloride-road_salt-2022-2023-season-contract_change-order-4.pdf,5,https://www.pa.gov/content/dam/copapwp-pagov/en/dgs/documents/costars/member-information/documents/sodium-chloride-road%20salt-2022-2023-season-contract_change-order-4.pdf,4757c0594a1383d0fc105f53f3369f470cfa6edab82b19f152d44d99a831d0cf,2026-09-09T13:34:00,,
PA,2023,2022/2023,False,American Rock Salt,Lackawanna,Statewide Contract,PennDOT / COSTARS,combined,delivered,USD/short ton,55200.0,73.87,4077624.0000000005,,4600016537,award,price+volume,printed,PA_live_sodium-chloride-road_salt-2022-2023-season-contract_change-order-4.pdf,5,https://www.pa.gov/content/dam/copapwp-pagov/en/dgs/documents/costars/member-information/documents/sodium-chloride-road%20salt-2022-2023-season-contract_change-order-4.pdf,4757c0594a1383d0fc105f53f3369f470cfa6edab82b19f152d44d99a831d0cf,2026-09-09T13:34:00,,
PA,2023,2022/2023,False,American Rock Salt,Lancaster,Statewide Contract,PennDOT / COSTARS,combined,delivered,USD/short ton,22115.0,71.28,1576357.2,,4600016537,award,price+volume,printed,PA_live_sodium-chloride-road_salt-2022-2023-season-contract_change-order-4.pdf,5,https://www.pa.gov/content/dam/copapwp-pagov/en/dgs/documents/costars/member-information/documents/sodium-chloride-road%20salt-2022-2023-season-contract_change-order-4.pdf,4757c0594a1383d0fc105f53f3369f470cfa6edab82b19f152d44d99a831d0cf,2026-09-09T13:34:00,,
PA,2023,2022/2023,False,American Rock Salt,Lebanon,Statewide Contract,PennDOT / COSTARS,combined,delivered,USD/short ton,13400.0,78.36,1050024.0,,4600016537,award,price+volume,printed,PA_live_sodium-chloride-road_salt-2022-2023-season-contract_change-order-4.pdf,5,https://www.pa.gov/content/dam/copapwp-pagov/en/dgs/documents/costars/member-information/documents/sodium-chloride-road%20salt-2022-2023-season-contract_change-order-4.pdf,4757c0594a1383d0fc105f53f3369f470cfa6edab82b19f152d44d99a831d0cf,2026-09-09T13:34:00,,
PA,2023,2022/2023,False,American Rock Salt,Lehigh,Statewide Contract,PennDOT / COSTARS,combined,delivered,USD/short ton,24700.0,77.2,1906840.0,,4600016537,award,price+volume,printed,PA_live_sodium-chloride-road_salt-2022-2023-season-contract_change-order-4.pdf,5,https://www.pa.gov/content/dam/copapwp-pagov/en/dgs/documents/costars/member-information/documents/sodium-chloride-road%20salt-2022-2023-season-contract_change-order-4.pdf,4757c0594a1383d0fc105f53f3369f470cfa6edab82b19f152d44d99a831d0cf,2026-09-09T13:34:00,,
PA,2023,2022/2023,False,American Rock Salt,Mckean,Statewide Contract,PennDOT / COSTARS,combined,delivered,USD/short ton,18200.0,63.38,1153516.0,,4600016537,award,price+volume,printed,PA_live_sodium-chloride-road_salt-2022-2023-season-contract_change-order-4.pdf,5,https://www.pa.gov/content/dam/copapwp-pagov/en/dgs/documents/costars/member-information/documents/sodium-chloride-road%20salt-2022-2023-season-contract_change-order-4.pdf,4757c0594a1383d0fc105f53f3369f470cfa6edab82b19f152d44d99a831d0cf,2026-09-09T13:34:00,,
PA,2023,2022/2023,False,American Rock Salt,Mifflin,Statewide Contract,PennDOT / COSTARS,combined,delivered,USD/short ton,8190.0,94.62,774937.8,,4600016537,award,price+volume,printed,PA_live_sodium-chloride-road_salt-2022-2023-season-contract_change-order-4.pdf,5,https://www.pa.gov/content/dam/copapwp-pagov/en/dgs/documents/costars/member-information/documents/sodium-chloride-road%20salt-2022-2023-season-contract_change-order-4.pdf,4757c0594a1383d0fc105f53f3369f470cfa6edab82b19f152d44d99a831d0cf,2026-09-09T13:34:00,,
PA,2023,2022/2023,False,American Rock Salt,Monroe,Statewide Contract,PennDOT / COSTARS,combined,delivered,USD/short ton,39022.0,72.1,2813486.1999999997,,4600016537,award,price+volume,printed,PA_live_sodium-chloride-road_salt-2022-2023-season-contract_change-order-4.pdf,5,https://www.pa.gov/content/dam/copapwp-pagov/en/dgs/documents/costars/member-information/documents/sodium-chloride-road%20salt-2022-2023-season-contract_change-order-4.pdf,4757c0594a1383d0fc105f53f3369f470cfa6edab82b19f152d44d99a831d0cf,2026-09-09T13:34:00,,
PA,2023,2022/2023,False,American Rock Salt,Montour,Statewide Contract,PennDOT / COSTARS,combined,delivered,USD/short ton,5450.0,75.15,409567.50000000006,,4600016537,award,price+volume,printed,PA_live_sodium-chloride-road_salt-2022-2023-season-contract_change-order-4.pdf,5,https://www.pa.gov/content/dam/copapwp-pagov/en/dgs/documents/costars/member-information/documents/sodium-chloride-road%20salt-2022-2023-season-contract_change-order-4.pdf,4757c0594a1383d0fc105f53f3369f470cfa6edab82b19f152d44d99a831d0cf,2026-09-09T13:34:00,,
PA,2023,2022/2023,False,American Rock Salt,Northampton,Statewide Contract,PennDOT / COSTARS,combined,delivered,USD/short ton,22750.0,72.44,1648010.0,,4600016537,award,price+volume,printed,PA_live_sodium-chloride-road_salt-2022-2023-season-contract_change-order-4.pdf,5,https://www.pa.gov/content/dam/copapwp-pagov/en/dgs/documents/costars/member-information/documents/sodium-chloride-road%20salt-2022-2023-season-contract_change-order-4.pdf,4757c0594a1383d0fc105f53f3369f470cfa6edab82b19f152d44d99a831d0cf,2026-09-09T13:34:00,,
PA,2023,2022/2023,False,American Rock Salt,Northumberland,Statewide Contract,PennDOT / COSTARS,combined,delivered,USD/short ton,30755.0,81.04,2492385.2,,4600016537,award,price+volume,printed,PA_live_sodium-chloride-road_salt-2022-2023-season-contract_change-order-4.pdf,5,https://www.pa.gov/content/dam/copapwp-pagov/en/dgs/documents/costars/member-information/documents/sodium-chloride-road%20salt-2022-2023-season-contract_change-order-4.pdf,4757c0594a1383d0fc105f53f3369f470cfa6edab82b19f152d44d99a831d0cf,2026-09-09T13:34:00,,
PA,2023,2022/2023,False,American Rock Salt,Perry,Statewide Contract,PennDOT / COSTARS,combined,delivered,USD/short ton,13050.0,88.13,1150096.5,,4600016537,award,price+volume,printed,PA_live_sodium-chloride-road_salt-2022-2023-season-contract_change-order-4.pdf,5,https://www.pa.gov/content/dam/copapwp-pagov/en/dgs/documents/costars/member-information/documents/sodium-chloride-road%20salt-2022-2023-season-contract_change-order-4.pdf,4757c0594a1383d0fc105f53f3369f470cfa6edab82b19f152d44d99a831d0cf,2026-09-09T13:34:00,,
PA,2023,2022/2023,False,American Rock Salt,Schuylkill,Statewide Contract,PennDOT / COSTARS,combined,delivered,USD/short ton,35467.0,77.4,2745145.8000000003,,4600016537,award,price+volume,printed,PA_live_sodium-chloride-road_salt-2022-2023-season-contract_change-order-4.pdf,5,https://www.pa.gov/content/dam/copapwp-pagov/en/dgs/documents/costars/member-information/documents/sodium-chloride-road%20salt-2022-2023-season-contract_change-order-4.pdf,4757c0594a1383d0fc105f53f3369f470cfa6edab82b19f152d44d99a831d0cf,2026-09-09T13:34:00,,
PA,2023,2022/2023,False,American Rock Salt,Snyder,Statewide Contract,PennDOT / COSTARS,combined,delivered,USD/short ton,8525.0,84.67,721811.75,,4600016537,award,price+volume,printed,PA_live_sodium-chloride-road_salt-2022-2023-season-contract_change-order-4.pdf,5,https://www.pa.gov/content/dam/copapwp-pagov/en/dgs/documents/costars/member-information/documents/sodium-chloride-road%20salt-2022-2023-season-contract_change-order-4.pdf,4757c0594a1383d0fc105f53f3369f470cfa6edab82b19f152d44d99a831d0cf,2026-09-09T13:34:00,,
PA,2023,2022/2023,False,American Rock Salt,Somerset,Statewide Contract,PennDOT / COSTARS,combined,delivered,USD/short ton,53900.0,83.13,4480707.0,,4600016537,award,price+volume,printed,PA_live_sodium-chloride-road_salt-2022-2023-season-contract_change-order-4.pdf,5,https://www.pa.gov/content/dam/copapwp-pagov/en/dgs/documents/costars/member-information/documents/sodium-chloride-road%20salt-2022-2023-season-contract_change-order-4.pdf,4757c0594a1383d0fc105f53f3369f470cfa6edab82b19f152d44d99a831d0cf,2026-09-09T13:34:00,,
PA,2023,2022/2023,False,American Rock Salt,Sullivan,Statewide Contract,PennDOT / COSTARS,combined,delivered,USD/short ton,9230.0,68.45,631793.5,,4600016537,award,price+volume,printed,PA_live_sodium-chloride-road_salt-2022-2023-season-contract_change-order-4.pdf,5,https://www.pa.gov/content/dam/copapwp-pagov/en/dgs/documents/costars/member-information/documents/sodium-chloride-road%20salt-2022-2023-season-contract_change-order-4.pdf,4757c0594a1383d0fc105f53f3369f470cfa6edab82b19f152d44d99a831d0cf,2026-09-09T13:34:00,,
PA,2023,2022/2023,False,American Rock Salt,Union,Statewide Contract,PennDOT / COSTARS,combined,delivered,USD/short ton,9490.0,74.01,702354.9,,4600016537,award,price+volume,printed,PA_live_sodium-chloride-road_salt-2022-2023-season-contract_change-order-4.pdf,5,https://www.pa.gov/content/dam/copapwp-pagov/en/dgs/documents/costars/member-information/documents/sodium-chloride-road%20salt-2022-2023-season-contract_change-order-4.pdf,4757c0594a1383d0fc105f53f3369f470cfa6edab82b19f152d44d99a831d0cf,2026-09-09T13:34:00,,
PA,2023,2022/2023,False,American Rock Salt,Washington,Statewide Contract,PennDOT / COSTARS,combined,delivered,USD/short ton,69680.0,77.21,5379992.8,,4600016537,award,price+volume,printed,PA_live_sodium-chloride-road_salt-2022-2023-season-contract_change-order-4.pdf,5,https://www.pa.gov/content/dam/copapwp-pagov/en/dgs/documents/costars/member-information/documents/sodium-chloride-road%20salt-2022-2023-season-contract_change-order-4.pdf,4757c0594a1383d0fc105f53f3369f470cfa6edab82b19f152d44d99a831d0cf,2026-09-09T13:34:00,,
PA,2023,2022/2023,False,Cargill,Beaver,Statewide Contract,PennDOT / COSTARS,combined,delivered,USD/short ton,40300.0,79.28,3194984.0,,4600016538,award,price+volume,printed,PA_live_sodium-chloride-road_salt-2022-2023-season-contract_change-order-4.pdf,5,https://www.pa.gov/content/dam/copapwp-pagov/en/dgs/documents/costars/member-information/documents/sodium-chloride-road%20salt-2022-2023-season-contract_change-order-4.pdf,4757c0594a1383d0fc105f53f3369f470cfa6edab82b19f152d44d99a831d0cf,2026-09-09T13:34:00,,
PA,2023,2022/2023,False,Cargill,Bucks,Statewide Contract,PennDOT / COSTARS,combined,delivered,USD/short ton,60810.0,72.09,4383792.9,,4600016538,award,price+volume,printed,PA_live_sodium-chloride-road_salt-2022-2023-season-contract_change-order-4.pdf,5,https://www.pa.gov/content/dam/copapwp-pagov/en/dgs/documents/costars/member-information/documents/sodium-chloride-road%20salt-2022-2023-season-contract_change-order-4.pdf,4757c0594a1383d0fc105f53f3369f470cfa6edab82b19f152d44d99a831d0cf,2026-09-09T13:34:00,,
PA,2023,2022/2023,False,Cargill,Cameron,Statewide Contract,PennDOT / COSTARS,combined,delivered,USD/short ton,2600.0,83.2,216320.0,,4600016538,award,price+volume,printed,PA_live_sodium-chloride-road_salt-2022-2023-season-contract_change-order-4.pdf,5,https://www.pa.gov/content/dam/copapwp-pagov/en/dgs/documents/costars/member-information/documents/sodium-chloride-road%20salt-2022-2023-season-contract_change-order-4.pdf,4757c0594a1383d0fc105f53f3369f470cfa6edab82b19f152d44d99a831d0cf,2026-09-09T13:34:00,,
PA,2023,2022/2023,False,Cargill,Carbon,Statewide Contract,PennDOT / COSTARS,combined,delivered,USD/short ton,19088.0,85.18,1625915.84,,4600016538,award,price+volume,printed,PA_live_sodium-chloride-road_salt-2022-2023-season-contract_change-order-4.pdf,5,https://www.pa.gov/content/dam/copapwp-pagov/en/dgs/documents/costars/member-information/documents/sodium-chloride-road%20salt-2022-2023-season-contract_change-order-4.pdf,4757c0594a1383d0fc105f53f3369f470cfa6edab82b19f152d44d99a831d0cf,2026-09-09T13:34:00,,
PA,2023,2022/2023,False,Cargill,Columbia,Statewide Contract,PennDOT / COSTARS,combined,delivered,USD/short ton,18200.0,75.17,1368094.0,,4600016538,award,price+volume,printed,PA_live_sodium-chloride-road_salt-2022-2023-season-contract_change-order-4.pdf,5,https://www.pa.gov/content/dam/copapwp-pagov/en/dgs/documents/costars/member-information/documents/sodium-chloride-road%20salt-2022-2023-season-contract_change-order-4.pdf,4757c0594a1383d0fc105f53f3369f470cfa6edab82b19f152d44d99a831d0cf,2026-09-09T13:34:00,,
PA,2023,2022/2023,False,Cargill,Franklin,Statewide Contract,PennDOT / COSTARS,combined,delivered,USD/short ton,14300.0,88.67,1267981.0,,4600016538,award,price+volume,printed,PA_live_sodium-chloride-road_salt-2022-2023-season-contract_change-order-4.pdf,5,https://www.pa.gov/content/dam/copapwp-pagov/en/dgs/documents/costars/member-information/documents/sodium-chloride-road%20salt-2022-2023-season-contract_change-order-4.pdf,4757c0594a1383d0fc105f53f3369f470cfa6edab82b19f152d44d99a831d0cf,2026-09-09T13:34:00,,
PA,2023,2022/2023,False,Cargill,Huntingdon,Statewide Contract,PennDOT / COSTARS,combined,delivered,USD/short ton,15113.0,90.69,1370597.97,,4600016538,award,price+volume,printed,PA_live_sodium-chloride-road_salt-2022-2023-season-contract_change-order-4.pdf,5,https://www.pa.gov/content/dam/copapwp-pagov/en/dgs/documents/costars/member-information/documents/sodium-chloride-road%20salt-2022-2023-season-contract_change-order-4.pdf,4757c0594a1383d0fc105f53f3369f470cfa6edab82b19f152d44d99a831d0cf,2026-09-09T13:34:00,,
PA,2023,2022/2023,False,Cargill,Lawrence,Statewide Contract,PennDOT / COSTARS,combined,delivered,USD/short ton,26000.0,71.09,1848340.0,,4600016538,award,price+volume,printed,PA_live_sodium-chloride-road_salt-2022-2023-season-contract_change-order-4.pdf,5,https://www.pa.gov/content/dam/copapwp-pagov/en/dgs/documents/costars/member-information/documents/sodium-chloride-road%20salt-2022-2023-season-contract_change-order-4.pdf,4757c0594a1383d0fc105f53f3369f470cfa6edab82b19f152d44d99a831d0cf,2026-09-09T13:34:00,,
PA,2023,2022/2023,False,Cargill,Luzerne,Statewide Contract,PennDOT / COSTARS,combined,delivered,USD/short ton,81550.0,80.26,6545203.0,,4600016538,award,price+volume,printed,PA_live_sodium-chloride-road_salt-2022-2023-season-contract_change-order-4.pdf,5,https://www.pa.gov/content/dam/copapwp-pagov/en/dgs/documents/costars/member-information/documents/sodium-chloride-road%20salt-2022-2023-season-contract_change-order-4.pdf,4757c0594a1383d0fc105f53f3369f470cfa6edab82b19f152d44d99a831d0cf,2026-09-09T13:34:00,,
PA,2023,2022/2023,False,Cargill,Lycoming,Statewide Contract,PennDOT / COSTARS,combined,delivered,USD/short ton,24500.0,69.45,1701525.0,,4600016538,award,price+volume,printed,PA_live_sodium-chloride-road_salt-2022-2023-season-contract_change-order-4.pdf,5,https://www.pa.gov/content/dam/copapwp-pagov/en/dgs/documents/costars/member-information/documents/sodium-chloride-road%20salt-2022-2023-season-contract_change-order-4.pdf,4757c0594a1383d0fc105f53f3369f470cfa6edab82b19f152d44d99a831d0cf,2026-09-09T13:34:00,,
PA,2023,2022/2023,False,Cargill,Montgomery,Statewide Contract,PennDOT / COSTARS,combined,delivered,USD/short ton,36570.0,71.6,2618412.0,,4600016538,award,price+volume,printed,PA_live_sodium-chloride-road_salt-2022-2023-season-contract_change-order-4.pdf,5,https://www.pa.gov/content/dam/copapwp-pagov/en/dgs/documents/costars/member-information/documents/sodium-chloride-road%20salt-2022-2023-season-contract_change-order-4.pdf,4757c0594a1383d0fc105f53f3369f470cfa6edab82b19f152d44d99a831d0cf,2026-09-09T13:34:00,,
PA,2023,2022/2023,False,Cargill,Pike,Statewide Contract,PennDOT / COSTARS,combined,delivered,USD/short ton,29285.0,84.09,2462575.65,,4600016538,award,price+volume,printed,PA_live_sodium-chloride-road_salt-2022-2023-season-contract_change-order-4.pdf,5,https://www.pa.gov/content/dam/copapwp-pagov/en/dgs/documents/costars/member-information/documents/sodium-chloride-road%20salt-2022-2023-season-contract_change-order-4.pdf,4757c0594a1383d0fc105f53f3369f470cfa6edab82b19f152d44d99a831d0cf,2026-09-09T13:34:00,,
PA,2023,2022/2023,False,Cargill,Potter,Statewide Contract,PennDOT / COSTARS,combined,delivered,USD/short ton,14820.0,69.64,1032064.8,,4600016538,award,price+volume,printed,PA_live_sodium-chloride-road_salt-2022-2023-season-contract_change-order-4.pdf,5,https://www.pa.gov/content/dam/copapwp-pagov/en/dgs/documents/costars/member-information/documents/sodium-chloride-road%20salt-2022-2023-season-contract_change-order-4.pdf,4757c0594a1383d0fc105f53f3369f470cfa6edab82b19f152d44d99a831d0cf,2026-09-09T13:34:00,,
PA,2023,2022/2023,False,Cargill,Susquehanna,Statewide Contract,PennDOT / COSTARS,combined,delivered,USD/short ton,52000.0,62.41,3245320.0,,4600016538,award,price+volume,printed,PA_live_sodium-chloride-road_salt-2022-2023-season-contract_change-order-4.pdf,5,https://www.pa.gov/content/dam/copapwp-pagov/en/dgs/documents/costars/member-information/documents/sodium-chloride-road%20salt-2022-2023-season-contract_change-order-4.pdf,4757c0594a1383d0fc105f53f3369f470cfa6edab82b19f152d44d99a831d0cf,2026-09-09T13:34:00,,
PA,2023,2022/2023,False,Cargill,Tioga,Statewide Contract,PennDOT / COSTARS,combined,delivered,USD/short ton,26260.0,61.41,1612626.5999999999,,4600016538,award,price+volume,printed,PA_live_sodium-chloride-road_salt-2022-2023-season-contract_change-order-4.pdf,5,https://www.pa.gov/content/dam/copapwp-pagov/en/dgs/documents/costars/member-information/documents/sodium-chloride-road%20salt-2022-2023-season-contract_change-order-4.pdf,4757c0594a1383d0fc105f53f3369f470cfa6edab82b19f152d44d99a831d0cf,2026-09-09T13:34:00,,
PA,2023,2022/2023,False,Cargill,Wayne,Statewide Contract,PennDOT / COSTARS,combined,delivered,USD/short ton,24150.0,74.81,1806661.5,,4600016538,award,price+volume,printed,PA_live_sodium-chloride-road_salt-2022-2023-season-contract_change-order-4.pdf,5,https://www.pa.gov/content/dam/copapwp-pagov/en/dgs/documents/costars/member-information/documents/sodium-chloride-road%20salt-2022-2023-season-contract_change-order-4.pdf,4757c0594a1383d0fc105f53f3369f470cfa6edab82b19f152d44d99a831d0cf,2026-09-09T13:34:00,,
PA,2023,2022/2023,False,Cargill,Wyoming,Statewide Contract,PennDOT / COSTARS,combined,delivered,USD/short ton,13650.0,72.28,986622.0,,4600016538,award,price+volume,printed,PA_live_sodium-chloride-road_salt-2022-2023-season-contract_change-order-4.pdf,5,https://www.pa.gov/content/dam/copapwp-pagov/en/dgs/documents/costars/member-information/documents/sodium-chloride-road%20salt-2022-2023-season-contract_change-order-4.pdf,4757c0594a1383d0fc105f53f3369f470cfa6edab82b19f152d44d99a831d0cf,2026-09-09T13:34:00,,
PA,2023,2022/2023,False,Compass Minerals,Butler,Statewide Contract,PennDOT / COSTARS,combined,delivered,USD/short ton,67600.0,79.05,5343780.0,,4600016540,award,price+volume,printed,PA_live_sodium-chloride-road_salt-2022-2023-season-contract_change-order-4.pdf,5,https://www.pa.gov/content/dam/copapwp-pagov/en/dgs/documents/costars/member-information/documents/sodium-chloride-road%20salt-2022-2023-season-contract_change-order-4.pdf,4757c0594a1383d0fc105f53f3369f470cfa6edab82b19f152d44d99a831d0cf,2026-09-09T13:34:00,,
PA,2023,2022/2023,False,Compass Minerals,Crawford,Statewide Contract,PennDOT / COSTARS,combined,delivered,USD/short ton,39125.0,58.17,2275901.25,,4600016540,award,price+volume,printed,PA_live_sodium-chloride-road_salt-2022-2023-season-contract_change-order-4.pdf,5,https://www.pa.gov/content/dam/copapwp-pagov/en/dgs/documents/costars/member-information/documents/sodium-chloride-road%20salt-2022-2023-season-contract_change-order-4.pdf,4757c0594a1383d0fc105f53f3369f470cfa6edab82b19f152d44d99a831d0cf,2026-09-09T13:34:00,,
PA,2023,2022/2023,False,Compass Minerals,Erie,Statewide Contract,PennDOT / COSTARS,combined,delivered,USD/short ton,78850.0,50.54,3985079.0,,4600016540,award,price+volume,printed,PA_live_sodium-chloride-road_salt-2022-2023-season-contract_change-order-4.pdf,5,https://www.pa.gov/content/dam/copapwp-pagov/en/dgs/documents/costars/member-information/documents/sodium-chloride-road%20salt-2022-2023-season-contract_change-order-4.pdf,4757c0594a1383d0fc105f53f3369f470cfa6edab82b19f152d44d99a831d0cf,2026-09-09T13:34:00,,
PA,2023,2022/2023,False,Compass Minerals,Mercer,Statewide Contract,PennDOT / COSTARS,combined,delivered,USD/short ton,41696.0,59.48,2480078.08,,4600016540,award,price+volume,printed,PA_live_sodium-chloride-road_salt-2022-2023-season-contract_change-order-4.pdf,5,https://www.pa.gov/content/dam/copapwp-pagov/en/dgs/documents/costars/member-information/documents/sodium-chloride-road%20salt-2022-2023-season-contract_change-order-4.pdf,4757c0594a1383d0fc105f53f3369f470cfa6edab82b19f152d44d99a831d0cf,2026-09-09T13:34:00,,
PA,2023,2022/2023,False,Compass Minerals,Venango,Statewide Contract,PennDOT / COSTARS,combined,delivered,USD/short ton,31200.0,62.92,1963104.0,,4600016540,award,price+volume,printed,PA_live_sodium-chloride-road_salt-2022-2023-season-contract_change-order-4.pdf,5,https://www.pa.gov/content/dam/copapwp-pagov/en/dgs/documents/costars/member-information/documents/sodium-chloride-road%20salt-2022-2023-season-contract_change-order-4.pdf,4757c0594a1383d0fc105f53f3369f470cfa6edab82b19f152d44d99a831d0cf,2026-09-09T13:34:00,,
PA,2023,2022/2023,False,Compass Minerals,Warren,Statewide Contract,PennDOT / COSTARS,combined,delivered,USD/short ton,15600.0,63.86,996216.0,,4600016540,award,price+volume,printed,PA_live_sodium-chloride-road_salt-2022-2023-season-contract_change-order-4.pdf,5,https://www.pa.gov/content/dam/copapwp-pagov/en/dgs/documents/costars/member-information/documents/sodium-chloride-road%20salt-2022-2023-season-contract_change-order-4.pdf,4757c0594a1383d0fc105f53f3369f470cfa6edab82b19f152d44d99a831d0cf,2026-09-09T13:34:00,,
PA,2023,2022/2023,False,Compass Minerals,Westmoreland,Statewide Contract,PennDOT / COSTARS,combined,delivered,USD/short ton,78650.0,79.34,6240091.0,,4600016540,award,price+volume,printed,PA_live_sodium-chloride-road_salt-2022-2023-season-contract_change-order-4.pdf,5,https://www.pa.gov/content/dam/copapwp-pagov/en/dgs/documents/costars/member-information/documents/sodium-chloride-road%20salt-2022-2023-season-contract_change-order-4.pdf,4757c0594a1383d0fc105f53f3369f470cfa6edab82b19f152d44d99a831d0cf,2026-09-09T13:34:00,,
PA,2023,2022/2023,False,Compass Minerals,York,Statewide Contract,PennDOT / COSTARS,combined,delivered,USD/short ton,23400.0,79.55,1861470.0,,4600016540,award,price+volume,printed,PA_live_sodium-chloride-road_salt-2022-2023-season-contract_change-order-4.pdf,5,https://www.pa.gov/content/dam/copapwp-pagov/en/dgs/documents/costars/member-information/documents/sodium-chloride-road%20salt-2022-2023-season-contract_change-order-4.pdf,4757c0594a1383d0fc105f53f3369f470cfa6edab82b19f152d44d99a831d0cf,2026-09-09T13:34:00,,
PA,2023,2022/2023,False,Eastern Salt,Delaware,Statewide Contract,PennDOT / COSTARS,combined,delivered,USD/short ton,37948.0,73.49,2788798.52,,4600016542,award,price+volume,printed,PA_live_sodium-chloride-road_salt-2022-2023-season-contract_change-order-4.pdf,5,https://www.pa.gov/content/dam/copapwp-pagov/en/dgs/documents/costars/member-information/documents/sodium-chloride-road%20salt-2022-2023-season-contract_change-order-4.pdf,4757c0594a1383d0fc105f53f3369f470cfa6edab82b19f152d44d99a831d0cf,2026-09-09T13:34:00,,
PA,2023,2022/2023,False,Morton Salt,Adams,Statewide Contract,PennDOT / COSTARS,combined,delivered,USD/short ton,13000.0,79.65,1035450.0000000001,,4600016539,award,price+volume,printed,PA_live_sodium-chloride-road_salt-2022-2023-season-contract_change-order-4.pdf,5,https://www.pa.gov/content/dam/copapwp-pagov/en/dgs/documents/costars/member-information/documents/sodium-chloride-road%20salt-2022-2023-season-contract_change-order-4.pdf,4757c0594a1383d0fc105f53f3369f470cfa6edab82b19f152d44d99a831d0cf,2026-09-09T13:34:00,,
PA,2023,2022/2023,False,Morton Salt,Clarion,Statewide Contract,PennDOT / COSTARS,combined,delivered,USD/short ton,13000.0,72.01,936130.0000000001,,4600016539,award,price+volume,printed,PA_live_sodium-chloride-road_salt-2022-2023-season-contract_change-order-4.pdf,5,https://www.pa.gov/content/dam/copapwp-pagov/en/dgs/documents/costars/member-information/documents/sodium-chloride-road%20salt-2022-2023-season-contract_change-order-4.pdf,4757c0594a1383d0fc105f53f3369f470cfa6edab82b19f152d44d99a831d0cf,2026-09-09T13:34:00,,
PA,2023,2022/2023,False,Morton Salt,Cumberland,Statewide Contract,PennDOT / COSTARS,combined,delivered,USD/short ton,17250.0,82.86,1429335.0,,4600016539,award,price+volume,printed,PA_live_sodium-chloride-road_salt-2022-2023-season-contract_change-order-4.pdf,5,https://www.pa.gov/content/dam/copapwp-pagov/en/dgs/documents/costars/member-information/documents/sodium-chloride-road%20salt-2022-2023-season-contract_change-order-4.pdf,4757c0594a1383d0fc105f53f3369f470cfa6edab82b19f152d44d99a831d0cf,2026-09-09T13:34:00,,
PA,2023,2022/2023,False,Morton Salt,Philadelphia,Statewide Contract,PennDOT / COSTARS,combined,delivered,USD/short ton,3640.0,73.86,268850.4,,4600016539,award,price+volume,printed,PA_live_sodium-chloride-road_salt-2022-2023-season-contract_change-order-4.pdf,5,https://www.pa.gov/content/dam/copapwp-pagov/en/dgs/documents/costars/member-information/documents/sodium-chloride-road%20salt-2022-2023-season-contract_change-order-4.pdf,4757c0594a1383d0fc105f53f3369f470cfa6edab82b19f152d44d99a831d0cf,2026-09-09T13:34:00,,
PA,2024,2023/2024,False,American Rock Salt,Allegheny,Statewide Contract,PennDOT / COSTARS,combined,delivered,USD/short ton,123481.0,82.55,10193356.549999999,,4600016537,award,price+volume,printed,PA_live_sodium_chloride_road_salt_2023-2024_season_contract.pdf,5,https://www.pa.gov/content/dam/copapwp-pagov/en/dgs/documents/documents/costars/sodium%20chloride%20road%20salt%202023-2024%20season%20contract.pdf,524ab38db9d0f7bf593ba11e5f752078907d948991f39fc2c18ae2b907f4bece,2026-09-09T13:34:03,,
PA,2024,2023/2024,False,American Rock Salt,Armstrong,Statewide Contract,PennDOT / COSTARS,combined,delivered,USD/short ton,10605.0,83.06,880851.3,,4600016537,award,price+volume,printed,PA_live_sodium_chloride_road_salt_2023-2024_season_contract.pdf,5,https://www.pa.gov/content/dam/copapwp-pagov/en/dgs/documents/documents/costars/sodium%20chloride%20road%20salt%202023-2024%20season%20contract.pdf,524ab38db9d0f7bf593ba11e5f752078907d948991f39fc2c18ae2b907f4bece,2026-09-09T13:34:03,,
PA,2024,2023/2024,False,American Rock Salt,Bedford,Statewide Contract,PennDOT / COSTARS,combined,delivered,USD/short ton,9791.0,94.99,930047.09,,4600016537,award,price+volume,printed,PA_live_sodium_chloride_road_salt_2023-2024_season_contract.pdf,5,https://www.pa.gov/content/dam/copapwp-pagov/en/dgs/documents/documents/costars/sodium%20chloride%20road%20salt%202023-2024%20season%20contract.pdf,524ab38db9d0f7bf593ba11e5f752078907d948991f39fc2c18ae2b907f4bece,2026-09-09T13:34:03,,
PA,2024,2023/2024,False,American Rock Salt,Berks,Statewide Contract,PennDOT / COSTARS,combined,delivered,USD/short ton,31605.0,72.37,2287253.85,,4600016537,award,price+volume,printed,PA_live_sodium_chloride_road_salt_2023-2024_season_contract.pdf,5,https://www.pa.gov/content/dam/copapwp-pagov/en/dgs/documents/documents/costars/sodium%20chloride%20road%20salt%202023-2024%20season%20contract.pdf,524ab38db9d0f7bf593ba11e5f752078907d948991f39fc2c18ae2b907f4bece,2026-09-09T13:34:03,,
PA,2024,2023/2024,False,American Rock Salt,Blair,Statewide Contract,PennDOT / COSTARS,combined,delivered,USD/short ton,18168.0,85.48,1553000.6400000001,,4600016537,award,price+volume,printed,PA_live_sodium_chloride_road_salt_2023-2024_season_contract.pdf,5,https://www.pa.gov/content/dam/copapwp-pagov/en/dgs/documents/documents/costars/sodium%20chloride%20road%20salt%202023-2024%20season%20contract.pdf,524ab38db9d0f7bf593ba11e5f752078907d948991f39fc2c18ae2b907f4bece,2026-09-09T13:34:03,,
PA,2024,2023/2024,False,American Rock Salt,Bradford,Statewide Contract,PennDOT / COSTARS,combined,delivered,USD/short ton,14441.0,70.37,1016213.17,,4600016537,award,price+volume,printed,PA_live_sodium_chloride_road_salt_2023-2024_season_contract.pdf,5,https://www.pa.gov/content/dam/copapwp-pagov/en/dgs/documents/documents/costars/sodium%20chloride%20road%20salt%202023-2024%20season%20contract.pdf,524ab38db9d0f7bf593ba11e5f752078907d948991f39fc2c18ae2b907f4bece,2026-09-09T13:34:03,,
PA,2024,2023/2024,False,American Rock Salt,Cambria,Statewide Contract,PennDOT / COSTARS,combined,delivered,USD/short ton,35841.0,89.54,3209203.14,,4600016537,award,price+volume,printed,PA_live_sodium_chloride_road_salt_2023-2024_season_contract.pdf,5,https://www.pa.gov/content/dam/copapwp-pagov/en/dgs/documents/documents/costars/sodium%20chloride%20road%20salt%202023-2024%20season%20contract.pdf,524ab38db9d0f7bf593ba11e5f752078907d948991f39fc2c18ae2b907f4bece,2026-09-09T13:34:03,,
PA,2024,2023/2024,False,American Rock Salt,Centre,Statewide Contract,PennDOT / COSTARS,combined,delivered,USD/short ton,16945.0,89.53,1517085.85,,4600016537,award,price+volume,printed,PA_live_sodium_chloride_road_salt_2023-2024_season_contract.pdf,5,https://www.pa.gov/content/dam/copapwp-pagov/en/dgs/documents/documents/costars/sodium%20chloride%20road%20salt%202023-2024%20season%20contract.pdf,524ab38db9d0f7bf593ba11e5f752078907d948991f39fc2c18ae2b907f4bece,2026-09-09T13:34:03,,
PA,2024,2023/2024,False,American Rock Salt,Chester,Statewide Contract,PennDOT / COSTARS,combined,delivered,USD/short ton,29976.0,76.45,2291665.2,,4600016537,award,price+volume,printed,PA_live_sodium_chloride_road_salt_2023-2024_season_contract.pdf,5,https://www.pa.gov/content/dam/copapwp-pagov/en/dgs/documents/documents/costars/sodium%20chloride%20road%20salt%202023-2024%20season%20contract.pdf,524ab38db9d0f7bf593ba11e5f752078907d948991f39fc2c18ae2b907f4bece,2026-09-09T13:34:03,,
PA,2024,2023/2024,False,American Rock Salt,Clearfield,Statewide Contract,PennDOT / COSTARS,combined,delivered,USD/short ton,17374.0,83.96,1458721.0399999998,,4600016537,award,price+volume,printed,PA_live_sodium_chloride_road_salt_2023-2024_season_contract.pdf,5,https://www.pa.gov/content/dam/copapwp-pagov/en/dgs/documents/documents/costars/sodium%20chloride%20road%20salt%202023-2024%20season%20contract.pdf,524ab38db9d0f7bf593ba11e5f752078907d948991f39fc2c18ae2b907f4bece,2026-09-09T13:34:03,,
PA,2024,2023/2024,False,American Rock Salt,Clinton,Statewide Contract,PennDOT / COSTARS,combined,delivered,USD/short ton,7022.0,88.41,620815.02,,4600016537,award,price+volume,printed,PA_live_sodium_chloride_road_salt_2023-2024_season_contract.pdf,5,https://www.pa.gov/content/dam/copapwp-pagov/en/dgs/documents/documents/costars/sodium%20chloride%20road%20salt%202023-2024%20season%20contract.pdf,524ab38db9d0f7bf593ba11e5f752078907d948991f39fc2c18ae2b907f4bece,2026-09-09T13:34:03,,
PA,2024,2023/2024,False,American Rock Salt,Dauphin,Statewide Contract,PennDOT / COSTARS,combined,delivered,USD/short ton,18840.0,85.38,1608559.2,,4600016537,award,price+volume,printed,PA_live_sodium_chloride_road_salt_2023-2024_season_contract.pdf,5,https://www.pa.gov/content/dam/copapwp-pagov/en/dgs/documents/documents/costars/sodium%20chloride%20road%20salt%202023-2024%20season%20contract.pdf,524ab38db9d0f7bf593ba11e5f752078907d948991f39fc2c18ae2b907f4bece,2026-09-09T13:34:03,,
PA,2024,2023/2024,False,American Rock Salt,Elk,Statewide Contract,PennDOT / COSTARS,combined,delivered,USD/short ton,7257.0,88.83,644639.3099999999,,4600016537,award,price+volume,printed,PA_live_sodium_chloride_road_salt_2023-2024_season_contract.pdf,5,https://www.pa.gov/content/dam/copapwp-pagov/en/dgs/documents/documents/costars/sodium%20chloride%20road%20salt%202023-2024%20season%20contract.pdf,524ab38db9d0f7bf593ba11e5f752078907d948991f39fc2c18ae2b907f4bece,2026-09-09T13:34:03,,
PA,2024,2023/2024,False,American Rock Salt,Fayette,Statewide Contract,PennDOT / COSTARS,combined,delivered,USD/short ton,28724.0,80.39,2309122.36,,4600016537,award,price+volume,printed,PA_live_sodium_chloride_road_salt_2023-2024_season_contract.pdf,5,https://www.pa.gov/content/dam/copapwp-pagov/en/dgs/documents/documents/costars/sodium%20chloride%20road%20salt%202023-2024%20season%20contract.pdf,524ab38db9d0f7bf593ba11e5f752078907d948991f39fc2c18ae2b907f4bece,2026-09-09T13:34:03,,
PA,2024,2023/2024,False,American Rock Salt,Forest,Statewide Contract,PennDOT / COSTARS,combined,delivered,USD/short ton,1850.0,76.13,140840.5,,4600016537,award,price+volume,printed,PA_live_sodium_chloride_road_salt_2023-2024_season_contract.pdf,5,https://www.pa.gov/content/dam/copapwp-pagov/en/dgs/documents/documents/costars/sodium%20chloride%20road%20salt%202023-2024%20season%20contract.pdf,524ab38db9d0f7bf593ba11e5f752078907d948991f39fc2c18ae2b907f4bece,2026-09-09T13:34:03,,
PA,2024,2023/2024,False,American Rock Salt,Fulton,Statewide Contract,PennDOT / COSTARS,combined,delivered,USD/short ton,4930.0,94.21,464455.3,,4600016537,award,price+volume,printed,PA_live_sodium_chloride_road_salt_2023-2024_season_contract.pdf,5,https://www.pa.gov/content/dam/copapwp-pagov/en/dgs/documents/documents/costars/sodium%20chloride%20road%20salt%202023-2024%20season%20contract.pdf,524ab38db9d0f7bf593ba11e5f752078907d948991f39fc2c18ae2b907f4bece,2026-09-09T13:34:03,,
PA,2024,2023/2024,False,American Rock Salt,Greene,Statewide Contract,PennDOT / COSTARS,combined,delivered,USD/short ton,6926.0,86.79,601107.54,,4600016537,award,price+volume,printed,PA_live_sodium_chloride_road_salt_2023-2024_season_contract.pdf,5,https://www.pa.gov/content/dam/copapwp-pagov/en/dgs/documents/documents/costars/sodium%20chloride%20road%20salt%202023-2024%20season%20contract.pdf,524ab38db9d0f7bf593ba11e5f752078907d948991f39fc2c18ae2b907f4bece,2026-09-09T13:34:03,,
PA,2024,2023/2024,False,American Rock Salt,Indiana,Statewide Contract,PennDOT / COSTARS,combined,delivered,USD/short ton,22460.0,84.85,1905730.9999999998,,4600016537,award,price+volume,printed,PA_live_sodium_chloride_road_salt_2023-2024_season_contract.pdf,5,https://www.pa.gov/content/dam/copapwp-pagov/en/dgs/documents/documents/costars/sodium%20chloride%20road%20salt%202023-2024%20season%20contract.pdf,524ab38db9d0f7bf593ba11e5f752078907d948991f39fc2c18ae2b907f4bece,2026-09-09T13:34:03,,
PA,2024,2023/2024,False,American Rock Salt,Jefferson,Statewide Contract,PennDOT / COSTARS,combined,delivered,USD/short ton,13407.0,74.23,995201.6100000001,,4600016537,award,price+volume,printed,PA_live_sodium_chloride_road_salt_2023-2024_season_contract.pdf,5,https://www.pa.gov/content/dam/copapwp-pagov/en/dgs/documents/documents/costars/sodium%20chloride%20road%20salt%202023-2024%20season%20contract.pdf,524ab38db9d0f7bf593ba11e5f752078907d948991f39fc2c18ae2b907f4bece,2026-09-09T13:34:03,,
PA,2024,2023/2024,False,American Rock Salt,Juniata,Statewide Contract,PennDOT / COSTARS,combined,delivered,USD/short ton,1585.0,92.67,146881.95,,4600016537,award,price+volume,printed,PA_live_sodium_chloride_road_salt_2023-2024_season_contract.pdf,5,https://www.pa.gov/content/dam/copapwp-pagov/en/dgs/documents/documents/costars/sodium%20chloride%20road%20salt%202023-2024%20season%20contract.pdf,524ab38db9d0f7bf593ba11e5f752078907d948991f39fc2c18ae2b907f4bece,2026-09-09T13:34:03,,
PA,2024,2023/2024,False,American Rock Salt,Lackawanna,Statewide Contract,PennDOT / COSTARS,combined,delivered,USD/short ton,44302.0,78.3,3468846.6,,4600016537,award,price+volume,printed,PA_live_sodium_chloride_road_salt_2023-2024_season_contract.pdf,5,https://www.pa.gov/content/dam/copapwp-pagov/en/dgs/documents/documents/costars/sodium%20chloride%20road%20salt%202023-2024%20season%20contract.pdf,524ab38db9d0f7bf593ba11e5f752078907d948991f39fc2c18ae2b907f4bece,2026-09-09T13:34:03,,
PA,2024,2023/2024,False,American Rock Salt,Lancaster,Statewide Contract,PennDOT / COSTARS,combined,delivered,USD/short ton,10492.0,75.56,792775.52,,4600016537,award,price+volume,printed,PA_live_sodium_chloride_road_salt_2023-2024_season_contract.pdf,5,https://www.pa.gov/content/dam/copapwp-pagov/en/dgs/documents/documents/costars/sodium%20chloride%20road%20salt%202023-2024%20season%20contract.pdf,524ab38db9d0f7bf593ba11e5f752078907d948991f39fc2c18ae2b907f4bece,2026-09-09T13:34:03,,
PA,2024,2023/2024,False,American Rock Salt,Lebanon,Statewide Contract,PennDOT / COSTARS,combined,delivered,USD/short ton,11590.0,83.06,962665.4,,4600016537,award,price+volume,printed,PA_live_sodium_chloride_road_salt_2023-2024_season_contract.pdf,5,https://www.pa.gov/content/dam/copapwp-pagov/en/dgs/documents/documents/costars/sodium%20chloride%20road%20salt%202023-2024%20season%20contract.pdf,524ab38db9d0f7bf593ba11e5f752078907d948991f39fc2c18ae2b907f4bece,2026-09-09T13:34:03,,
PA,2024,2023/2024,False,American Rock Salt,Lehigh,Statewide Contract,PennDOT / COSTARS,combined,delivered,USD/short ton,28940.0,81.83,2368160.1999999997,,4600016537,award,price+volume,printed,PA_live_sodium_chloride_road_salt_2023-2024_season_contract.pdf,5,https://www.pa.gov/content/dam/copapwp-pagov/en/dgs/documents/documents/costars/sodium%20chloride%20road%20salt%202023-2024%20season%20contract.pdf,524ab38db9d0f7bf593ba11e5f752078907d948991f39fc2c18ae2b907f4bece,2026-09-09T13:34:03,,
PA,2024,2023/2024,False,American Rock Salt,Mckean,Statewide Contract,PennDOT / COSTARS,combined,delivered,USD/short ton,12095.0,67.18,812542.1000000001,,4600016537,award,price+volume,printed,PA_live_sodium_chloride_road_salt_2023-2024_season_contract.pdf,5,https://www.pa.gov/content/dam/copapwp-pagov/en/dgs/documents/documents/costars/sodium%20chloride%20road%20salt%202023-2024%20season%20contract.pdf,524ab38db9d0f7bf593ba11e5f752078907d948991f39fc2c18ae2b907f4bece,2026-09-09T13:34:03,,
PA,2024,2023/2024,False,American Rock Salt,Mifflin,Statewide Contract,PennDOT / COSTARS,combined,delivered,USD/short ton,4012.0,100.3,402403.6,,4600016537,award,price+volume,printed,PA_live_sodium_chloride_road_salt_2023-2024_season_contract.pdf,5,https://www.pa.gov/content/dam/copapwp-pagov/en/dgs/documents/documents/costars/sodium%20chloride%20road%20salt%202023-2024%20season%20contract.pdf,524ab38db9d0f7bf593ba11e5f752078907d948991f39fc2c18ae2b907f4bece,2026-09-09T13:34:03,,
PA,2024,2023/2024,False,American Rock Salt,Monroe,Statewide Contract,PennDOT / COSTARS,combined,delivered,USD/short ton,23497.0,76.43,1795875.7100000002,,4600016537,award,price+volume,printed,PA_live_sodium_chloride_road_salt_2023-2024_season_contract.pdf,5,https://www.pa.gov/content/dam/copapwp-pagov/en/dgs/documents/documents/costars/sodium%20chloride%20road%20salt%202023-2024%20season%20contract.pdf,524ab38db9d0f7bf593ba11e5f752078907d948991f39fc2c18ae2b907f4bece,2026-09-09T13:34:03,,
PA,2024,2023/2024,False,American Rock Salt,Montour,Statewide Contract,PennDOT / COSTARS,combined,delivered,USD/short ton,3626.0,79.66,288847.16,,4600016537,award,price+volume,printed,PA_live_sodium_chloride_road_salt_2023-2024_season_contract.pdf,5,https://www.pa.gov/content/dam/copapwp-pagov/en/dgs/documents/documents/costars/sodium%20chloride%20road%20salt%202023-2024%20season%20contract.pdf,524ab38db9d0f7bf593ba11e5f752078907d948991f39fc2c18ae2b907f4bece,2026-09-09T13:34:03,,
PA,2024,2023/2024,False,American Rock Salt,Northampton,Statewide Contract,PennDOT / COSTARS,combined,delivered,USD/short ton,31555.0,76.79,2423108.45,,4600016537,award,price+volume,printed,PA_live_sodium_chloride_road_salt_2023-2024_season_contract.pdf,5,https://www.pa.gov/content/dam/copapwp-pagov/en/dgs/documents/documents/costars/sodium%20chloride%20road%20salt%202023-2024%20season%20contract.pdf,524ab38db9d0f7bf593ba11e5f752078907d948991f39fc2c18ae2b907f4bece,2026-09-09T13:34:03,,
PA,2024,2023/2024,False,American Rock Salt,Northumberland,Statewide Contract,PennDOT / COSTARS,combined,delivered,USD/short ton,11684.0,85.9,1003655.6000000001,,4600016537,award,price+volume,printed,PA_live_sodium_chloride_road_salt_2023-2024_season_contract.pdf,5,https://www.pa.gov/content/dam/copapwp-pagov/en/dgs/documents/documents/costars/sodium%20chloride%20road%20salt%202023-2024%20season%20contract.pdf,524ab38db9d0f7bf593ba11e5f752078907d948991f39fc2c18ae2b907f4bece,2026-09-09T13:34:03,,
PA,2024,2023/2024,False,American Rock Salt,Perry,Statewide Contract,PennDOT / COSTARS,combined,delivered,USD/short ton,5390.0,93.42,503533.8,,4600016537,award,price+volume,printed,PA_live_sodium_chloride_road_salt_2023-2024_season_contract.pdf,5,https://www.pa.gov/content/dam/copapwp-pagov/en/dgs/documents/documents/costars/sodium%20chloride%20road%20salt%202023-2024%20season%20contract.pdf,524ab38db9d0f7bf593ba11e5f752078907d948991f39fc2c18ae2b907f4bece,2026-09-09T13:34:03,,
PA,2024,2023/2024,False,American Rock Salt,Schuylkill,Statewide Contract,PennDOT / COSTARS,combined,delivered,USD/short ton,24828.0,82.04,2036889.12,,4600016537,award,price+volume,printed,PA_live_sodium_chloride_road_salt_2023-2024_season_contract.pdf,5,https://www.pa.gov/content/dam/copapwp-pagov/en/dgs/documents/documents/costars/sodium%20chloride%20road%20salt%202023-2024%20season%20contract.pdf,524ab38db9d0f7bf593ba11e5f752078907d948991f39fc2c18ae2b907f4bece,2026-09-09T13:34:03,,
PA,2024,2023/2024,False,American Rock Salt,Snyder,Statewide Contract,PennDOT / COSTARS,combined,delivered,USD/short ton,4763.0,89.75,427479.25,,4600016537,award,price+volume,printed,PA_live_sodium_chloride_road_salt_2023-2024_season_contract.pdf,5,https://www.pa.gov/content/dam/copapwp-pagov/en/dgs/documents/documents/costars/sodium%20chloride%20road%20salt%202023-2024%20season%20contract.pdf,524ab38db9d0f7bf593ba11e5f752078907d948991f39fc2c18ae2b907f4bece,2026-09-09T13:34:03,,
PA,2024,2023/2024,False,American Rock Salt,Somerset,Statewide Contract,PennDOT / COSTARS,combined,delivered,USD/short ton,27972.0,88.12,2464892.64,,4600016537,award,price+volume,printed,PA_live_sodium_chloride_road_salt_2023-2024_season_contract.pdf,5,https://www.pa.gov/content/dam/copapwp-pagov/en/dgs/documents/documents/costars/sodium%20chloride%20road%20salt%202023-2024%20season%20contract.pdf,524ab38db9d0f7bf593ba11e5f752078907d948991f39fc2c18ae2b907f4bece,2026-09-09T13:34:03,,
PA,2024,2023/2024,False,American Rock Salt,Sullivan,Statewide Contract,PennDOT / COSTARS,combined,delivered,USD/short ton,3897.0,72.56,282766.32,,4600016537,award,price+volume,printed,PA_live_sodium_chloride_road_salt_2023-2024_season_contract.pdf,5,https://www.pa.gov/content/dam/copapwp-pagov/en/dgs/documents/documents/costars/sodium%20chloride%20road%20salt%202023-2024%20season%20contract.pdf,524ab38db9d0f7bf593ba11e5f752078907d948991f39fc2c18ae2b907f4bece,2026-09-09T13:34:03,,
PA,2024,2023/2024,False,American Rock Salt,Union,Statewide Contract,PennDOT / COSTARS,combined,delivered,USD/short ton,5964.0,78.45,467875.8,,4600016537,award,price+volume,printed,PA_live_sodium_chloride_road_salt_2023-2024_season_contract.pdf,5,https://www.pa.gov/content/dam/copapwp-pagov/en/dgs/documents/documents/costars/sodium%20chloride%20road%20salt%202023-2024%20season%20contract.pdf,524ab38db9d0f7bf593ba11e5f752078907d948991f39fc2c18ae2b907f4bece,2026-09-09T13:34:03,,
PA,2024,2023/2024,False,American Rock Salt,Washington,Statewide Contract,PennDOT / COSTARS,combined,delivered,USD/short ton,,81.84,,,4600016537,price_only,price_only,printed,PA_live_sodium_chloride_road_salt_2024-2025_season_contract.pdf,5,https://www.pa.gov/content/dam/copapwp-pagov/en/dgs/documents/documents/costars/sodium%20chloride%20%28road%20salt%29%202024-2025%20season%20contract.pdf,19000879b197bb7536c1ac5fc730b31bd81c0107a6e23b64376affe437160bea,2026-09-09T13:34:03,,
PA,2024,2023/2024,False,Cargill,Beaver,Statewide Contract,PennDOT / COSTARS,combined,delivered,USD/short ton,33021.0,81.26,2683286.46,,4600016538,award,price+volume,printed,PA_live_sodium_chloride_road_salt_2023-2024_season_contract.pdf,5,https://www.pa.gov/content/dam/copapwp-pagov/en/dgs/documents/documents/costars/sodium%20chloride%20road%20salt%202023-2024%20season%20contract.pdf,524ab38db9d0f7bf593ba11e5f752078907d948991f39fc2c18ae2b907f4bece,2026-09-09T13:34:03,,
PA,2024,2023/2024,False,Cargill,Bucks,Statewide Contract,PennDOT / COSTARS,combined,delivered,USD/short ton,23853.0,73.89,1762498.17,,4600016538,award,price+volume,printed,PA_live_sodium_chloride_road_salt_2023-2024_season_contract.pdf,5,https://www.pa.gov/content/dam/copapwp-pagov/en/dgs/documents/documents/costars/sodium%20chloride%20road%20salt%202023-2024%20season%20contract.pdf,524ab38db9d0f7bf593ba11e5f752078907d948991f39fc2c18ae2b907f4bece,2026-09-09T13:34:03,,
PA,2024,2023/2024,False,Cargill,Cameron,Statewide Contract,PennDOT / COSTARS,combined,delivered,USD/short ton,1722.0,85.28,146852.16,,4600016538,award,price+volume,printed,PA_live_sodium_chloride_road_salt_2023-2024_season_contract.pdf,5,https://www.pa.gov/content/dam/copapwp-pagov/en/dgs/documents/documents/costars/sodium%20chloride%20road%20salt%202023-2024%20season%20contract.pdf,524ab38db9d0f7bf593ba11e5f752078907d948991f39fc2c18ae2b907f4bece,2026-09-09T13:34:03,,
PA,2024,2023/2024,False,Cargill,Carbon,Statewide Contract,PennDOT / COSTARS,combined,delivered,USD/short ton,11510.0,87.31,1004938.1,,4600016538,award,price+volume,printed,PA_live_sodium_chloride_road_salt_2023-2024_season_contract.pdf,5,https://www.pa.gov/content/dam/copapwp-pagov/en/dgs/documents/documents/costars/sodium%20chloride%20road%20salt%202023-2024%20season%20contract.pdf,524ab38db9d0f7bf593ba11e5f752078907d948991f39fc2c18ae2b907f4bece,2026-09-09T13:34:03,,
PA,2024,2023/2024,False,Cargill,Columbia,Statewide Contract,PennDOT / COSTARS,combined,delivered,USD/short ton,10126.0,77.05,780208.2999999999,,4600016538,award,price+volume,printed,PA_live_sodium_chloride_road_salt_2023-2024_season_contract.pdf,5,https://www.pa.gov/content/dam/copapwp-pagov/en/dgs/documents/documents/costars/sodium%20chloride%20road%20salt%202023-2024%20season%20contract.pdf,524ab38db9d0f7bf593ba11e5f752078907d948991f39fc2c18ae2b907f4bece,2026-09-09T13:34:03,,
PA,2024,2023/2024,False,Cargill,Franklin,Statewide Contract,PennDOT / COSTARS,combined,delivered,USD/short ton,9845.0,90.89,894812.05,,4600016538,award,price+volume,printed,PA_live_sodium_chloride_road_salt_2023-2024_season_contract.pdf,5,https://www.pa.gov/content/dam/copapwp-pagov/en/dgs/documents/documents/costars/sodium%20chloride%20road%20salt%202023-2024%20season%20contract.pdf,524ab38db9d0f7bf593ba11e5f752078907d948991f39fc2c18ae2b907f4bece,2026-09-09T13:34:03,,
PA,2024,2023/2024,False,Cargill,Huntingdon,Statewide Contract,PennDOT / COSTARS,combined,delivered,USD/short ton,6814.0,92.96,633429.44,,4600016538,award,price+volume,printed,PA_live_sodium_chloride_road_salt_2023-2024_season_contract.pdf,5,https://www.pa.gov/content/dam/copapwp-pagov/en/dgs/documents/documents/costars/sodium%20chloride%20road%20salt%202023-2024%20season%20contract.pdf,524ab38db9d0f7bf593ba11e5f752078907d948991f39fc2c18ae2b907f4bece,2026-09-09T13:34:03,,
PA,2024,2023/2024,False,Cargill,Lawrence,Statewide Contract,PennDOT / COSTARS,combined,delivered,USD/short ton,23740.0,72.87,1729933.8,,4600016538,award,price+volume,printed,PA_live_sodium_chloride_road_salt_2023-2024_season_contract.pdf,5,https://www.pa.gov/content/dam/copapwp-pagov/en/dgs/documents/documents/costars/sodium%20chloride%20road%20salt%202023-2024%20season%20contract.pdf,524ab38db9d0f7bf593ba11e5f752078907d948991f39fc2c18ae2b907f4bece,2026-09-09T13:34:03,,
PA,2024,2023/2024,False,Cargill,Luzerne,Statewide Contract,PennDOT / COSTARS,combined,delivered,USD/short ton,68594.0,82.27,5643228.38,,4600016538,award,price+volume,printed,PA_live_sodium_chloride_road_salt_2023-2024_season_contract.pdf,5,https://www.pa.gov/content/dam/copapwp-pagov/en/dgs/documents/documents/costars/sodium%20chloride%20road%20salt%202023-2024%20season%20contract.pdf,524ab38db9d0f7bf593ba11e5f752078907d948991f39fc2c18ae2b907f4bece,2026-09-09T13:34:03,,
PA,2024,2023/2024,False,Cargill,Lycoming,Statewide Contract,PennDOT / COSTARS,combined,delivered,USD/short ton,17917.0,71.19,1275511.23,,4600016538,award,price+volume,printed,PA_live_sodium_chloride_road_salt_2023-2024_season_contract.pdf,5,https://www.pa.gov/content/dam/copapwp-pagov/en/dgs/documents/documents/costars/sodium%20chloride%20road%20salt%202023-2024%20season%20contract.pdf,524ab38db9d0f7bf593ba11e5f752078907d948991f39fc2c18ae2b907f4bece,2026-09-09T13:34:03,,
PA,2024,2023/2024,False,Cargill,Montgomery,Statewide Contract,PennDOT / COSTARS,combined,delivered,USD/short ton,26067.0,73.39,1913057.1300000001,,4600016538,award,price+volume,printed,PA_live_sodium_chloride_road_salt_2023-2024_season_contract.pdf,5,https://www.pa.gov/content/dam/copapwp-pagov/en/dgs/documents/documents/costars/sodium%20chloride%20road%20salt%202023-2024%20season%20contract.pdf,524ab38db9d0f7bf593ba11e5f752078907d948991f39fc2c18ae2b907f4bece,2026-09-09T13:34:03,,
PA,2024,2023/2024,False,Cargill,Pike,Statewide Contract,PennDOT / COSTARS,combined,delivered,USD/short ton,13885.0,86.19,1196748.15,,4600016538,award,price+volume,printed,PA_live_sodium_chloride_road_salt_2023-2024_season_contract.pdf,5,https://www.pa.gov/content/dam/copapwp-pagov/en/dgs/documents/documents/costars/sodium%20chloride%20road%20salt%202023-2024%20season%20contract.pdf,524ab38db9d0f7bf593ba11e5f752078907d948991f39fc2c18ae2b907f4bece,2026-09-09T13:34:03,,
PA,2024,2023/2024,False,Cargill,Potter,Statewide Contract,PennDOT / COSTARS,combined,delivered,USD/short ton,5075.0,71.38,362253.5,,4600016538,award,price+volume,printed,PA_live_sodium_chloride_road_salt_2023-2024_season_contract.pdf,5,https://www.pa.gov/content/dam/copapwp-pagov/en/dgs/documents/documents/costars/sodium%20chloride%20road%20salt%202023-2024%20season%20contract.pdf,524ab38db9d0f7bf593ba11e5f752078907d948991f39fc2c18ae2b907f4bece,2026-09-09T13:34:03,,
PA,2024,2023/2024,False,Cargill,Susquehanna,Statewide Contract,PennDOT / COSTARS,combined,delivered,USD/short ton,21798.0,63.97,1394418.06,,4600016538,award,price+volume,printed,PA_live_sodium_chloride_road_salt_2023-2024_season_contract.pdf,5,https://www.pa.gov/content/dam/copapwp-pagov/en/dgs/documents/documents/costars/sodium%20chloride%20road%20salt%202023-2024%20season%20contract.pdf,524ab38db9d0f7bf593ba11e5f752078907d948991f39fc2c18ae2b907f4bece,2026-09-09T13:34:03,,
PA,2024,2023/2024,False,Cargill,Tioga,Statewide Contract,PennDOT / COSTARS,combined,delivered,USD/short ton,11202.0,62.95,705165.9,,4600016538,award,price+volume,printed,PA_live_sodium_chloride_road_salt_2023-2024_season_contract.pdf,5,https://www.pa.gov/content/dam/copapwp-pagov/en/dgs/documents/documents/costars/sodium%20chloride%20road%20salt%202023-2024%20season%20contract.pdf,524ab38db9d0f7bf593ba11e5f752078907d948991f39fc2c18ae2b907f4bece,2026-09-09T13:34:03,,
PA,2024,2023/2024,False,Cargill,Wayne,Statewide Contract,PennDOT / COSTARS,combined,delivered,USD/short ton,141906.0,76.68,10881352.08,,4600016538,award,price+volume,printed,PA_live_sodium_chloride_road_salt_2023-2024_season_contract.pdf,5,https://www.pa.gov/content/dam/copapwp-pagov/en/dgs/documents/documents/costars/sodium%20chloride%20road%20salt%202023-2024%20season%20contract.pdf,524ab38db9d0f7bf593ba11e5f752078907d948991f39fc2c18ae2b907f4bece,2026-09-09T13:34:03,,
PA,2024,2023/2024,False,Cargill,Wyoming,Statewide Contract,PennDOT / COSTARS,combined,delivered,USD/short ton,6686.0,74.09,495365.74000000005,,4600016538,award,price+volume,printed,PA_live_sodium_chloride_road_salt_2023-2024_season_contract.pdf,5,https://www.pa.gov/content/dam/copapwp-pagov/en/dgs/documents/documents/costars/sodium%20chloride%20road%20salt%202023-2024%20season%20contract.pdf,524ab38db9d0f7bf593ba11e5f752078907d948991f39fc2c18ae2b907f4bece,2026-09-09T13:34:03,,
PA,2024,2023/2024,False,Compass Minerals,Butler,Statewide Contract,PennDOT / COSTARS,combined,delivered,USD/short ton,53074.0,85.78,4552687.72,,4600016540,award,price+volume,printed,PA_live_sodium_chloride_road_salt_2023-2024_season_contract.pdf,5,https://www.pa.gov/content/dam/copapwp-pagov/en/dgs/documents/documents/costars/sodium%20chloride%20road%20salt%202023-2024%20season%20contract.pdf,524ab38db9d0f7bf593ba11e5f752078907d948991f39fc2c18ae2b907f4bece,2026-09-09T13:34:03,,
PA,2024,2023/2024,False,Compass Minerals,Crawford,Statewide Contract,PennDOT / COSTARS,combined,delivered,USD/short ton,19246.0,62.24,1197871.04,,4600016540,award,price+volume,printed,PA_live_sodium_chloride_road_salt_2023-2024_season_contract.pdf,5,https://www.pa.gov/content/dam/copapwp-pagov/en/dgs/documents/documents/costars/sodium%20chloride%20road%20salt%202023-2024%20season%20contract.pdf,524ab38db9d0f7bf593ba11e5f752078907d948991f39fc2c18ae2b907f4bece,2026-09-09T13:34:03,,
PA,2024,2023/2024,False,Compass Minerals,Erie,Statewide Contract,PennDOT / COSTARS,combined,delivered,USD/short ton,57534.0,54.08,3111438.7199999997,,4600016540,award,price+volume,printed,PA_live_sodium_chloride_road_salt_2023-2024_season_contract.pdf,5,https://www.pa.gov/content/dam/copapwp-pagov/en/dgs/documents/documents/costars/sodium%20chloride%20road%20salt%202023-2024%20season%20contract.pdf,524ab38db9d0f7bf593ba11e5f752078907d948991f39fc2c18ae2b907f4bece,2026-09-09T13:34:03,,
PA,2024,2023/2024,False,Compass Minerals,Mercer,Statewide Contract,PennDOT / COSTARS,combined,delivered,USD/short ton,22323.0,63.64,1420635.72,,4600016540,award,price+volume,printed,PA_live_sodium_chloride_road_salt_2023-2024_season_contract.pdf,5,https://www.pa.gov/content/dam/copapwp-pagov/en/dgs/documents/documents/costars/sodium%20chloride%20road%20salt%202023-2024%20season%20contract.pdf,524ab38db9d0f7bf593ba11e5f752078907d948991f39fc2c18ae2b907f4bece,2026-09-09T13:34:03,,
PA,2024,2023/2024,False,Compass Minerals,Venango,Statewide Contract,PennDOT / COSTARS,combined,delivered,USD/short ton,16896.0,67.32,1137438.72,,4600016540,award,price+volume,printed,PA_live_sodium_chloride_road_salt_2023-2024_season_contract.pdf,5,https://www.pa.gov/content/dam/copapwp-pagov/en/dgs/documents/documents/costars/sodium%20chloride%20road%20salt%202023-2024%20season%20contract.pdf,524ab38db9d0f7bf593ba11e5f752078907d948991f39fc2c18ae2b907f4bece,2026-09-09T13:34:03,,
PA,2024,2023/2024,False,Compass Minerals,Warren,Statewide Contract,PennDOT / COSTARS,combined,delivered,USD/short ton,6481.0,68.33,442846.73,,4600016540,award,price+volume,printed,PA_live_sodium_chloride_road_salt_2023-2024_season_contract.pdf,5,https://www.pa.gov/content/dam/copapwp-pagov/en/dgs/documents/documents/costars/sodium%20chloride%20road%20salt%202023-2024%20season%20contract.pdf,524ab38db9d0f7bf593ba11e5f752078907d948991f39fc2c18ae2b907f4bece,2026-09-09T13:34:03,,
PA,2024,2023/2024,False,Compass Minerals,Westmoreland,Statewide Contract,PennDOT / COSTARS,combined,delivered,USD/short ton,85254.0,84.89,7237212.06,,4600016540,award,price+volume,printed,PA_live_sodium_chloride_road_salt_2023-2024_season_contract.pdf,5,https://www.pa.gov/content/dam/copapwp-pagov/en/dgs/documents/documents/costars/sodium%20chloride%20road%20salt%202023-2024%20season%20contract.pdf,524ab38db9d0f7bf593ba11e5f752078907d948991f39fc2c18ae2b907f4bece,2026-09-09T13:34:03,,
PA,2024,2023/2024,False,Compass Minerals,York,Statewide Contract,PennDOT / COSTARS,combined,delivered,USD/short ton,23256.0,85.12,1979550.7200000002,,4600016540,award,price+volume,printed,PA_live_sodium_chloride_road_salt_2023-2024_season_contract.pdf,5,https://www.pa.gov/content/dam/copapwp-pagov/en/dgs/documents/documents/costars/sodium%20chloride%20road%20salt%202023-2024%20season%20contract.pdf,524ab38db9d0f7bf593ba11e5f752078907d948991f39fc2c18ae2b907f4bece,2026-09-09T13:34:03,,
PA,2024,2023/2024,False,Eastern Salt,Delaware,Statewide Contract,PennDOT / COSTARS,combined,delivered,USD/short ton,12767.0,73.49,938246.83,,4600016542,award,price+volume,printed,PA_live_sodium_chloride_road_salt_2023-2024_season_contract.pdf,5,https://www.pa.gov/content/dam/copapwp-pagov/en/dgs/documents/documents/costars/sodium%20chloride%20road%20salt%202023-2024%20season%20contract.pdf,524ab38db9d0f7bf593ba11e5f752078907d948991f39fc2c18ae2b907f4bece,2026-09-09T13:34:03,,
PA,2024,2023/2024,False,Morton Salt,Adams,Statewide Contract,PennDOT / COSTARS,combined,delivered,USD/short ton,4142.0,84.43,349709.06000000006,,4600016539,award,price+volume,printed,PA_live_sodium_chloride_road_salt_2023-2024_season_contract.pdf,5,https://www.pa.gov/content/dam/copapwp-pagov/en/dgs/documents/documents/costars/sodium%20chloride%20road%20salt%202023-2024%20season%20contract.pdf,524ab38db9d0f7bf593ba11e5f752078907d948991f39fc2c18ae2b907f4bece,2026-09-09T13:34:03,,
PA,2024,2023/2024,False,Morton Salt,Clarion,Statewide Contract,PennDOT / COSTARS,combined,delivered,USD/short ton,11793.0,76.33,900159.69,,4600016539,award,price+volume,printed,PA_live_sodium_chloride_road_salt_2023-2024_season_contract.pdf,5,https://www.pa.gov/content/dam/copapwp-pagov/en/dgs/documents/documents/costars/sodium%20chloride%20road%20salt%202023-2024%20season%20contract.pdf,524ab38db9d0f7bf593ba11e5f752078907d948991f39fc2c18ae2b907f4bece,2026-09-09T13:34:03,,
PA,2024,2023/2024,False,Morton Salt,Cumberland,Statewide Contract,PennDOT / COSTARS,combined,delivered,USD/short ton,9624.0,87.83,845275.9199999999,,4600016539,award,price+volume,printed,PA_live_sodium_chloride_road_salt_2023-2024_season_contract.pdf,5,https://www.pa.gov/content/dam/copapwp-pagov/en/dgs/documents/documents/costars/sodium%20chloride%20road%20salt%202023-2024%20season%20contract.pdf,524ab38db9d0f7bf593ba11e5f752078907d948991f39fc2c18ae2b907f4bece,2026-09-09T13:34:03,,
PA,2024,2023/2024,False,Morton Salt,Philadelphia,Statewide Contract,PennDOT / COSTARS,combined,delivered,USD/short ton,12450.0,78.29,974710.5000000001,,4600016539,award,price+volume,printed,PA_live_sodium_chloride_road_salt_2023-2024_season_contract.pdf,5,https://www.pa.gov/content/dam/copapwp-pagov/en/dgs/documents/documents/costars/sodium%20chloride%20road%20salt%202023-2024%20season%20contract.pdf,524ab38db9d0f7bf593ba11e5f752078907d948991f39fc2c18ae2b907f4bece,2026-09-09T13:34:03,,
PA,2025,2024/2025,False,American Rock Salt,Allegheny,Statewide Contract,PennDOT / COSTARS,combined,delivered,USD/short ton,,87.5,,,4600016537,price_only,price_only,printed,PA_live_2025-2026_sodium_chloride_road_salt_season_contract.pdf,8,https://www.pa.gov/content/dam/copapwp-pagov/en/dgs/documents/documents/costars/2025-2026%20sodium%20chloride%20%28road%20salt%29%20season%20contract.pdf,e507acd5841727336a532450c04941eedaff6f6797e283064853e3c7b79bb9d9,2026-09-09T13:34:02,,
PA,2025,2024/2025,False,American Rock Salt,Armstrong,Statewide Contract,PennDOT / COSTARS,combined,delivered,USD/short ton,,88.04,,,4600016537,price_only,price_only,printed,PA_live_2025-2026_sodium_chloride_road_salt_season_contract.pdf,8,https://www.pa.gov/content/dam/copapwp-pagov/en/dgs/documents/documents/costars/2025-2026%20sodium%20chloride%20%28road%20salt%29%20season%20contract.pdf,e507acd5841727336a532450c04941eedaff6f6797e283064853e3c7b79bb9d9,2026-09-09T13:34:02,,
PA,2025,2024/2025,False,American Rock Salt,Bedford,Statewide Contract,PennDOT / COSTARS,combined,delivered,USD/short ton,,100.69,,,4600016537,price_only,price_only,printed,PA_live_2025-2026_sodium_chloride_road_salt_season_contract.pdf,8,https://www.pa.gov/content/dam/copapwp-pagov/en/dgs/documents/documents/costars/2025-2026%20sodium%20chloride%20%28road%20salt%29%20season%20contract.pdf,e507acd5841727336a532450c04941eedaff6f6797e283064853e3c7b79bb9d9,2026-09-09T13:34:02,,
PA,2025,2024/2025,False,American Rock Salt,Berks,Statewide Contract,PennDOT / COSTARS,combined,delivered,USD/short ton,,76.71,,,4600016537,price_only,price_only,printed,PA_live_2025-2026_sodium_chloride_road_salt_season_contract.pdf,8,https://www.pa.gov/content/dam/copapwp-pagov/en/dgs/documents/documents/costars/2025-2026%20sodium%20chloride%20%28road%20salt%29%20season%20contract.pdf,e507acd5841727336a532450c04941eedaff6f6797e283064853e3c7b79bb9d9,2026-09-09T13:34:02,,
PA,2025,2024/2025,False,American Rock Salt,Blair,Statewide Contract,PennDOT / COSTARS,combined,delivered,USD/short ton,,90.61,,,4600016537,price_only,price_only,printed,PA_live_2025-2026_sodium_chloride_road_salt_season_contract.pdf,8,https://www.pa.gov/content/dam/copapwp-pagov/en/dgs/documents/documents/costars/2025-2026%20sodium%20chloride%20%28road%20salt%29%20season%20contract.pdf,e507acd5841727336a532450c04941eedaff6f6797e283064853e3c7b79bb9d9,2026-09-09T13:34:02,,
PA,2025,2024/2025,False,American Rock Salt,Bradford,Statewide Contract,PennDOT / COSTARS,combined,delivered,USD/short ton,,74.59,,,4600016537,price_only,price_only,printed,PA_live_2025-2026_sodium_chloride_road_salt_season_contract.pdf,8,https://www.pa.gov/content/dam/copapwp-pagov/en/dgs/documents/documents/costars/2025-2026%20sodium%20chloride%20%28road%20salt%29%20season%20contract.pdf,e507acd5841727336a532450c04941eedaff6f6797e283064853e3c7b79bb9d9,2026-09-09T13:34:02,,
PA,2025,2024/2025,False,American Rock Salt,Cambria,Statewide Contract,PennDOT / COSTARS,combined,delivered,USD/short ton,,94.91,,,4600016537,price_only,price_only,printed,PA_live_2025-2026_sodium_chloride_road_salt_season_contract.pdf,8,https://www.pa.gov/content/dam/copapwp-pagov/en/dgs/documents/documents/costars/2025-2026%20sodium%20chloride%20%28road%20salt%29%20season%20contract.pdf,e507acd5841727336a532450c04941eedaff6f6797e283064853e3c7b79bb9d9,2026-09-09T13:34:02,,
PA,2025,2024/2025,False,American Rock Salt,Centre,Statewide Contract,PennDOT / COSTARS,combined,delivered,USD/short ton,,94.9,,,4600016537,price_only,price_only,printed,PA_live_2025-2026_sodium_chloride_road_salt_season_contract.pdf,8,https://www.pa.gov/content/dam/copapwp-pagov/en/dgs/documents/documents/costars/2025-2026%20sodium%20chloride%20%28road%20salt%29%20season%20contract.pdf,e507acd5841727336a532450c04941eedaff6f6797e283064853e3c7b79bb9d9,2026-09-09T13:34:02,,
PA,2025,2024/2025,False,American Rock Salt,Chester,Statewide Contract,PennDOT / COSTARS,combined,delivered,USD/short ton,,81.04,,,4600016537,price_only,price_only,printed,PA_live_2025-2026_sodium_chloride_road_salt_season_contract.pdf,8,https://www.pa.gov/content/dam/copapwp-pagov/en/dgs/documents/documents/costars/2025-2026%20sodium%20chloride%20%28road%20salt%29%20season%20contract.pdf,e507acd5841727336a532450c04941eedaff6f6797e283064853e3c7b79bb9d9,2026-09-09T13:34:02,,
PA,2025,2024/2025,False,American Rock Salt,Clearfield,Statewide Contract,PennDOT / COSTARS,combined,delivered,USD/short ton,,89.0,,,4600016537,price_only,price_only,printed,PA_live_2025-2026_sodium_chloride_road_salt_season_contract.pdf,8,https://www.pa.gov/content/dam/copapwp-pagov/en/dgs/documents/documents/costars/2025-2026%20sodium%20chloride%20%28road%20salt%29%20season%20contract.pdf,e507acd5841727336a532450c04941eedaff6f6797e283064853e3c7b79bb9d9,2026-09-09T13:34:02,,
PA,2025,2024/2025,False,American Rock Salt,Clinton,Statewide Contract,PennDOT / COSTARS,combined,delivered,USD/short ton,,93.71,,,4600016537,price_only,price_only,printed,PA_live_2025-2026_sodium_chloride_road_salt_season_contract.pdf,8,https://www.pa.gov/content/dam/copapwp-pagov/en/dgs/documents/documents/costars/2025-2026%20sodium%20chloride%20%28road%20salt%29%20season%20contract.pdf,e507acd5841727336a532450c04941eedaff6f6797e283064853e3c7b79bb9d9,2026-09-09T13:34:02,,
PA,2025,2024/2025,False,American Rock Salt,Dauphin,Statewide Contract,PennDOT / COSTARS,combined,delivered,USD/short ton,,90.5,,,4600016537,price_only,price_only,printed,PA_live_2025-2026_sodium_chloride_road_salt_season_contract.pdf,8,https://www.pa.gov/content/dam/copapwp-pagov/en/dgs/documents/documents/costars/2025-2026%20sodium%20chloride%20%28road%20salt%29%20season%20contract.pdf,e507acd5841727336a532450c04941eedaff6f6797e283064853e3c7b79bb9d9,2026-09-09T13:34:02,,
PA,2025,2024/2025,False,American Rock Salt,Elk,Statewide Contract,PennDOT / COSTARS,combined,delivered,USD/short ton,,94.16,,,4600016537,price_only,price_only,printed,PA_live_2025-2026_sodium_chloride_road_salt_season_contract.pdf,8,https://www.pa.gov/content/dam/copapwp-pagov/en/dgs/documents/documents/costars/2025-2026%20sodium%20chloride%20%28road%20salt%29%20season%20contract.pdf,e507acd5841727336a532450c04941eedaff6f6797e283064853e3c7b79bb9d9,2026-09-09T13:34:02,,
PA,2025,2024/2025,False,American Rock Salt,Fayette,Statewide Contract,PennDOT / COSTARS,combined,delivered,USD/short ton,,85.21,,,4600016537,price_only,price_only,printed,PA_live_2025-2026_sodium_chloride_road_salt_season_contract.pdf,8,https://www.pa.gov/content/dam/copapwp-pagov/en/dgs/documents/documents/costars/2025-2026%20sodium%20chloride%20%28road%20salt%29%20season%20contract.pdf,e507acd5841727336a532450c04941eedaff6f6797e283064853e3c7b79bb9d9,2026-09-09T13:34:02,,
PA,2025,2024/2025,False,American Rock Salt,Forest,Statewide Contract,PennDOT / COSTARS,combined,delivered,USD/short ton,,80.7,,,4600016537,price_only,price_only,printed,PA_live_2025-2026_sodium_chloride_road_salt_season_contract.pdf,8,https://www.pa.gov/content/dam/copapwp-pagov/en/dgs/documents/documents/costars/2025-2026%20sodium%20chloride%20%28road%20salt%29%20season%20contract.pdf,e507acd5841727336a532450c04941eedaff6f6797e283064853e3c7b79bb9d9,2026-09-09T13:34:02,,
PA,2025,2024/2025,False,American Rock Salt,Fulton,Statewide Contract,PennDOT / COSTARS,combined,delivered,USD/short ton,,99.86,,,4600016537,price_only,price_only,printed,PA_live_2025-2026_sodium_chloride_road_salt_season_contract.pdf,8,https://www.pa.gov/content/dam/copapwp-pagov/en/dgs/documents/documents/costars/2025-2026%20sodium%20chloride%20%28road%20salt%29%20season%20contract.pdf,e507acd5841727336a532450c04941eedaff6f6797e283064853e3c7b79bb9d9,2026-09-09T13:34:02,,
PA,2025,2024/2025,False,American Rock Salt,Greene,Statewide Contract,PennDOT / COSTARS,combined,delivered,USD/short ton,,92.0,,,4600016537,price_only,price_only,printed,PA_live_2025-2026_sodium_chloride_road_salt_season_contract.pdf,8,https://www.pa.gov/content/dam/copapwp-pagov/en/dgs/documents/documents/costars/2025-2026%20sodium%20chloride%20%28road%20salt%29%20season%20contract.pdf,e507acd5841727336a532450c04941eedaff6f6797e283064853e3c7b79bb9d9,2026-09-09T13:34:02,,
PA,2025,2024/2025,False,American Rock Salt,Indiana,Statewide Contract,PennDOT / COSTARS,combined,delivered,USD/short ton,,89.94,,,4600016537,price_only,price_only,printed,PA_live_2025-2026_sodium_chloride_road_salt_season_contract.pdf,8,https://www.pa.gov/content/dam/copapwp-pagov/en/dgs/documents/documents/costars/2025-2026%20sodium%20chloride%20%28road%20salt%29%20season%20contract.pdf,e507acd5841727336a532450c04941eedaff6f6797e283064853e3c7b79bb9d9,2026-09-09T13:34:02,,
PA,2025,2024/2025,False,American Rock Salt,Jefferson,Statewide Contract,PennDOT / COSTARS,combined,delivered,USD/short ton,,78.68,,,4600016537,price_only,price_only,printed,PA_live_2025-2026_sodium_chloride_road_salt_season_contract.pdf,8,https://www.pa.gov/content/dam/copapwp-pagov/en/dgs/documents/documents/costars/2025-2026%20sodium%20chloride%20%28road%20salt%29%20season%20contract.pdf,e507acd5841727336a532450c04941eedaff6f6797e283064853e3c7b79bb9d9,2026-09-09T13:34:02,,
PA,2025,2024/2025,False,American Rock Salt,Juniata,Statewide Contract,PennDOT / COSTARS,combined,delivered,USD/short ton,,98.23,,,4600016537,price_only,price_only,printed,PA_live_2025-2026_sodium_chloride_road_salt_season_contract.pdf,8,https://www.pa.gov/content/dam/copapwp-pagov/en/dgs/documents/documents/costars/2025-2026%20sodium%20chloride%20%28road%20salt%29%20season%20contract.pdf,e507acd5841727336a532450c04941eedaff6f6797e283064853e3c7b79bb9d9,2026-09-09T13:34:02,,
PA,2025,2024/2025,False,American Rock Salt,Lackawanna,Statewide Contract,PennDOT / COSTARS,combined,delivered,USD/short ton,,83.0,,,4600016537,price_only,price_only,printed,PA_live_2025-2026_sodium_chloride_road_salt_season_contract.pdf,8,https://www.pa.gov/content/dam/copapwp-pagov/en/dgs/documents/documents/costars/2025-2026%20sodium%20chloride%20%28road%20salt%29%20season%20contract.pdf,e507acd5841727336a532450c04941eedaff6f6797e283064853e3c7b79bb9d9,2026-09-09T13:34:02,,
PA,2025,2024/2025,False,American Rock Salt,Lancaster,Statewide Contract,PennDOT / COSTARS,combined,delivered,USD/short ton,,80.09,,,4600016537,price_only,price_only,printed,PA_live_2025-2026_sodium_chloride_road_salt_season_contract.pdf,8,https://www.pa.gov/content/dam/copapwp-pagov/en/dgs/documents/documents/costars/2025-2026%20sodium%20chloride%20%28road%20salt%29%20season%20contract.pdf,e507acd5841727336a532450c04941eedaff6f6797e283064853e3c7b79bb9d9,2026-09-09T13:34:02,,
PA,2025,2024/2025,False,American Rock Salt,Lebanon,Statewide Contract,PennDOT / COSTARS,combined,delivered,USD/short ton,,88.04,,,4600016537,price_only,price_only,printed,PA_live_2025-2026_sodium_chloride_road_salt_season_contract.pdf,8,https://www.pa.gov/content/dam/copapwp-pagov/en/dgs/documents/documents/costars/2025-2026%20sodium%20chloride%20%28road%20salt%29%20season%20contract.pdf,e507acd5841727336a532450c04941eedaff6f6797e283064853e3c7b79bb9d9,2026-09-09T13:34:02,,
PA,2025,2024/2025,False,American Rock Salt,Lehigh,Statewide Contract,PennDOT / COSTARS,combined,delivered,USD/short ton,,86.74,,,4600016537,price_only,price_only,printed,PA_live_2025-2026_sodium_chloride_road_salt_season_contract.pdf,8,https://www.pa.gov/content/dam/copapwp-pagov/en/dgs/documents/documents/costars/2025-2026%20sodium%20chloride%20%28road%20salt%29%20season%20contract.pdf,e507acd5841727336a532450c04941eedaff6f6797e283064853e3c7b79bb9d9,2026-09-09T13:34:02,,
PA,2025,2024/2025,False,American Rock Salt,Mckean,Statewide Contract,PennDOT / COSTARS,combined,delivered,USD/short ton,,71.21,,,4600016537,price_only,price_only,printed,PA_live_2025-2026_sodium_chloride_road_salt_season_contract.pdf,8,https://www.pa.gov/content/dam/copapwp-pagov/en/dgs/documents/documents/costars/2025-2026%20sodium%20chloride%20%28road%20salt%29%20season%20contract.pdf,e507acd5841727336a532450c04941eedaff6f6797e283064853e3c7b79bb9d9,2026-09-09T13:34:02,,
PA,2025,2024/2025,False,American Rock Salt,Mifflin,Statewide Contract,PennDOT / COSTARS,combined,delivered,USD/short ton,,106.32,,,4600016537,price_only,price_only,printed,PA_live_2025-2026_sodium_chloride_road_salt_season_contract.pdf,8,https://www.pa.gov/content/dam/copapwp-pagov/en/dgs/documents/documents/costars/2025-2026%20sodium%20chloride%20%28road%20salt%29%20season%20contract.pdf,e507acd5841727336a532450c04941eedaff6f6797e283064853e3c7b79bb9d9,2026-09-09T13:34:02,,
PA,2025,2024/2025,False,American Rock Salt,Monroe,Statewide Contract,PennDOT / COSTARS,combined,delivered,USD/short ton,,81.02,,,4600016537,price_only,price_only,printed,PA_live_2025-2026_sodium_chloride_road_salt_season_contract.pdf,8,https://www.pa.gov/content/dam/copapwp-pagov/en/dgs/documents/documents/costars/2025-2026%20sodium%20chloride%20%28road%20salt%29%20season%20contract.pdf,e507acd5841727336a532450c04941eedaff6f6797e283064853e3c7b79bb9d9,2026-09-09T13:34:02,,
PA,2025,2024/2025,False,American Rock Salt,Montour,Statewide Contract,PennDOT / COSTARS,combined,delivered,USD/short ton,,84.44,,,4600016537,price_only,price_only,printed,PA_live_2025-2026_sodium_chloride_road_salt_season_contract.pdf,8,https://www.pa.gov/content/dam/copapwp-pagov/en/dgs/documents/documents/costars/2025-2026%20sodium%20chloride%20%28road%20salt%29%20season%20contract.pdf,e507acd5841727336a532450c04941eedaff6f6797e283064853e3c7b79bb9d9,2026-09-09T13:34:02,,
PA,2025,2024/2025,False,American Rock Salt,Northampton,Statewide Contract,PennDOT / COSTARS,combined,delivered,USD/short ton,,81.4,,,4600016537,price_only,price_only,printed,PA_live_2025-2026_sodium_chloride_road_salt_season_contract.pdf,8,https://www.pa.gov/content/dam/copapwp-pagov/en/dgs/documents/documents/costars/2025-2026%20sodium%20chloride%20%28road%20salt%29%20season%20contract.pdf,e507acd5841727336a532450c04941eedaff6f6797e283064853e3c7b79bb9d9,2026-09-09T13:34:02,,
PA,2025,2024/2025,False,American Rock Salt,Northumberland,Statewide Contract,PennDOT / COSTARS,combined,delivered,USD/short ton,,91.05,,,4600016537,price_only,price_only,printed,PA_live_2025-2026_sodium_chloride_road_salt_season_contract.pdf,8,https://www.pa.gov/content/dam/copapwp-pagov/en/dgs/documents/documents/costars/2025-2026%20sodium%20chloride%20%28road%20salt%29%20season%20contract.pdf,e507acd5841727336a532450c04941eedaff6f6797e283064853e3c7b79bb9d9,2026-09-09T13:34:02,,
PA,2025,2024/2025,False,American Rock Salt,Perry,Statewide Contract,PennDOT / COSTARS,combined,delivered,USD/short ton,,99.03,,,4600016537,price_only,price_only,printed,PA_live_2025-2026_sodium_chloride_road_salt_season_contract.pdf,8,https://www.pa.gov/content/dam/copapwp-pagov/en/dgs/documents/documents/costars/2025-2026%20sodium%20chloride%20%28road%20salt%29%20season%20contract.pdf,e507acd5841727336a532450c04941eedaff6f6797e283064853e3c7b79bb9d9,2026-09-09T13:34:02,,
PA,2025,2024/2025,False,American Rock Salt,Schuylkill,Statewide Contract,PennDOT / COSTARS,combined,delivered,USD/short ton,,86.96,,,4600016537,price_only,price_only,printed,PA_live_2025-2026_sodium_chloride_road_salt_season_contract.pdf,8,https://www.pa.gov/content/dam/copapwp-pagov/en/dgs/documents/documents/costars/2025-2026%20sodium%20chloride%20%28road%20salt%29%20season%20contract.pdf,e507acd5841727336a532450c04941eedaff6f6797e283064853e3c7b79bb9d9,2026-09-09T13:34:02,,
PA,2025,2024/2025,False,American Rock Salt,Snyder,Statewide Contract,PennDOT / COSTARS,combined,delivered,USD/short ton,,95.14,,,4600016537,price_only,price_only,printed,PA_live_2025-2026_sodium_chloride_road_salt_season_contract.pdf,8,https://www.pa.gov/content/dam/copapwp-pagov/en/dgs/documents/documents/costars/2025-2026%20sodium%20chloride%20%28road%20salt%29%20season%20contract.pdf,e507acd5841727336a532450c04941eedaff6f6797e283064853e3c7b79bb9d9,2026-09-09T13:34:02,,
PA,2025,2024/2025,False,American Rock Salt,Somerset,Statewide Contract,PennDOT / COSTARS,combined,delivered,USD/short ton,,93.41,,,4600016537,price_only,price_only,printed,PA_live_2025-2026_sodium_chloride_road_salt_season_contract.pdf,8,https://www.pa.gov/content/dam/copapwp-pagov/en/dgs/documents/documents/costars/2025-2026%20sodium%20chloride%20%28road%20salt%29%20season%20contract.pdf,e507acd5841727336a532450c04941eedaff6f6797e283064853e3c7b79bb9d9,2026-09-09T13:34:02,,
PA,2025,2024/2025,False,American Rock Salt,Sullivan,Statewide Contract,PennDOT / COSTARS,combined,delivered,USD/short ton,,76.91,,,4600016537,price_only,price_only,printed,PA_live_2025-2026_sodium_chloride_road_salt_season_contract.pdf,8,https://www.pa.gov/content/dam/copapwp-pagov/en/dgs/documents/documents/costars/2025-2026%20sodium%20chloride%20%28road%20salt%29%20season%20contract.pdf,e507acd5841727336a532450c04941eedaff6f6797e283064853e3c7b79bb9d9,2026-09-09T13:34:02,,
PA,2025,2024/2025,False,American Rock Salt,Union,Statewide Contract,PennDOT / COSTARS,combined,delivered,USD/short ton,,83.16,,,4600016537,price_only,price_only,printed,PA_live_2025-2026_sodium_chloride_road_salt_season_contract.pdf,8,https://www.pa.gov/content/dam/copapwp-pagov/en/dgs/documents/documents/costars/2025-2026%20sodium%20chloride%20%28road%20salt%29%20season%20contract.pdf,e507acd5841727336a532450c04941eedaff6f6797e283064853e3c7b79bb9d9,2026-09-09T13:34:02,,
PA,2025,2024/2025,False,American Rock Salt,Washington,Statewide Contract,PennDOT / COSTARS,combined,delivered,USD/short ton,,86.75,,,4600016537,price_only,price_only,printed,PA_live_2025-2026_sodium_chloride_road_salt_season_contract.pdf,8,https://www.pa.gov/content/dam/copapwp-pagov/en/dgs/documents/documents/costars/2025-2026%20sodium%20chloride%20%28road%20salt%29%20season%20contract.pdf,e507acd5841727336a532450c04941eedaff6f6797e283064853e3c7b79bb9d9,2026-09-09T13:34:02,,
PA,2025,2024/2025,False,American Rock Salt,Westmoreland,Statewide Contract,PennDOT / COSTARS,combined,delivered,USD/short ton,,89.13,,,4600016537,price_only,price_only,printed,PA_live_2025-2026_sodium_chloride_road_salt_season_contract.pdf,8,https://www.pa.gov/content/dam/copapwp-pagov/en/dgs/documents/documents/costars/2025-2026%20sodium%20chloride%20%28road%20salt%29%20season%20contract.pdf,e507acd5841727336a532450c04941eedaff6f6797e283064853e3c7b79bb9d9,2026-09-09T13:34:02,,
PA,2025,2024/2025,False,Cargill,Beaver,Statewide Contract,PennDOT / COSTARS,combined,delivered,USD/short ton,,85.32,,,4600016538,price_only,price_only,printed,PA_live_2025-2026_sodium_chloride_road_salt_season_contract.pdf,9,https://www.pa.gov/content/dam/copapwp-pagov/en/dgs/documents/documents/costars/2025-2026%20sodium%20chloride%20%28road%20salt%29%20season%20contract.pdf,e507acd5841727336a532450c04941eedaff6f6797e283064853e3c7b79bb9d9,2026-09-09T13:34:02,,
PA,2025,2024/2025,False,Cargill,Bucks,Statewide Contract,PennDOT / COSTARS,combined,delivered,USD/short ton,,77.58,,,4600016538,price_only,price_only,printed,PA_live_2025-2026_sodium_chloride_road_salt_season_contract.pdf,9,https://www.pa.gov/content/dam/copapwp-pagov/en/dgs/documents/documents/costars/2025-2026%20sodium%20chloride%20%28road%20salt%29%20season%20contract.pdf,e507acd5841727336a532450c04941eedaff6f6797e283064853e3c7b79bb9d9,2026-09-09T13:34:02,,
PA,2025,2024/2025,False,Cargill,Cameron,Statewide Contract,PennDOT / COSTARS,combined,delivered,USD/short ton,,89.54,,,4600016538,price_only,price_only,printed,PA_live_2025-2026_sodium_chloride_road_salt_season_contract.pdf,9,https://www.pa.gov/content/dam/copapwp-pagov/en/dgs/documents/documents/costars/2025-2026%20sodium%20chloride%20%28road%20salt%29%20season%20contract.pdf,e507acd5841727336a532450c04941eedaff6f6797e283064853e3c7b79bb9d9,2026-09-09T13:34:02,,
PA,2025,2024/2025,False,Cargill,Carbon,Statewide Contract,PennDOT / COSTARS,combined,delivered,USD/short ton,,91.68,,,4600016538,price_only,price_only,printed,PA_live_2025-2026_sodium_chloride_road_salt_season_contract.pdf,9,https://www.pa.gov/content/dam/copapwp-pagov/en/dgs/documents/documents/costars/2025-2026%20sodium%20chloride%20%28road%20salt%29%20season%20contract.pdf,e507acd5841727336a532450c04941eedaff6f6797e283064853e3c7b79bb9d9,2026-09-09T13:34:02,,
PA,2025,2024/2025,False,Cargill,Columbia,Statewide Contract,PennDOT / COSTARS,combined,delivered,USD/short ton,,80.9,,,4600016538,price_only,price_only,printed,PA_live_2025-2026_sodium_chloride_road_salt_season_contract.pdf,9,https://www.pa.gov/content/dam/copapwp-pagov/en/dgs/documents/documents/costars/2025-2026%20sodium%20chloride%20%28road%20salt%29%20season%20contract.pdf,e507acd5841727336a532450c04941eedaff6f6797e283064853e3c7b79bb9d9,2026-09-09T13:34:02,,
PA,2025,2024/2025,False,Cargill,Franklin,Statewide Contract,PennDOT / COSTARS,combined,delivered,USD/short ton,,95.43,,,4600016538,price_only,price_only,printed,PA_live_2025-2026_sodium_chloride_road_salt_season_contract.pdf,9,https://www.pa.gov/content/dam/copapwp-pagov/en/dgs/documents/documents/costars/2025-2026%20sodium%20chloride%20%28road%20salt%29%20season%20contract.pdf,e507acd5841727336a532450c04941eedaff6f6797e283064853e3c7b79bb9d9,2026-09-09T13:34:02,,
PA,2025,2024/2025,False,Cargill,Huntingdon,Statewide Contract,PennDOT / COSTARS,combined,delivered,USD/short ton,,97.61,,,4600016538,price_only,price_only,printed,PA_live_2025-2026_sodium_chloride_road_salt_season_contract.pdf,9,https://www.pa.gov/content/dam/copapwp-pagov/en/dgs/documents/documents/costars/2025-2026%20sodium%20chloride%20%28road%20salt%29%20season%20contract.pdf,e507acd5841727336a532450c04941eedaff6f6797e283064853e3c7b79bb9d9,2026-09-09T13:34:02,,
PA,2025,2024/2025,False,Cargill,Lawrence,Statewide Contract,PennDOT / COSTARS,combined,delivered,USD/short ton,,76.51,,,4600016538,price_only,price_only,printed,PA_live_2025-2026_sodium_chloride_road_salt_season_contract.pdf,9,https://www.pa.gov/content/dam/copapwp-pagov/en/dgs/documents/documents/costars/2025-2026%20sodium%20chloride%20%28road%20salt%29%20season%20contract.pdf,e507acd5841727336a532450c04941eedaff6f6797e283064853e3c7b79bb9d9,2026-09-09T13:34:02,,
PA,2025,2024/2025,False,Cargill,Luzerne,Statewide Contract,PennDOT / COSTARS,combined,delivered,USD/short ton,,86.38,,,4600016538,price_only,price_only,printed,PA_live_2025-2026_sodium_chloride_road_salt_season_contract.pdf,9,https://www.pa.gov/content/dam/copapwp-pagov/en/dgs/documents/documents/costars/2025-2026%20sodium%20chloride%20%28road%20salt%29%20season%20contract.pdf,e507acd5841727336a532450c04941eedaff6f6797e283064853e3c7b79bb9d9,2026-09-09T13:34:02,,
PA,2025,2024/2025,False,Cargill,Lycoming,Statewide Contract,PennDOT / COSTARS,combined,delivered,USD/short ton,,74.75,,,4600016538,price_only,price_only,printed,PA_live_2025-2026_sodium_chloride_road_salt_season_contract.pdf,9,https://www.pa.gov/content/dam/copapwp-pagov/en/dgs/documents/documents/costars/2025-2026%20sodium%20chloride%20%28road%20salt%29%20season%20contract.pdf,e507acd5841727336a532450c04941eedaff6f6797e283064853e3c7b79bb9d9,2026-09-09T13:34:02,,
PA,2025,2024/2025,False,Cargill,Montgomery,Statewide Contract,PennDOT / COSTARS,combined,delivered,USD/short ton,,77.06,,,4600016538,price_only,price_only,printed,PA_live_2025-2026_sodium_chloride_road_salt_season_contract.pdf,9,https://www.pa.gov/content/dam/copapwp-pagov/en/dgs/documents/documents/costars/2025-2026%20sodium%20chloride%20%28road%20salt%29%20season%20contract.pdf,e507acd5841727336a532450c04941eedaff6f6797e283064853e3c7b79bb9d9,2026-09-09T13:34:02,,
PA,2025,2024/2025,False,Cargill,Pike,Statewide Contract,PennDOT / COSTARS,combined,delivered,USD/short ton,,90.5,,,4600016538,price_only,price_only,printed,PA_live_2025-2026_sodium_chloride_road_salt_season_contract.pdf,9,https://www.pa.gov/content/dam/copapwp-pagov/en/dgs/documents/documents/costars/2025-2026%20sodium%20chloride%20%28road%20salt%29%20season%20contract.pdf,e507acd5841727336a532450c04941eedaff6f6797e283064853e3c7b79bb9d9,2026-09-09T13:34:02,,
PA,2025,2024/2025,False,Cargill,Potter,Statewide Contract,PennDOT / COSTARS,combined,delivered,USD/short ton,,74.95,,,4600016538,price_only,price_only,printed,PA_live_2025-2026_sodium_chloride_road_salt_season_contract.pdf,9,https://www.pa.gov/content/dam/copapwp-pagov/en/dgs/documents/documents/costars/2025-2026%20sodium%20chloride%20%28road%20salt%29%20season%20contract.pdf,e507acd5841727336a532450c04941eedaff6f6797e283064853e3c7b79bb9d9,2026-09-09T13:34:02,,
PA,2025,2024/2025,False,Cargill,Susquehanna,Statewide Contract,PennDOT / COSTARS,combined,delivered,USD/short ton,,67.17,,,4600016538,price_only,price_only,printed,PA_live_2025-2026_sodium_chloride_road_salt_season_contract.pdf,9,https://www.pa.gov/content/dam/copapwp-pagov/en/dgs/documents/documents/costars/2025-2026%20sodium%20chloride%20%28road%20salt%29%20season%20contract.pdf,e507acd5841727336a532450c04941eedaff6f6797e283064853e3c7b79bb9d9,2026-09-09T13:34:02,,
PA,2025,2024/2025,False,Cargill,Tioga,Statewide Contract,PennDOT / COSTARS,combined,delivered,USD/short ton,,66.1,,,4600016538,price_only,price_only,printed,PA_live_2025-2026_sodium_chloride_road_salt_season_contract.pdf,9,https://www.pa.gov/content/dam/copapwp-pagov/en/dgs/documents/documents/costars/2025-2026%20sodium%20chloride%20%28road%20salt%29%20season%20contract.pdf,e507acd5841727336a532450c04941eedaff6f6797e283064853e3c7b79bb9d9,2026-09-09T13:34:02,,
PA,2025,2024/2025,False,Cargill,Wayne,Statewide Contract,PennDOT / COSTARS,combined,delivered,USD/short ton,,80.51,,,4600016538,price_only,price_only,printed,PA_live_2025-2026_sodium_chloride_road_salt_season_contract.pdf,9,https://www.pa.gov/content/dam/copapwp-pagov/en/dgs/documents/documents/costars/2025-2026%20sodium%20chloride%20%28road%20salt%29%20season%20contract.pdf,e507acd5841727336a532450c04941eedaff6f6797e283064853e3c7b79bb9d9,2026-09-09T13:34:02,,
PA,2025,2024/2025,False,Cargill,Wyoming,Statewide Contract,PennDOT / COSTARS,combined,delivered,USD/short ton,,77.79,,,4600016538,price_only,price_only,printed,PA_live_2025-2026_sodium_chloride_road_salt_season_contract.pdf,9,https://www.pa.gov/content/dam/copapwp-pagov/en/dgs/documents/documents/costars/2025-2026%20sodium%20chloride%20%28road%20salt%29%20season%20contract.pdf,e507acd5841727336a532450c04941eedaff6f6797e283064853e3c7b79bb9d9,2026-09-09T13:34:02,,
PA,2025,2024/2025,False,Compass Minerals,Butler,Statewide Contract,PennDOT / COSTARS,combined,delivered,USD/short ton,,90.07,,,4600016540,price_only,price_only,printed,PA_live_2025-2026_sodium_chloride_road_salt_season_contract.pdf,9,https://www.pa.gov/content/dam/copapwp-pagov/en/dgs/documents/documents/costars/2025-2026%20sodium%20chloride%20%28road%20salt%29%20season%20contract.pdf,e507acd5841727336a532450c04941eedaff6f6797e283064853e3c7b79bb9d9,2026-09-09T13:34:02,,
PA,2025,2024/2025,False,Compass Minerals,Crawford,Statewide Contract,PennDOT / COSTARS,combined,delivered,USD/short ton,,65.35,,,4600016540,price_only,price_only,printed,PA_live_2025-2026_sodium_chloride_road_salt_season_contract.pdf,9,https://www.pa.gov/content/dam/copapwp-pagov/en/dgs/documents/documents/costars/2025-2026%20sodium%20chloride%20%28road%20salt%29%20season%20contract.pdf,e507acd5841727336a532450c04941eedaff6f6797e283064853e3c7b79bb9d9,2026-09-09T13:34:02,,
PA,2025,2024/2025,False,Compass Minerals,Erie,Statewide Contract,PennDOT / COSTARS,combined,delivered,USD/short ton,,56.78,,,4600016540,price_only,price_only,printed,PA_live_2025-2026_sodium_chloride_road_salt_season_contract.pdf,9,https://www.pa.gov/content/dam/copapwp-pagov/en/dgs/documents/documents/costars/2025-2026%20sodium%20chloride%20%28road%20salt%29%20season%20contract.pdf,e507acd5841727336a532450c04941eedaff6f6797e283064853e3c7b79bb9d9,2026-09-09T13:34:02,,
PA,2025,2024/2025,False,Compass Minerals,Mercer,Statewide Contract,PennDOT / COSTARS,combined,delivered,USD/short ton,,66.82,,,4600016540,price_only,price_only,printed,PA_live_2025-2026_sodium_chloride_road_salt_season_contract.pdf,9,https://www.pa.gov/content/dam/copapwp-pagov/en/dgs/documents/documents/costars/2025-2026%20sodium%20chloride%20%28road%20salt%29%20season%20contract.pdf,e507acd5841727336a532450c04941eedaff6f6797e283064853e3c7b79bb9d9,2026-09-09T13:34:02,,
PA,2025,2024/2025,False,Compass Minerals,Venango,Statewide Contract,PennDOT / COSTARS,combined,delivered,USD/short ton,,70.69,,,4600016540,price_only,price_only,printed,PA_live_2025-2026_sodium_chloride_road_salt_season_contract.pdf,9,https://www.pa.gov/content/dam/copapwp-pagov/en/dgs/documents/documents/costars/2025-2026%20sodium%20chloride%20%28road%20salt%29%20season%20contract.pdf,e507acd5841727336a532450c04941eedaff6f6797e283064853e3c7b79bb9d9,2026-09-09T13:34:02,,
PA,2025,2024/2025,False,Compass Minerals,Warren,Statewide Contract,PennDOT / COSTARS,combined,delivered,USD/short ton,,71.75,,,4600016540,price_only,price_only,printed,PA_live_2025-2026_sodium_chloride_road_salt_season_contract.pdf,9,https://www.pa.gov/content/dam/copapwp-pagov/en/dgs/documents/documents/costars/2025-2026%20sodium%20chloride%20%28road%20salt%29%20season%20contract.pdf,e507acd5841727336a532450c04941eedaff6f6797e283064853e3c7b79bb9d9,2026-09-09T13:34:02,,
PA,2025,2024/2025,False,Eastern Salt,Delaware,Statewide Contract,PennDOT / COSTARS,combined,delivered,USD/short ton,,73.49,,,4600016542,price_only,price_only,printed,PA_live_2025-2026_sodium_chloride_road_salt_season_contract.pdf,9,https://www.pa.gov/content/dam/copapwp-pagov/en/dgs/documents/documents/costars/2025-2026%20sodium%20chloride%20%28road%20salt%29%20season%20contract.pdf,e507acd5841727336a532450c04941eedaff6f6797e283064853e3c7b79bb9d9,2026-09-09T13:34:02,,
PA,2025,2024/2025,False,Eastern Salt,York,Statewide Contract,PennDOT / COSTARS,combined,delivered,USD/short ton,,89.38,,,4600016542,price_only,price_only,printed,PA_live_2025-2026_sodium_chloride_road_salt_season_contract.pdf,9,https://www.pa.gov/content/dam/copapwp-pagov/en/dgs/documents/documents/costars/2025-2026%20sodium%20chloride%20%28road%20salt%29%20season%20contract.pdf,e507acd5841727336a532450c04941eedaff6f6797e283064853e3c7b79bb9d9,2026-09-09T13:34:02,,
PA,2025,2024/2025,False,Morton Salt,Adams,Statewide Contract,PennDOT / COSTARS,combined,delivered,USD/short ton,,86.96,,,4600016539,price_only,price_only,printed,PA_live_2025-2026_sodium_chloride_road_salt_season_contract.pdf,9,https://www.pa.gov/content/dam/copapwp-pagov/en/dgs/documents/documents/costars/2025-2026%20sodium%20chloride%20%28road%20salt%29%20season%20contract.pdf,e507acd5841727336a532450c04941eedaff6f6797e283064853e3c7b79bb9d9,2026-09-09T13:34:02,,
PA,2025,2024/2025,False,Morton Salt,Clarion,Statewide Contract,PennDOT / COSTARS,combined,delivered,USD/short ton,,78.62,,,4600016539,price_only,price_only,printed,PA_live_2025-2026_sodium_chloride_road_salt_season_contract.pdf,9,https://www.pa.gov/content/dam/copapwp-pagov/en/dgs/documents/documents/costars/2025-2026%20sodium%20chloride%20%28road%20salt%29%20season%20contract.pdf,e507acd5841727336a532450c04941eedaff6f6797e283064853e3c7b79bb9d9,2026-09-09T13:34:02,,
PA,2025,2024/2025,False,Morton Salt,Cumberland,Statewide Contract,PennDOT / COSTARS,combined,delivered,USD/short ton,,90.46,,,4600016539,price_only,price_only,printed,PA_live_2025-2026_sodium_chloride_road_salt_season_contract.pdf,9,https://www.pa.gov/content/dam/copapwp-pagov/en/dgs/documents/documents/costars/2025-2026%20sodium%20chloride%20%28road%20salt%29%20season%20contract.pdf,e507acd5841727336a532450c04941eedaff6f6797e283064853e3c7b79bb9d9,2026-09-09T13:34:02,,
PA,2025,2024/2025,False,Morton Salt,Philadelphia,Statewide Contract,PennDOT / COSTARS,combined,delivered,USD/short ton,,80.64,,,4600016539,price_only,price_only,printed,PA_live_2025-2026_sodium_chloride_road_salt_season_contract.pdf,9,https://www.pa.gov/content/dam/copapwp-pagov/en/dgs/documents/documents/costars/2025-2026%20sodium%20chloride%20%28road%20salt%29%20season%20contract.pdf,e507acd5841727336a532450c04941eedaff6f6797e283064853e3c7b79bb9d9,2026-09-09T13:34:02,,
PA,2026,2025/2026,False,American Rock Salt,Allegheny,Statewide Contract,PennDOT / COSTARS,combined,delivered,USD/short ton,99740.0,91.44,9120225.6,,4600016537,award,price+volume,printed,PA_live_2025-2026_sodium_chloride_road_salt_season_contract.pdf,5,https://www.pa.gov/content/dam/copapwp-pagov/en/dgs/documents/documents/costars/2025-2026%20sodium%20chloride%20%28road%20salt%29%20season%20contract.pdf,e507acd5841727336a532450c04941eedaff6f6797e283064853e3c7b79bb9d9,2026-09-09T13:34:02,,
PA,2026,2025/2026,False,American Rock Salt,Armstrong,Statewide Contract,PennDOT / COSTARS,combined,delivered,USD/short ton,9834.0,92.0,904728.0,,4600016537,award,price+volume,printed,PA_live_2025-2026_sodium_chloride_road_salt_season_contract.pdf,5,https://www.pa.gov/content/dam/copapwp-pagov/en/dgs/documents/documents/costars/2025-2026%20sodium%20chloride%20%28road%20salt%29%20season%20contract.pdf,e507acd5841727336a532450c04941eedaff6f6797e283064853e3c7b79bb9d9,2026-09-09T13:34:02,,
PA,2026,2025/2026,False,American Rock Salt,Bedford,Statewide Contract,PennDOT / COSTARS,combined,delivered,USD/short ton,9684.0,105.22,1018950.48,,4600016537,award,price+volume,printed,PA_live_2025-2026_sodium_chloride_road_salt_season_contract.pdf,5,https://www.pa.gov/content/dam/copapwp-pagov/en/dgs/documents/documents/costars/2025-2026%20sodium%20chloride%20%28road%20salt%29%20season%20contract.pdf,e507acd5841727336a532450c04941eedaff6f6797e283064853e3c7b79bb9d9,2026-09-09T13:34:02,,
PA,2026,2025/2026,False,American Rock Salt,Berks,Statewide Contract,PennDOT / COSTARS,combined,delivered,USD/short ton,29362.0,80.16,2353657.92,,4600016537,award,price+volume,printed,PA_live_2025-2026_sodium_chloride_road_salt_season_contract.pdf,5,https://www.pa.gov/content/dam/copapwp-pagov/en/dgs/documents/documents/costars/2025-2026%20sodium%20chloride%20%28road%20salt%29%20season%20contract.pdf,e507acd5841727336a532450c04941eedaff6f6797e283064853e3c7b79bb9d9,2026-09-09T13:34:02,,
PA,2026,2025/2026,False,American Rock Salt,Blair,Statewide Contract,PennDOT / COSTARS,combined,delivered,USD/short ton,16900.0,94.69,1600261.0,,4600016537,award,price+volume,printed,PA_live_2025-2026_sodium_chloride_road_salt_season_contract.pdf,5,https://www.pa.gov/content/dam/copapwp-pagov/en/dgs/documents/documents/costars/2025-2026%20sodium%20chloride%20%28road%20salt%29%20season%20contract.pdf,e507acd5841727336a532450c04941eedaff6f6797e283064853e3c7b79bb9d9,2026-09-09T13:34:02,,
PA,2026,2025/2026,False,American Rock Salt,Bradford,Statewide Contract,PennDOT / COSTARS,combined,delivered,USD/short ton,13482.0,77.95,1050921.9000000001,,4600016537,award,price+volume,printed,PA_live_2025-2026_sodium_chloride_road_salt_season_contract.pdf,5,https://www.pa.gov/content/dam/copapwp-pagov/en/dgs/documents/documents/costars/2025-2026%20sodium%20chloride%20%28road%20salt%29%20season%20contract.pdf,e507acd5841727336a532450c04941eedaff6f6797e283064853e3c7b79bb9d9,2026-09-09T13:34:02,,
PA,2026,2025/2026,False,American Rock Salt,Cambria,Statewide Contract,PennDOT / COSTARS,combined,delivered,USD/short ton,32163.0,99.18,3189926.3400000003,,4600016537,award,price+volume,printed,PA_live_2025-2026_sodium_chloride_road_salt_season_contract.pdf,5,https://www.pa.gov/content/dam/copapwp-pagov/en/dgs/documents/documents/costars/2025-2026%20sodium%20chloride%20%28road%20salt%29%20season%20contract.pdf,e507acd5841727336a532450c04941eedaff6f6797e283064853e3c7b79bb9d9,2026-09-09T13:34:02,,
PA,2026,2025/2026,False,American Rock Salt,Centre,Statewide Contract,PennDOT / COSTARS,combined,delivered,USD/short ton,17857.0,99.17,1770878.69,,4600016537,award,price+volume,printed,PA_live_2025-2026_sodium_chloride_road_salt_season_contract.pdf,5,https://www.pa.gov/content/dam/copapwp-pagov/en/dgs/documents/documents/costars/2025-2026%20sodium%20chloride%20%28road%20salt%29%20season%20contract.pdf,e507acd5841727336a532450c04941eedaff6f6797e283064853e3c7b79bb9d9,2026-09-09T13:34:02,,
PA,2026,2025/2026,False,American Rock Salt,Chester,Statewide Contract,PennDOT / COSTARS,combined,delivered,USD/short ton,22258.0,84.69,1885030.02,,4600016537,award,price+volume,printed,PA_live_2025-2026_sodium_chloride_road_salt_season_contract.pdf,5,https://www.pa.gov/content/dam/copapwp-pagov/en/dgs/documents/documents/costars/2025-2026%20sodium%20chloride%20%28road%20salt%29%20season%20contract.pdf,e507acd5841727336a532450c04941eedaff6f6797e283064853e3c7b79bb9d9,2026-09-09T13:34:02,,
PA,2026,2025/2026,False,American Rock Salt,Clearfield,Statewide Contract,PennDOT / COSTARS,combined,delivered,USD/short ton,13616.0,93.01,1266424.1600000001,,4600016537,award,price+volume,printed,PA_live_2025-2026_sodium_chloride_road_salt_season_contract.pdf,5,https://www.pa.gov/content/dam/copapwp-pagov/en/dgs/documents/documents/costars/2025-2026%20sodium%20chloride%20%28road%20salt%29%20season%20contract.pdf,e507acd5841727336a532450c04941eedaff6f6797e283064853e3c7b79bb9d9,2026-09-09T13:34:02,,
PA,2026,2025/2026,False,American Rock Salt,Clinton,Statewide Contract,PennDOT / COSTARS,combined,delivered,USD/short ton,7423.0,97.93,726934.39,,4600016537,award,price+volume,printed,PA_live_2025-2026_sodium_chloride_road_salt_season_contract.pdf,5,https://www.pa.gov/content/dam/copapwp-pagov/en/dgs/documents/documents/costars/2025-2026%20sodium%20chloride%20%28road%20salt%29%20season%20contract.pdf,e507acd5841727336a532450c04941eedaff6f6797e283064853e3c7b79bb9d9,2026-09-09T13:34:02,,
PA,2026,2025/2026,False,American Rock Salt,Dauphin,Statewide Contract,PennDOT / COSTARS,combined,delivered,USD/short ton,16246.0,94.57,1536384.22,,4600016537,award,price+volume,printed,PA_live_2025-2026_sodium_chloride_road_salt_season_contract.pdf,5,https://www.pa.gov/content/dam/copapwp-pagov/en/dgs/documents/documents/costars/2025-2026%20sodium%20chloride%20%28road%20salt%29%20season%20contract.pdf,e507acd5841727336a532450c04941eedaff6f6797e283064853e3c7b79bb9d9,2026-09-09T13:34:02,,
PA,2026,2025/2026,False,American Rock Salt,Elk,Statewide Contract,PennDOT / COSTARS,combined,delivered,USD/short ton,5590.0,98.4,550056.0,,4600016537,award,price+volume,printed,PA_live_2025-2026_sodium_chloride_road_salt_season_contract.pdf,5,https://www.pa.gov/content/dam/copapwp-pagov/en/dgs/documents/documents/costars/2025-2026%20sodium%20chloride%20%28road%20salt%29%20season%20contract.pdf,e507acd5841727336a532450c04941eedaff6f6797e283064853e3c7b79bb9d9,2026-09-09T13:34:02,,
PA,2026,2025/2026,False,American Rock Salt,Fayette,Statewide Contract,PennDOT / COSTARS,combined,delivered,USD/short ton,20937.0,89.04,1864230.4800000002,,4600016537,award,price+volume,printed,PA_live_2025-2026_sodium_chloride_road_salt_season_contract.pdf,5,https://www.pa.gov/content/dam/copapwp-pagov/en/dgs/documents/documents/costars/2025-2026%20sodium%20chloride%20%28road%20salt%29%20season%20contract.pdf,e507acd5841727336a532450c04941eedaff6f6797e283064853e3c7b79bb9d9,2026-09-09T13:34:02,,
PA,2026,2025/2026,False,American Rock Salt,Forest,Statewide Contract,PennDOT / COSTARS,combined,delivered,USD/short ton,1059.0,84.33,89305.47,,4600016537,award,price+volume,printed,PA_live_2025-2026_sodium_chloride_road_salt_season_contract.pdf,5,https://www.pa.gov/content/dam/copapwp-pagov/en/dgs/documents/documents/costars/2025-2026%20sodium%20chloride%20%28road%20salt%29%20season%20contract.pdf,e507acd5841727336a532450c04941eedaff6f6797e283064853e3c7b79bb9d9,2026-09-09T13:34:02,,
PA,2026,2025/2026,False,American Rock Salt,Fulton,Statewide Contract,PennDOT / COSTARS,combined,delivered,USD/short ton,4994.0,104.35,521123.89999999997,,4600016537,award,price+volume,printed,PA_live_2025-2026_sodium_chloride_road_salt_season_contract.pdf,5,https://www.pa.gov/content/dam/copapwp-pagov/en/dgs/documents/documents/costars/2025-2026%20sodium%20chloride%20%28road%20salt%29%20season%20contract.pdf,e507acd5841727336a532450c04941eedaff6f6797e283064853e3c7b79bb9d9,2026-09-09T13:34:02,,
PA,2026,2025/2026,False,American Rock Salt,Greene,Statewide Contract,PennDOT / COSTARS,combined,delivered,USD/short ton,8114.0,96.14,780079.96,,4600016537,award,price+volume,printed,PA_live_2025-2026_sodium_chloride_road_salt_season_contract.pdf,5,https://www.pa.gov/content/dam/copapwp-pagov/en/dgs/documents/documents/costars/2025-2026%20sodium%20chloride%20%28road%20salt%29%20season%20contract.pdf,e507acd5841727336a532450c04941eedaff6f6797e283064853e3c7b79bb9d9,2026-09-09T13:34:02,,
PA,2026,2025/2026,False,American Rock Salt,Indiana,Statewide Contract,PennDOT / COSTARS,combined,delivered,USD/short ton,17585.0,93.99,1652814.15,,4600016537,award,price+volume,printed,PA_live_2025-2026_sodium_chloride_road_salt_season_contract.pdf,5,https://www.pa.gov/content/dam/copapwp-pagov/en/dgs/documents/documents/costars/2025-2026%20sodium%20chloride%20%28road%20salt%29%20season%20contract.pdf,e507acd5841727336a532450c04941eedaff6f6797e283064853e3c7b79bb9d9,2026-09-09T13:34:02,,
PA,2026,2025/2026,False,American Rock Salt,Jefferson,Statewide Contract,PennDOT / COSTARS,combined,delivered,USD/short ton,10333.0,82.22,849579.26,,4600016537,award,price+volume,printed,PA_live_2025-2026_sodium_chloride_road_salt_season_contract.pdf,5,https://www.pa.gov/content/dam/copapwp-pagov/en/dgs/documents/documents/costars/2025-2026%20sodium%20chloride%20%28road%20salt%29%20season%20contract.pdf,e507acd5841727336a532450c04941eedaff6f6797e283064853e3c7b79bb9d9,2026-09-09T13:34:02,,
PA,2026,2025/2026,False,American Rock Salt,Juniata,Statewide Contract,PennDOT / COSTARS,combined,delivered,USD/short ton,2241.0,102.65,230038.65000000002,,4600016537,award,price+volume,printed,PA_live_2025-2026_sodium_chloride_road_salt_season_contract.pdf,5,https://www.pa.gov/content/dam/copapwp-pagov/en/dgs/documents/documents/costars/2025-2026%20sodium%20chloride%20%28road%20salt%29%20season%20contract.pdf,e507acd5841727336a532450c04941eedaff6f6797e283064853e3c7b79bb9d9,2026-09-09T13:34:02,,
PA,2026,2025/2026,False,American Rock Salt,Lackawanna,Statewide Contract,PennDOT / COSTARS,combined,delivered,USD/short ton,40692.0,86.74,3529624.0799999996,,4600016537,award,price+volume,printed,PA_live_2025-2026_sodium_chloride_road_salt_season_contract.pdf,5,https://www.pa.gov/content/dam/copapwp-pagov/en/dgs/documents/documents/costars/2025-2026%20sodium%20chloride%20%28road%20salt%29%20season%20contract.pdf,e507acd5841727336a532450c04941eedaff6f6797e283064853e3c7b79bb9d9,2026-09-09T13:34:02,,
PA,2026,2025/2026,False,American Rock Salt,Lancaster,Statewide Contract,PennDOT / COSTARS,combined,delivered,USD/short ton,12035.0,83.69,1007209.15,,4600016537,award,price+volume,printed,PA_live_2025-2026_sodium_chloride_road_salt_season_contract.pdf,5,https://www.pa.gov/content/dam/copapwp-pagov/en/dgs/documents/documents/costars/2025-2026%20sodium%20chloride%20%28road%20salt%29%20season%20contract.pdf,e507acd5841727336a532450c04941eedaff6f6797e283064853e3c7b79bb9d9,2026-09-09T13:34:02,,
PA,2026,2025/2026,False,American Rock Salt,Lebanon,Statewide Contract,PennDOT / COSTARS,combined,delivered,USD/short ton,12460.0,92.0,1146320.0,,4600016537,award,price+volume,printed,PA_live_2025-2026_sodium_chloride_road_salt_season_contract.pdf,5,https://www.pa.gov/content/dam/copapwp-pagov/en/dgs/documents/documents/costars/2025-2026%20sodium%20chloride%20%28road%20salt%29%20season%20contract.pdf,e507acd5841727336a532450c04941eedaff6f6797e283064853e3c7b79bb9d9,2026-09-09T13:34:02,,
PA,2026,2025/2026,False,American Rock Salt,Lehigh,Statewide Contract,PennDOT / COSTARS,combined,delivered,USD/short ton,27351.0,90.64,2479094.64,,4600016537,award,price+volume,printed,PA_live_2025-2026_sodium_chloride_road_salt_season_contract.pdf,5,https://www.pa.gov/content/dam/copapwp-pagov/en/dgs/documents/documents/costars/2025-2026%20sodium%20chloride%20%28road%20salt%29%20season%20contract.pdf,e507acd5841727336a532450c04941eedaff6f6797e283064853e3c7b79bb9d9,2026-09-09T13:34:02,,
PA,2026,2025/2026,False,American Rock Salt,Mckean,Statewide Contract,PennDOT / COSTARS,combined,delivered,USD/short ton,10570.0,74.41,786513.7,,4600016537,award,price+volume,printed,PA_live_2025-2026_sodium_chloride_road_salt_season_contract.pdf,5,https://www.pa.gov/content/dam/copapwp-pagov/en/dgs/documents/documents/costars/2025-2026%20sodium%20chloride%20%28road%20salt%29%20season%20contract.pdf,e507acd5841727336a532450c04941eedaff6f6797e283064853e3c7b79bb9d9,2026-09-09T13:34:02,,
PA,2026,2025/2026,False,American Rock Salt,Mifflin,Statewide Contract,PennDOT / COSTARS,combined,delivered,USD/short ton,3632.0,111.1,403515.19999999995,,4600016537,award,price+volume,printed,PA_live_2025-2026_sodium_chloride_road_salt_season_contract.pdf,5,https://www.pa.gov/content/dam/copapwp-pagov/en/dgs/documents/documents/costars/2025-2026%20sodium%20chloride%20%28road%20salt%29%20season%20contract.pdf,e507acd5841727336a532450c04941eedaff6f6797e283064853e3c7b79bb9d9,2026-09-09T13:34:02,,
PA,2026,2025/2026,False,American Rock Salt,Monroe,Statewide Contract,PennDOT / COSTARS,combined,delivered,USD/short ton,23809.0,84.67,2015908.03,,4600016537,award,price+volume,printed,PA_live_2025-2026_sodium_chloride_road_salt_season_contract.pdf,5,https://www.pa.gov/content/dam/copapwp-pagov/en/dgs/documents/documents/costars/2025-2026%20sodium%20chloride%20%28road%20salt%29%20season%20contract.pdf,e507acd5841727336a532450c04941eedaff6f6797e283064853e3c7b79bb9d9,2026-09-09T13:34:02,,
PA,2026,2025/2026,False,American Rock Salt,Montour,Statewide Contract,PennDOT / COSTARS,combined,delivered,USD/short ton,3504.0,88.24,309192.95999999996,,4600016537,award,price+volume,printed,PA_live_2025-2026_sodium_chloride_road_salt_season_contract.pdf,5,https://www.pa.gov/content/dam/copapwp-pagov/en/dgs/documents/documents/costars/2025-2026%20sodium%20chloride%20%28road%20salt%29%20season%20contract.pdf,e507acd5841727336a532450c04941eedaff6f6797e283064853e3c7b79bb9d9,2026-09-09T13:34:02,,
PA,2026,2025/2026,False,American Rock Salt,Northampton,Statewide Contract,PennDOT / COSTARS,combined,delivered,USD/short ton,34594.0,85.06,2942565.64,,4600016537,award,price+volume,printed,PA_live_2025-2026_sodium_chloride_road_salt_season_contract.pdf,5,https://www.pa.gov/content/dam/copapwp-pagov/en/dgs/documents/documents/costars/2025-2026%20sodium%20chloride%20%28road%20salt%29%20season%20contract.pdf,e507acd5841727336a532450c04941eedaff6f6797e283064853e3c7b79bb9d9,2026-09-09T13:34:02,,
PA,2026,2025/2026,False,American Rock Salt,Northumberland,Statewide Contract,PennDOT / COSTARS,combined,delivered,USD/short ton,10799.0,95.15,1027524.8500000001,,4600016537,award,price+volume,printed,PA_live_2025-2026_sodium_chloride_road_salt_season_contract.pdf,5,https://www.pa.gov/content/dam/copapwp-pagov/en/dgs/documents/documents/costars/2025-2026%20sodium%20chloride%20%28road%20salt%29%20season%20contract.pdf,e507acd5841727336a532450c04941eedaff6f6797e283064853e3c7b79bb9d9,2026-09-09T13:34:02,,
PA,2026,2025/2026,False,American Rock Salt,Perry,Statewide Contract,PennDOT / COSTARS,combined,delivered,USD/short ton,5117.0,103.49,529558.33,,4600016537,award,price+volume,printed,PA_live_2025-2026_sodium_chloride_road_salt_season_contract.pdf,5,https://www.pa.gov/content/dam/copapwp-pagov/en/dgs/documents/documents/costars/2025-2026%20sodium%20chloride%20%28road%20salt%29%20season%20contract.pdf,e507acd5841727336a532450c04941eedaff6f6797e283064853e3c7b79bb9d9,2026-09-09T13:34:02,,
PA,2026,2025/2026,False,American Rock Salt,Schuylkill,Statewide Contract,PennDOT / COSTARS,combined,delivered,USD/short ton,24693.0,90.87,2243852.91,,4600016537,award,price+volume,printed,PA_live_2025-2026_sodium_chloride_road_salt_season_contract.pdf,5,https://www.pa.gov/content/dam/copapwp-pagov/en/dgs/documents/documents/costars/2025-2026%20sodium%20chloride%20%28road%20salt%29%20season%20contract.pdf,e507acd5841727336a532450c04941eedaff6f6797e283064853e3c7b79bb9d9,2026-09-09T13:34:02,,
PA,2026,2025/2026,False,American Rock Salt,Snyder,Statewide Contract,PennDOT / COSTARS,combined,delivered,USD/short ton,4534.0,99.42,450770.28,,4600016537,award,price+volume,printed,PA_live_2025-2026_sodium_chloride_road_salt_season_contract.pdf,5,https://www.pa.gov/content/dam/copapwp-pagov/en/dgs/documents/documents/costars/2025-2026%20sodium%20chloride%20%28road%20salt%29%20season%20contract.pdf,e507acd5841727336a532450c04941eedaff6f6797e283064853e3c7b79bb9d9,2026-09-09T13:34:02,,
PA,2026,2025/2026,False,American Rock Salt,Somerset,Statewide Contract,PennDOT / COSTARS,combined,delivered,USD/short ton,24440.0,97.61,2385588.4,,4600016537,award,price+volume,printed,PA_live_2025-2026_sodium_chloride_road_salt_season_contract.pdf,5,https://www.pa.gov/content/dam/copapwp-pagov/en/dgs/documents/documents/costars/2025-2026%20sodium%20chloride%20%28road%20salt%29%20season%20contract.pdf,e507acd5841727336a532450c04941eedaff6f6797e283064853e3c7b79bb9d9,2026-09-09T13:34:02,,
PA,2026,2025/2026,False,American Rock Salt,Sullivan,Statewide Contract,PennDOT / COSTARS,combined,delivered,USD/short ton,3419.0,80.37,274785.03,,4600016537,award,price+volume,printed,PA_live_2025-2026_sodium_chloride_road_salt_season_contract.pdf,5,https://www.pa.gov/content/dam/copapwp-pagov/en/dgs/documents/documents/costars/2025-2026%20sodium%20chloride%20%28road%20salt%29%20season%20contract.pdf,e507acd5841727336a532450c04941eedaff6f6797e283064853e3c7b79bb9d9,2026-09-09T13:34:02,,
PA,2026,2025/2026,False,American Rock Salt,Union,Statewide Contract,PennDOT / COSTARS,combined,delivered,USD/short ton,5120.0,86.9,444928.0,,4600016537,award,price+volume,printed,PA_live_2025-2026_sodium_chloride_road_salt_season_contract.pdf,5,https://www.pa.gov/content/dam/copapwp-pagov/en/dgs/documents/documents/costars/2025-2026%20sodium%20chloride%20%28road%20salt%29%20season%20contract.pdf,e507acd5841727336a532450c04941eedaff6f6797e283064853e3c7b79bb9d9,2026-09-09T13:34:02,,
PA,2026,2025/2026,False,American Rock Salt,Washington,Statewide Contract,PennDOT / COSTARS,combined,delivered,USD/short ton,44250.0,90.65,4011262.5000000005,,4600016537,award,price+volume,printed,PA_live_2025-2026_sodium_chloride_road_salt_season_contract.pdf,5,https://www.pa.gov/content/dam/copapwp-pagov/en/dgs/documents/documents/costars/2025-2026%20sodium%20chloride%20%28road%20salt%29%20season%20contract.pdf,e507acd5841727336a532450c04941eedaff6f6797e283064853e3c7b79bb9d9,2026-09-09T13:34:02,,
PA,2026,2025/2026,False,American Rock Salt,Westmoreland,Statewide Contract,PennDOT / COSTARS,combined,delivered,USD/short ton,,88.13,,,4600016537,price_only,price_only,printed,PA_live_2025-2026_sodium_chloride_road_salt_season_contract.pdf,8,https://www.pa.gov/content/dam/copapwp-pagov/en/dgs/documents/documents/costars/2025-2026%20sodium%20chloride%20%28road%20salt%29%20season%20contract.pdf,e507acd5841727336a532450c04941eedaff6f6797e283064853e3c7b79bb9d9,2026-09-09T13:34:02,,
PA,2026,2025/2026,False,Cargill,Beaver,Statewide Contract,PennDOT / COSTARS,combined,delivered,USD/short ton,21455.0,89.59,1922153.4500000002,,4600016538,award,price+volume,printed,PA_live_2025-2026_sodium_chloride_road_salt_season_contract.pdf,5,https://www.pa.gov/content/dam/copapwp-pagov/en/dgs/documents/documents/costars/2025-2026%20sodium%20chloride%20%28road%20salt%29%20season%20contract.pdf,e507acd5841727336a532450c04941eedaff6f6797e283064853e3c7b79bb9d9,2026-09-09T13:34:02,,
PA,2026,2025/2026,False,Cargill,Bucks,Statewide Contract,PennDOT / COSTARS,combined,delivered,USD/short ton,15703.0,81.46,1279166.38,,4600016538,award,price+volume,printed,PA_live_2025-2026_sodium_chloride_road_salt_season_contract.pdf,5,https://www.pa.gov/content/dam/copapwp-pagov/en/dgs/documents/documents/costars/2025-2026%20sodium%20chloride%20%28road%20salt%29%20season%20contract.pdf,e507acd5841727336a532450c04941eedaff6f6797e283064853e3c7b79bb9d9,2026-09-09T13:34:02,,
PA,2026,2025/2026,False,Cargill,Cameron,Statewide Contract,PennDOT / COSTARS,combined,delivered,USD/short ton,1522.0,94.02,143098.44,,4600016538,award,price+volume,printed,PA_live_2025-2026_sodium_chloride_road_salt_season_contract.pdf,5,https://www.pa.gov/content/dam/copapwp-pagov/en/dgs/documents/documents/costars/2025-2026%20sodium%20chloride%20%28road%20salt%29%20season%20contract.pdf,e507acd5841727336a532450c04941eedaff6f6797e283064853e3c7b79bb9d9,2026-09-09T13:34:02,,
PA,2026,2025/2026,False,Cargill,Carbon,Statewide Contract,PennDOT / COSTARS,combined,delivered,USD/short ton,9946.0,96.26,957401.9600000001,,4600016538,award,price+volume,printed,PA_live_2025-2026_sodium_chloride_road_salt_season_contract.pdf,5,https://www.pa.gov/content/dam/copapwp-pagov/en/dgs/documents/documents/costars/2025-2026%20sodium%20chloride%20%28road%20salt%29%20season%20contract.pdf,e507acd5841727336a532450c04941eedaff6f6797e283064853e3c7b79bb9d9,2026-09-09T13:34:02,,
PA,2026,2025/2026,False,Cargill,Columbia,Statewide Contract,PennDOT / COSTARS,combined,delivered,USD/short ton,9561.0,84.95,812206.9500000001,,4600016538,award,price+volume,printed,PA_live_2025-2026_sodium_chloride_road_salt_season_contract.pdf,5,https://www.pa.gov/content/dam/copapwp-pagov/en/dgs/documents/documents/costars/2025-2026%20sodium%20chloride%20%28road%20salt%29%20season%20contract.pdf,e507acd5841727336a532450c04941eedaff6f6797e283064853e3c7b79bb9d9,2026-09-09T13:34:02,,
PA,2026,2025/2026,False,Cargill,Franklin,Statewide Contract,PennDOT / COSTARS,combined,delivered,USD/short ton,7177.0,100.21,719207.1699999999,,4600016538,award,price+volume,printed,PA_live_2025-2026_sodium_chloride_road_salt_season_contract.pdf,5,https://www.pa.gov/content/dam/copapwp-pagov/en/dgs/documents/documents/costars/2025-2026%20sodium%20chloride%20%28road%20salt%29%20season%20contract.pdf,e507acd5841727336a532450c04941eedaff6f6797e283064853e3c7b79bb9d9,2026-09-09T13:34:02,,
PA,2026,2025/2026,False,Cargill,Huntingdon,Statewide Contract,PennDOT / COSTARS,combined,delivered,USD/short ton,7018.0,102.49,719274.82,,4600016538,award,price+volume,printed,PA_live_2025-2026_sodium_chloride_road_salt_season_contract.pdf,5,https://www.pa.gov/content/dam/copapwp-pagov/en/dgs/documents/documents/costars/2025-2026%20sodium%20chloride%20%28road%20salt%29%20season%20contract.pdf,e507acd5841727336a532450c04941eedaff6f6797e283064853e3c7b79bb9d9,2026-09-09T13:34:02,,
PA,2026,2025/2026,False,Cargill,Lawrence,Statewide Contract,PennDOT / COSTARS,combined,delivered,USD/short ton,19165.0,80.34,1539716.1,,4600016538,award,price+volume,printed,PA_live_2025-2026_sodium_chloride_road_salt_season_contract.pdf,5,https://www.pa.gov/content/dam/copapwp-pagov/en/dgs/documents/documents/costars/2025-2026%20sodium%20chloride%20%28road%20salt%29%20season%20contract.pdf,e507acd5841727336a532450c04941eedaff6f6797e283064853e3c7b79bb9d9,2026-09-09T13:34:02,,
PA,2026,2025/2026,False,Cargill,Luzerne,Statewide Contract,PennDOT / COSTARS,combined,delivered,USD/short ton,57710.0,90.7,5234297.0,,4600016538,award,price+volume,printed,PA_live_2025-2026_sodium_chloride_road_salt_season_contract.pdf,5,https://www.pa.gov/content/dam/copapwp-pagov/en/dgs/documents/documents/costars/2025-2026%20sodium%20chloride%20%28road%20salt%29%20season%20contract.pdf,e507acd5841727336a532450c04941eedaff6f6797e283064853e3c7b79bb9d9,2026-09-09T13:34:02,,
PA,2026,2025/2026,False,Cargill,Lycoming,Statewide Contract,PennDOT / COSTARS,combined,delivered,USD/short ton,16249.0,78.49,1275384.01,,4600016538,award,price+volume,printed,PA_live_2025-2026_sodium_chloride_road_salt_season_contract.pdf,5,https://www.pa.gov/content/dam/copapwp-pagov/en/dgs/documents/documents/costars/2025-2026%20sodium%20chloride%20%28road%20salt%29%20season%20contract.pdf,e507acd5841727336a532450c04941eedaff6f6797e283064853e3c7b79bb9d9,2026-09-09T13:34:02,,
PA,2026,2025/2026,False,Cargill,Montgomery,Statewide Contract,PennDOT / COSTARS,combined,delivered,USD/short ton,27398.0,80.91,2216772.1799999997,,4600016538,award,price+volume,printed,PA_live_2025-2026_sodium_chloride_road_salt_season_contract.pdf,5,https://www.pa.gov/content/dam/copapwp-pagov/en/dgs/documents/documents/costars/2025-2026%20sodium%20chloride%20%28road%20salt%29%20season%20contract.pdf,e507acd5841727336a532450c04941eedaff6f6797e283064853e3c7b79bb9d9,2026-09-09T13:34:02,,
PA,2026,2025/2026,False,Cargill,Pike,Statewide Contract,PennDOT / COSTARS,combined,delivered,USD/short ton,12323.0,95.02,1170931.46,,4600016538,award,price+volume,printed,PA_live_2025-2026_sodium_chloride_road_salt_season_contract.pdf,5,https://www.pa.gov/content/dam/copapwp-pagov/en/dgs/documents/documents/costars/2025-2026%20sodium%20chloride%20%28road%20salt%29%20season%20contract.pdf,e507acd5841727336a532450c04941eedaff6f6797e283064853e3c7b79bb9d9,2026-09-09T13:34:02,,
PA,2026,2025/2026,False,Cargill,Potter,Statewide Contract,PennDOT / COSTARS,combined,delivered,USD/short ton,2539.0,78.7,199819.30000000002,,4600016538,award,price+volume,printed,PA_live_2025-2026_sodium_chloride_road_salt_season_contract.pdf,5,https://www.pa.gov/content/dam/copapwp-pagov/en/dgs/documents/documents/costars/2025-2026%20sodium%20chloride%20%28road%20salt%29%20season%20contract.pdf,e507acd5841727336a532450c04941eedaff6f6797e283064853e3c7b79bb9d9,2026-09-09T13:34:02,,
PA,2026,2025/2026,False,Cargill,Susquehanna,Statewide Contract,PennDOT / COSTARS,combined,delivered,USD/short ton,20673.0,70.53,1458066.69,,4600016538,award,price+volume,printed,PA_live_2025-2026_sodium_chloride_road_salt_season_contract.pdf,5,https://www.pa.gov/content/dam/copapwp-pagov/en/dgs/documents/documents/costars/2025-2026%20sodium%20chloride%20%28road%20salt%29%20season%20contract.pdf,e507acd5841727336a532450c04941eedaff6f6797e283064853e3c7b79bb9d9,2026-09-09T13:34:02,,
PA,2026,2025/2026,False,Cargill,Tioga,Statewide Contract,PennDOT / COSTARS,combined,delivered,USD/short ton,11399.0,69.4,791090.6000000001,,4600016538,award,price+volume,printed,PA_live_2025-2026_sodium_chloride_road_salt_season_contract.pdf,5,https://www.pa.gov/content/dam/copapwp-pagov/en/dgs/documents/documents/costars/2025-2026%20sodium%20chloride%20%28road%20salt%29%20season%20contract.pdf,e507acd5841727336a532450c04941eedaff6f6797e283064853e3c7b79bb9d9,2026-09-09T13:34:02,,
PA,2026,2025/2026,False,Cargill,Wayne,Statewide Contract,PennDOT / COSTARS,combined,delivered,USD/short ton,11538.0,84.54,975422.52,,4600016538,award,price+volume,printed,PA_live_2025-2026_sodium_chloride_road_salt_season_contract.pdf,5,https://www.pa.gov/content/dam/copapwp-pagov/en/dgs/documents/documents/costars/2025-2026%20sodium%20chloride%20%28road%20salt%29%20season%20contract.pdf,e507acd5841727336a532450c04941eedaff6f6797e283064853e3c7b79bb9d9,2026-09-09T13:34:02,,
PA,2026,2025/2026,False,Cargill,Wyoming,Statewide Contract,PennDOT / COSTARS,combined,delivered,USD/short ton,6238.0,81.68,509519.84,,4600016538,award,price+volume,printed,PA_live_2025-2026_sodium_chloride_road_salt_season_contract.pdf,5,https://www.pa.gov/content/dam/copapwp-pagov/en/dgs/documents/documents/costars/2025-2026%20sodium%20chloride%20%28road%20salt%29%20season%20contract.pdf,e507acd5841727336a532450c04941eedaff6f6797e283064853e3c7b79bb9d9,2026-09-09T13:34:02,,
PA,2026,2025/2026,False,Compass Minerals,Butler,Statewide Contract,PennDOT / COSTARS,combined,delivered,USD/short ton,44099.0,94.57,4170442.4299999997,,4600016540,award,price+volume,printed,PA_live_2025-2026_sodium_chloride_road_salt_season_contract.pdf,5,https://www.pa.gov/content/dam/copapwp-pagov/en/dgs/documents/documents/costars/2025-2026%20sodium%20chloride%20%28road%20salt%29%20season%20contract.pdf,e507acd5841727336a532450c04941eedaff6f6797e283064853e3c7b79bb9d9,2026-09-09T13:34:02,,
PA,2026,2025/2026,False,Compass Minerals,Crawford,Statewide Contract,PennDOT / COSTARS,combined,delivered,USD/short ton,13393.0,67.9,909384.7000000001,,4600016540,award,price+volume,printed,PA_live_2025-2026_sodium_chloride_road_salt_season_contract.pdf,5,https://www.pa.gov/content/dam/copapwp-pagov/en/dgs/documents/documents/costars/2025-2026%20sodium%20chloride%20%28road%20salt%29%20season%20contract.pdf,e507acd5841727336a532450c04941eedaff6f6797e283064853e3c7b79bb9d9,2026-09-09T13:34:02,,
PA,2026,2025/2026,False,Compass Minerals,Erie,Statewide Contract,PennDOT / COSTARS,combined,delivered,USD/short ton,41243.0,59.62,2458907.6599999997,,4600016540,award,price+volume,printed,PA_live_2025-2026_sodium_chloride_road_salt_season_contract.pdf,5,https://www.pa.gov/content/dam/copapwp-pagov/en/dgs/documents/documents/costars/2025-2026%20sodium%20chloride%20%28road%20salt%29%20season%20contract.pdf,e507acd5841727336a532450c04941eedaff6f6797e283064853e3c7b79bb9d9,2026-09-09T13:34:02,,
PA,2026,2025/2026,False,Compass Minerals,Mercer,Statewide Contract,PennDOT / COSTARS,combined,delivered,USD/short ton,20123.0,69.43,1397139.8900000001,,4600016540,award,price+volume,printed,PA_live_2025-2026_sodium_chloride_road_salt_season_contract.pdf,5,https://www.pa.gov/content/dam/copapwp-pagov/en/dgs/documents/documents/costars/2025-2026%20sodium%20chloride%20%28road%20salt%29%20season%20contract.pdf,e507acd5841727336a532450c04941eedaff6f6797e283064853e3c7b79bb9d9,2026-09-09T13:34:02,,
PA,2026,2025/2026,False,Compass Minerals,Venango,Statewide Contract,PennDOT / COSTARS,combined,delivered,USD/short ton,10604.0,74.15,786286.6000000001,,4600016540,award,price+volume,printed,PA_live_2025-2026_sodium_chloride_road_salt_season_contract.pdf,5,https://www.pa.gov/content/dam/copapwp-pagov/en/dgs/documents/documents/costars/2025-2026%20sodium%20chloride%20%28road%20salt%29%20season%20contract.pdf,e507acd5841727336a532450c04941eedaff6f6797e283064853e3c7b79bb9d9,2026-09-09T13:34:02,,
PA,2026,2025/2026,False,Compass Minerals,Warren,Statewide Contract,PennDOT / COSTARS,combined,delivered,USD/short ton,5681.0,75.27,427608.87,,4600016540,award,price+volume,printed,PA_live_2025-2026_sodium_chloride_road_salt_season_contract.pdf,5,https://www.pa.gov/content/dam/copapwp-pagov/en/dgs/documents/documents/costars/2025-2026%20sodium%20chloride%20%28road%20salt%29%20season%20contract.pdf,e507acd5841727336a532450c04941eedaff6f6797e283064853e3c7b79bb9d9,2026-09-09T13:34:02,,
PA,2026,2025/2026,False,Eastern Salt,Delaware,Statewide Contract,PennDOT / COSTARS,combined,delivered,USD/short ton,10874.0,84.51,918961.7400000001,,4600016542,award,price+volume,printed,PA_live_2025-2026_sodium_chloride_road_salt_season_contract.pdf,5,https://www.pa.gov/content/dam/copapwp-pagov/en/dgs/documents/documents/costars/2025-2026%20sodium%20chloride%20%28road%20salt%29%20season%20contract.pdf,e507acd5841727336a532450c04941eedaff6f6797e283064853e3c7b79bb9d9,2026-09-09T13:34:02,,
PA,2026,2025/2026,False,Eastern Salt,York,Statewide Contract,PennDOT / COSTARS,combined,delivered,USD/short ton,21600.0,83.5,1803600.0,,4600016542,award,price+volume,printed,PA_live_2025-2026_sodium_chloride_road_salt_season_contract.pdf,5,https://www.pa.gov/content/dam/copapwp-pagov/en/dgs/documents/documents/costars/2025-2026%20sodium%20chloride%20%28road%20salt%29%20season%20contract.pdf,e507acd5841727336a532450c04941eedaff6f6797e283064853e3c7b79bb9d9,2026-09-09T13:34:02,,
PA,2026,2025/2026,False,Morton Salt,Adams,Statewide Contract,PennDOT / COSTARS,combined,delivered,USD/short ton,4226.0,90.88,384058.88,,4600016539,award,price+volume,printed,PA_live_2025-2026_sodium_chloride_road_salt_season_contract.pdf,5,https://www.pa.gov/content/dam/copapwp-pagov/en/dgs/documents/documents/costars/2025-2026%20sodium%20chloride%20%28road%20salt%29%20season%20contract.pdf,e507acd5841727336a532450c04941eedaff6f6797e283064853e3c7b79bb9d9,2026-09-09T13:34:02,,
PA,2026,2025/2026,False,Morton Salt,Clarion,Statewide Contract,PennDOT / COSTARS,combined,delivered,USD/short ton,9563.0,82.16,785696.08,,4600016539,award,price+volume,printed,PA_live_2025-2026_sodium_chloride_road_salt_season_contract.pdf,5,https://www.pa.gov/content/dam/copapwp-pagov/en/dgs/documents/documents/costars/2025-2026%20sodium%20chloride%20%28road%20salt%29%20season%20contract.pdf,e507acd5841727336a532450c04941eedaff6f6797e283064853e3c7b79bb9d9,2026-09-09T13:34:02,,
PA,2026,2025/2026,False,Morton Salt,Cumberland,Statewide Contract,PennDOT / COSTARS,combined,delivered,USD/short ton,7056.0,94.54,667074.24,,4600016539,award,price+volume,printed,PA_live_2025-2026_sodium_chloride_road_salt_season_contract.pdf,5,https://www.pa.gov/content/dam/copapwp-pagov/en/dgs/documents/documents/costars/2025-2026%20sodium%20chloride%20%28road%20salt%29%20season%20contract.pdf,e507acd5841727336a532450c04941eedaff6f6797e283064853e3c7b79bb9d9,2026-09-09T13:34:02,,
PA,2026,2025/2026,False,Morton Salt,Philadelphia,Statewide Contract,PennDOT / COSTARS,combined,delivered,USD/short ton,14200.0,84.27,1196634.0,,4600016539,award,price+volume,printed,PA_live_2025-2026_sodium_chloride_road_salt_season_contract.pdf,5,https://www.pa.gov/content/dam/copapwp-pagov/en/dgs/documents/documents/costars/2025-2026%20sodium%20chloride%20%28road%20salt%29%20season%20contract.pdf,e507acd5841727336a532450c04941eedaff6f6797e283064853e3c7b79bb9d9,2026-09-09T13:34:02,,
PA,2027,2026/2027,True,American Rock Salt,Allegheny,Statewide Contract,PennDOT / COSTARS,combined,delivered,USD/short ton,142820.0,94.44,13487920.799999999,89.72,4600016879,award,price+volume,printed,PA_live_2026-2027_sodium_chloride_road_salt_season_contract.pdf,5,https://www.pa.gov/content/dam/copapwp-pagov/en/dgs/documents/costars/member-information/documents/2026-2027%20sodium%20chloride%20%28road%20salt%29%20season%20contract.pdf,5eaa7034412b5029a563ed6e6410466389952351975e8ddc21ecf2bbee5a281b,2026-09-09T13:34:01,,
PA,2027,2026/2027,True,American Rock Salt,Armstrong,Statewide Contract,PennDOT / COSTARS,combined,delivered,USD/short ton,16824.0,96.0,1615104.0,91.2,4600016879,award,price+volume,printed,PA_live_2026-2027_sodium_chloride_road_salt_season_contract.pdf,5,https://www.pa.gov/content/dam/copapwp-pagov/en/dgs/documents/costars/member-information/documents/2026-2027%20sodium%20chloride%20%28road%20salt%29%20season%20contract.pdf,5eaa7034412b5029a563ed6e6410466389952351975e8ddc21ecf2bbee5a281b,2026-09-09T13:34:01,,
PA,2027,2026/2027,True,American Rock Salt,Bedford,Statewide Contract,PennDOT / COSTARS,combined,delivered,USD/short ton,10867.0,108.22,1176026.74,102.81,4600016879,award,price+volume,printed,PA_live_2026-2027_sodium_chloride_road_salt_season_contract.pdf,5,https://www.pa.gov/content/dam/copapwp-pagov/en/dgs/documents/costars/member-information/documents/2026-2027%20sodium%20chloride%20%28road%20salt%29%20season%20contract.pdf,5eaa7034412b5029a563ed6e6410466389952351975e8ddc21ecf2bbee5a281b,2026-09-09T13:34:01,,
PA,2027,2026/2027,True,American Rock Salt,Bradford,Statewide Contract,PennDOT / COSTARS,combined,delivered,USD/short ton,17096.0,81.95,1401017.2,77.85,4600016879,award,price+volume,printed,PA_live_2026-2027_sodium_chloride_road_salt_season_contract.pdf,5,https://www.pa.gov/content/dam/copapwp-pagov/en/dgs/documents/costars/member-information/documents/2026-2027%20sodium%20chloride%20%28road%20salt%29%20season%20contract.pdf,5eaa7034412b5029a563ed6e6410466389952351975e8ddc21ecf2bbee5a281b,2026-09-09T13:34:01,,
PA,2027,2026/2027,True,American Rock Salt,Butler,Statewide Contract,PennDOT / COSTARS,combined,delivered,USD/short ton,56351.0,97.07,5469991.569999999,92.22,4600016879,award,price+volume,printed,PA_live_2026-2027_sodium_chloride_road_salt_season_contract.pdf,5,https://www.pa.gov/content/dam/copapwp-pagov/en/dgs/documents/costars/member-information/documents/2026-2027%20sodium%20chloride%20%28road%20salt%29%20season%20contract.pdf,5eaa7034412b5029a563ed6e6410466389952351975e8ddc21ecf2bbee5a281b,2026-09-09T13:34:01,,
PA,2027,2026/2027,True,American Rock Salt,Cambria,Statewide Contract,PennDOT / COSTARS,combined,delivered,USD/short ton,36248.0,102.18,3703820.64,97.07,4600016879,award,price+volume,printed,PA_live_2026-2027_sodium_chloride_road_salt_season_contract.pdf,5,https://www.pa.gov/content/dam/copapwp-pagov/en/dgs/documents/costars/member-information/documents/2026-2027%20sodium%20chloride%20%28road%20salt%29%20season%20contract.pdf,5eaa7034412b5029a563ed6e6410466389952351975e8ddc21ecf2bbee5a281b,2026-09-09T13:34:01,,
PA,2027,2026/2027,True,American Rock Salt,Cameron,Statewide Contract,PennDOT / COSTARS,combined,delivered,USD/short ton,1794.0,100.52,180332.88,95.49,4600016879,award,price+volume,printed,PA_live_2026-2027_sodium_chloride_road_salt_season_contract.pdf,5,https://www.pa.gov/content/dam/copapwp-pagov/en/dgs/documents/costars/member-information/documents/2026-2027%20sodium%20chloride%20%28road%20salt%29%20season%20contract.pdf,5eaa7034412b5029a563ed6e6410466389952351975e8ddc21ecf2bbee5a281b,2026-09-09T13:34:01,,
PA,2027,2026/2027,True,American Rock Salt,Centre,Statewide Contract,PennDOT / COSTARS,combined,delivered,USD/short ton,24214.0,103.15,2497674.1,97.99,4600016879,award,price+volume,printed,PA_live_2026-2027_sodium_chloride_road_salt_season_contract.pdf,5,https://www.pa.gov/content/dam/copapwp-pagov/en/dgs/documents/costars/member-information/documents/2026-2027%20sodium%20chloride%20%28road%20salt%29%20season%20contract.pdf,5eaa7034412b5029a563ed6e6410466389952351975e8ddc21ecf2bbee5a281b,2026-09-09T13:34:01,,
PA,2027,2026/2027,True,American Rock Salt,Clearfield,Statewide Contract,PennDOT / COSTARS,combined,delivered,USD/short ton,21151.0,97.01,2051858.51,92.16,4600016879,award,price+volume,printed,PA_live_2026-2027_sodium_chloride_road_salt_season_contract.pdf,5,https://www.pa.gov/content/dam/copapwp-pagov/en/dgs/documents/costars/member-information/documents/2026-2027%20sodium%20chloride%20%28road%20salt%29%20season%20contract.pdf,5eaa7034412b5029a563ed6e6410466389952351975e8ddc21ecf2bbee5a281b,2026-09-09T13:34:01,,
PA,2027,2026/2027,True,American Rock Salt,Clinton,Statewide Contract,PennDOT / COSTARS,combined,delivered,USD/short ton,8576.0,100.95,865747.2000000001,95.9,4600016879,award,price+volume,printed,PA_live_2026-2027_sodium_chloride_road_salt_season_contract.pdf,5,https://www.pa.gov/content/dam/copapwp-pagov/en/dgs/documents/costars/member-information/documents/2026-2027%20sodium%20chloride%20%28road%20salt%29%20season%20contract.pdf,5eaa7034412b5029a563ed6e6410466389952351975e8ddc21ecf2bbee5a281b,2026-09-09T13:34:01,,
PA,2027,2026/2027,True,American Rock Salt,Elk,Statewide Contract,PennDOT / COSTARS,combined,delivered,USD/short ton,10351.0,99.4,1028889.4,94.43,4600016879,award,price+volume,printed,PA_live_2026-2027_sodium_chloride_road_salt_season_contract.pdf,5,https://www.pa.gov/content/dam/copapwp-pagov/en/dgs/documents/costars/member-information/documents/2026-2027%20sodium%20chloride%20%28road%20salt%29%20season%20contract.pdf,5eaa7034412b5029a563ed6e6410466389952351975e8ddc21ecf2bbee5a281b,2026-09-09T13:34:01,,
PA,2027,2026/2027,True,American Rock Salt,Fayette,Statewide Contract,PennDOT / COSTARS,combined,delivered,USD/short ton,38370.0,92.04,3531574.8000000003,87.44,4600016879,award,price+volume,printed,PA_live_2026-2027_sodium_chloride_road_salt_season_contract.pdf,5,https://www.pa.gov/content/dam/copapwp-pagov/en/dgs/documents/costars/member-information/documents/2026-2027%20sodium%20chloride%20%28road%20salt%29%20season%20contract.pdf,5eaa7034412b5029a563ed6e6410466389952351975e8ddc21ecf2bbee5a281b,2026-09-09T13:34:01,,
PA,2027,2026/2027,True,American Rock Salt,Forest,Statewide Contract,PennDOT / COSTARS,combined,delivered,USD/short ton,2327.0,92.35,214898.44999999998,87.73,4600016879,award,price+volume,printed,PA_live_2026-2027_sodium_chloride_road_salt_season_contract.pdf,5,https://www.pa.gov/content/dam/copapwp-pagov/en/dgs/documents/costars/member-information/documents/2026-2027%20sodium%20chloride%20%28road%20salt%29%20season%20contract.pdf,5eaa7034412b5029a563ed6e6410466389952351975e8ddc21ecf2bbee5a281b,2026-09-09T13:34:01,,
PA,2027,2026/2027,True,American Rock Salt,Franklin,Statewide Contract,PennDOT / COSTARS,combined,delivered,USD/short ton,8667.0,102.25,886200.75,97.14,4600016879,award,price+volume,printed,PA_live_2026-2027_sodium_chloride_road_salt_season_contract.pdf,5,https://www.pa.gov/content/dam/copapwp-pagov/en/dgs/documents/costars/member-information/documents/2026-2027%20sodium%20chloride%20%28road%20salt%29%20season%20contract.pdf,5eaa7034412b5029a563ed6e6410466389952351975e8ddc21ecf2bbee5a281b,2026-09-09T13:34:01,,
PA,2027,2026/2027,True,American Rock Salt,Fulton,Statewide Contract,PennDOT / COSTARS,combined,delivered,USD/short ton,5052.0,110.35,557488.2,104.83,4600016879,award,price+volume,printed,PA_live_2026-2027_sodium_chloride_road_salt_season_contract.pdf,5,https://www.pa.gov/content/dam/copapwp-pagov/en/dgs/documents/costars/member-information/documents/2026-2027%20sodium%20chloride%20%28road%20salt%29%20season%20contract.pdf,5eaa7034412b5029a563ed6e6410466389952351975e8ddc21ecf2bbee5a281b,2026-09-09T13:34:01,,
PA,2027,2026/2027,True,American Rock Salt,Greene,Statewide Contract,PennDOT / COSTARS,combined,delivered,USD/short ton,12284.0,99.14,1217835.76,94.18,4600016879,award,price+volume,printed,PA_live_2026-2027_sodium_chloride_road_salt_season_contract.pdf,5,https://www.pa.gov/content/dam/copapwp-pagov/en/dgs/documents/costars/member-information/documents/2026-2027%20sodium%20chloride%20%28road%20salt%29%20season%20contract.pdf,5eaa7034412b5029a563ed6e6410466389952351975e8ddc21ecf2bbee5a281b,2026-09-09T13:34:01,,
PA,2027,2026/2027,True,American Rock Salt,Huntingdon,Statewide Contract,PennDOT / COSTARS,combined,delivered,USD/short ton,6629.0,104.49,692664.21,99.27,4600016879,award,price+volume,printed,PA_live_2026-2027_sodium_chloride_road_salt_season_contract.pdf,5,https://www.pa.gov/content/dam/copapwp-pagov/en/dgs/documents/costars/member-information/documents/2026-2027%20sodium%20chloride%20%28road%20salt%29%20season%20contract.pdf,5eaa7034412b5029a563ed6e6410466389952351975e8ddc21ecf2bbee5a281b,2026-09-09T13:34:01,,
PA,2027,2026/2027,True,American Rock Salt,Indiana,Statewide Contract,PennDOT / COSTARS,combined,delivered,USD/short ton,23513.0,97.99,2304038.87,93.09,4600016879,award,price+volume,printed,PA_live_2026-2027_sodium_chloride_road_salt_season_contract.pdf,5,https://www.pa.gov/content/dam/copapwp-pagov/en/dgs/documents/costars/member-information/documents/2026-2027%20sodium%20chloride%20%28road%20salt%29%20season%20contract.pdf,5eaa7034412b5029a563ed6e6410466389952351975e8ddc21ecf2bbee5a281b,2026-09-09T13:34:01,,
PA,2027,2026/2027,True,American Rock Salt,Jefferson,Statewide Contract,PennDOT / COSTARS,combined,delivered,USD/short ton,19794.0,86.22,1706638.68,81.91,4600016879,award,price+volume,printed,PA_live_2026-2027_sodium_chloride_road_salt_season_contract.pdf,5,https://www.pa.gov/content/dam/copapwp-pagov/en/dgs/documents/costars/member-information/documents/2026-2027%20sodium%20chloride%20%28road%20salt%29%20season%20contract.pdf,5eaa7034412b5029a563ed6e6410466389952351975e8ddc21ecf2bbee5a281b,2026-09-09T13:34:01,,
PA,2027,2026/2027,True,American Rock Salt,Juniata,Statewide Contract,PennDOT / COSTARS,combined,delivered,USD/short ton,3325.0,108.65,361261.25,103.22,4600016879,award,price+volume,printed,PA_live_2026-2027_sodium_chloride_road_salt_season_contract.pdf,5,https://www.pa.gov/content/dam/copapwp-pagov/en/dgs/documents/costars/member-information/documents/2026-2027%20sodium%20chloride%20%28road%20salt%29%20season%20contract.pdf,5eaa7034412b5029a563ed6e6410466389952351975e8ddc21ecf2bbee5a281b,2026-09-09T13:34:01,,
PA,2027,2026/2027,True,American Rock Salt,Lackawanna,Statewide Contract,PennDOT / COSTARS,combined,delivered,USD/short ton,50553.0,88.74,4486073.22,84.3,4600016879,award,price+volume,printed,PA_live_2026-2027_sodium_chloride_road_salt_season_contract.pdf,5,https://www.pa.gov/content/dam/copapwp-pagov/en/dgs/documents/costars/member-information/documents/2026-2027%20sodium%20chloride%20%28road%20salt%29%20season%20contract.pdf,5eaa7034412b5029a563ed6e6410466389952351975e8ddc21ecf2bbee5a281b,2026-09-09T13:34:01,,
PA,2027,2026/2027,True,American Rock Salt,Lebanon,Statewide Contract,PennDOT / COSTARS,combined,delivered,USD/short ton,16896.0,94.99,1604951.0399999998,90.24,4600016879,award,price+volume,printed,PA_live_2026-2027_sodium_chloride_road_salt_season_contract.pdf,5,https://www.pa.gov/content/dam/copapwp-pagov/en/dgs/documents/costars/member-information/documents/2026-2027%20sodium%20chloride%20%28road%20salt%29%20season%20contract.pdf,5eaa7034412b5029a563ed6e6410466389952351975e8ddc21ecf2bbee5a281b,2026-09-09T13:34:01,,
PA,2027,2026/2027,True,American Rock Salt,Luzerne,Statewide Contract,PennDOT / COSTARS,combined,delivered,USD/short ton,73599.0,93.2,6859426.8,88.54,4600016879,award,price+volume,printed,PA_live_2026-2027_sodium_chloride_road_salt_season_contract.pdf,5,https://www.pa.gov/content/dam/copapwp-pagov/en/dgs/documents/costars/member-information/documents/2026-2027%20sodium%20chloride%20%28road%20salt%29%20season%20contract.pdf,5eaa7034412b5029a563ed6e6410466389952351975e8ddc21ecf2bbee5a281b,2026-09-09T13:34:01,,
PA,2027,2026/2027,True,American Rock Salt,Lycoming,Statewide Contract,PennDOT / COSTARS,combined,delivered,USD/short ton,20420.0,85.49,1745705.7999999998,81.22,4600016879,award,price+volume,printed,PA_live_2026-2027_sodium_chloride_road_salt_season_contract.pdf,5,https://www.pa.gov/content/dam/copapwp-pagov/en/dgs/documents/costars/member-information/documents/2026-2027%20sodium%20chloride%20%28road%20salt%29%20season%20contract.pdf,5eaa7034412b5029a563ed6e6410466389952351975e8ddc21ecf2bbee5a281b,2026-09-09T13:34:01,,
PA,2027,2026/2027,True,American Rock Salt,Mckean,Statewide Contract,PennDOT / COSTARS,combined,delivered,USD/short ton,11107.0,80.41,893113.87,76.39,4600016879,award,price+volume,printed,PA_live_2026-2027_sodium_chloride_road_salt_season_contract.pdf,5,https://www.pa.gov/content/dam/copapwp-pagov/en/dgs/documents/costars/member-information/documents/2026-2027%20sodium%20chloride%20%28road%20salt%29%20season%20contract.pdf,5eaa7034412b5029a563ed6e6410466389952351975e8ddc21ecf2bbee5a281b,2026-09-09T13:34:01,,
PA,2027,2026/2027,True,American Rock Salt,Mifflin,Statewide Contract,PennDOT / COSTARS,combined,delivered,USD/short ton,6760.0,113.1,764556.0,107.45,4600016879,award,price+volume,printed,PA_live_2026-2027_sodium_chloride_road_salt_season_contract.pdf,5,https://www.pa.gov/content/dam/copapwp-pagov/en/dgs/documents/costars/member-information/documents/2026-2027%20sodium%20chloride%20%28road%20salt%29%20season%20contract.pdf,5eaa7034412b5029a563ed6e6410466389952351975e8ddc21ecf2bbee5a281b,2026-09-09T13:34:01,,
PA,2027,2026/2027,True,American Rock Salt,Montour,Statewide Contract,PennDOT / COSTARS,combined,delivered,USD/short ton,4170.0,96.24,401320.8,91.43,4600016879,award,price+volume,printed,PA_live_2026-2027_sodium_chloride_road_salt_season_contract.pdf,5,https://www.pa.gov/content/dam/copapwp-pagov/en/dgs/documents/costars/member-information/documents/2026-2027%20sodium%20chloride%20%28road%20salt%29%20season%20contract.pdf,5eaa7034412b5029a563ed6e6410466389952351975e8ddc21ecf2bbee5a281b,2026-09-09T13:34:01,,
PA,2027,2026/2027,True,American Rock Salt,Northumberland,Statewide Contract,PennDOT / COSTARS,combined,delivered,USD/short ton,12791.0,99.15,1268227.6500000001,94.19,4600016879,award,price+volume,printed,PA_live_2026-2027_sodium_chloride_road_salt_season_contract.pdf,5,https://www.pa.gov/content/dam/copapwp-pagov/en/dgs/documents/costars/member-information/documents/2026-2027%20sodium%20chloride%20%28road%20salt%29%20season%20contract.pdf,5eaa7034412b5029a563ed6e6410466389952351975e8ddc21ecf2bbee5a281b,2026-09-09T13:34:01,,
PA,2027,2026/2027,True,American Rock Salt,Perry,Statewide Contract,PennDOT / COSTARS,combined,delivered,USD/short ton,7193.0,104.99,755193.07,99.74,4600016879,award,price+volume,printed,PA_live_2026-2027_sodium_chloride_road_salt_season_contract.pdf,5,https://www.pa.gov/content/dam/copapwp-pagov/en/dgs/documents/costars/member-information/documents/2026-2027%20sodium%20chloride%20%28road%20salt%29%20season%20contract.pdf,5eaa7034412b5029a563ed6e6410466389952351975e8ddc21ecf2bbee5a281b,2026-09-09T13:34:01,,
PA,2027,2026/2027,True,American Rock Salt,Pike,Statewide Contract,PennDOT / COSTARS,combined,delivered,USD/short ton,14165.0,98.52,1395535.8,93.59,4600016879,award,price+volume,printed,PA_live_2026-2027_sodium_chloride_road_salt_season_contract.pdf,5,https://www.pa.gov/content/dam/copapwp-pagov/en/dgs/documents/costars/member-information/documents/2026-2027%20sodium%20chloride%20%28road%20salt%29%20season%20contract.pdf,5eaa7034412b5029a563ed6e6410466389952351975e8ddc21ecf2bbee5a281b,2026-09-09T13:34:01,,
PA,2027,2026/2027,True,American Rock Salt,Potter,Statewide Contract,PennDOT / COSTARS,combined,delivered,USD/short ton,4825.0,80.7,389377.5,76.67,4600016879,award,price+volume,printed,PA_live_2026-2027_sodium_chloride_road_salt_season_contract.pdf,5,https://www.pa.gov/content/dam/copapwp-pagov/en/dgs/documents/costars/member-information/documents/2026-2027%20sodium%20chloride%20%28road%20salt%29%20season%20contract.pdf,5eaa7034412b5029a563ed6e6410466389952351975e8ddc21ecf2bbee5a281b,2026-09-09T13:34:01,,
PA,2027,2026/2027,True,American Rock Salt,Snyder,Statewide Contract,PennDOT / COSTARS,combined,delivered,USD/short ton,5336.0,104.42,557185.12,99.2,4600016879,award,price+volume,printed,PA_live_2026-2027_sodium_chloride_road_salt_season_contract.pdf,5,https://www.pa.gov/content/dam/copapwp-pagov/en/dgs/documents/costars/member-information/documents/2026-2027%20sodium%20chloride%20%28road%20salt%29%20season%20contract.pdf,5eaa7034412b5029a563ed6e6410466389952351975e8ddc21ecf2bbee5a281b,2026-09-09T13:34:01,,
PA,2027,2026/2027,True,American Rock Salt,Somerset,Statewide Contract,PennDOT / COSTARS,combined,delivered,USD/short ton,27227.0,100.61,2739308.47,95.58,4600016879,award,price+volume,printed,PA_live_2026-2027_sodium_chloride_road_salt_season_contract.pdf,5,https://www.pa.gov/content/dam/copapwp-pagov/en/dgs/documents/costars/member-information/documents/2026-2027%20sodium%20chloride%20%28road%20salt%29%20season%20contract.pdf,5eaa7034412b5029a563ed6e6410466389952351975e8ddc21ecf2bbee5a281b,2026-09-09T13:34:01,,
PA,2027,2026/2027,True,American Rock Salt,Sullivan,Statewide Contract,PennDOT / COSTARS,combined,delivered,USD/short ton,3649.0,87.37,318813.13,83.0,4600016879,award,price+volume,printed,PA_live_2026-2027_sodium_chloride_road_salt_season_contract.pdf,6,https://www.pa.gov/content/dam/copapwp-pagov/en/dgs/documents/costars/member-information/documents/2026-2027%20sodium%20chloride%20%28road%20salt%29%20season%20contract.pdf,5eaa7034412b5029a563ed6e6410466389952351975e8ddc21ecf2bbee5a281b,2026-09-09T13:34:01,,
PA,2027,2026/2027,True,American Rock Salt,Tioga,Statewide Contract,PennDOT / COSTARS,combined,delivered,USD/short ton,12193.0,77.4,943738.2000000001,73.53,4600016879,award,price+volume,printed,PA_live_2026-2027_sodium_chloride_road_salt_season_contract.pdf,6,https://www.pa.gov/content/dam/copapwp-pagov/en/dgs/documents/costars/member-information/documents/2026-2027%20sodium%20chloride%20%28road%20salt%29%20season%20contract.pdf,5eaa7034412b5029a563ed6e6410466389952351975e8ddc21ecf2bbee5a281b,2026-09-09T13:34:01,,
PA,2027,2026/2027,True,American Rock Salt,Union,Statewide Contract,PennDOT / COSTARS,combined,delivered,USD/short ton,5638.0,98.9,557598.2000000001,93.96,4600016879,award,price+volume,printed,PA_live_2026-2027_sodium_chloride_road_salt_season_contract.pdf,6,https://www.pa.gov/content/dam/copapwp-pagov/en/dgs/documents/costars/member-information/documents/2026-2027%20sodium%20chloride%20%28road%20salt%29%20season%20contract.pdf,5eaa7034412b5029a563ed6e6410466389952351975e8ddc21ecf2bbee5a281b,2026-09-09T13:34:01,,
PA,2027,2026/2027,True,American Rock Salt,Warren,Statewide Contract,PennDOT / COSTARS,combined,delivered,USD/short ton,7969.0,86.27,687485.63,81.96,4600016879,award,price+volume,printed,PA_live_2026-2027_sodium_chloride_road_salt_season_contract.pdf,6,https://www.pa.gov/content/dam/copapwp-pagov/en/dgs/documents/costars/member-information/documents/2026-2027%20sodium%20chloride%20%28road%20salt%29%20season%20contract.pdf,5eaa7034412b5029a563ed6e6410466389952351975e8ddc21ecf2bbee5a281b,2026-09-09T13:34:01,,
PA,2027,2026/2027,True,American Rock Salt,Washington,Statewide Contract,PennDOT / COSTARS,combined,delivered,USD/short ton,66141.0,93.65,6194104.65,88.97,4600016879,award,price+volume,printed,PA_live_2026-2027_sodium_chloride_road_salt_season_contract.pdf,6,https://www.pa.gov/content/dam/copapwp-pagov/en/dgs/documents/costars/member-information/documents/2026-2027%20sodium%20chloride%20%28road%20salt%29%20season%20contract.pdf,5eaa7034412b5029a563ed6e6410466389952351975e8ddc21ecf2bbee5a281b,2026-09-09T13:34:01,,
PA,2027,2026/2027,True,American Rock Salt,Westmoreland,Statewide Contract,PennDOT / COSTARS,combined,delivered,USD/short ton,108199.0,91.13,9860174.87,86.57,4600016879,award,price+volume,printed,PA_live_2026-2027_sodium_chloride_road_salt_season_contract.pdf,6,https://www.pa.gov/content/dam/copapwp-pagov/en/dgs/documents/costars/member-information/documents/2026-2027%20sodium%20chloride%20%28road%20salt%29%20season%20contract.pdf,5eaa7034412b5029a563ed6e6410466389952351975e8ddc21ecf2bbee5a281b,2026-09-09T13:34:01,,
PA,2027,2026/2027,True,American Rock Salt,York,Statewide Contract,PennDOT / COSTARS,combined,delivered,USD/short ton,31870.0,87.5,2788625.0,83.13,4600016879,award,price+volume,printed,PA_live_2026-2027_sodium_chloride_road_salt_season_contract.pdf,6,https://www.pa.gov/content/dam/copapwp-pagov/en/dgs/documents/costars/member-information/documents/2026-2027%20sodium%20chloride%20%28road%20salt%29%20season%20contract.pdf,5eaa7034412b5029a563ed6e6410466389952351975e8ddc21ecf2bbee5a281b,2026-09-09T13:34:01,,
PA,2027,2026/2027,True,Cargill,Beaver,Statewide Contract,PennDOT / COSTARS,combined,delivered,USD/short ton,38222.0,94.43,3609303.4600000004,89.71,4600016880,award,price+volume,printed,PA_live_2026-2027_sodium_chloride_road_salt_season_contract.pdf,6,https://www.pa.gov/content/dam/copapwp-pagov/en/dgs/documents/costars/member-information/documents/2026-2027%20sodium%20chloride%20%28road%20salt%29%20season%20contract.pdf,5eaa7034412b5029a563ed6e6410466389952351975e8ddc21ecf2bbee5a281b,2026-09-09T13:34:01,,
PA,2027,2026/2027,True,Cargill,Blair,Statewide Contract,PennDOT / COSTARS,combined,delivered,USD/short ton,17763.0,102.17,1814845.71,97.06,4600016880,award,price+volume,printed,PA_live_2026-2027_sodium_chloride_road_salt_season_contract.pdf,6,https://www.pa.gov/content/dam/copapwp-pagov/en/dgs/documents/costars/member-information/documents/2026-2027%20sodium%20chloride%20%28road%20salt%29%20season%20contract.pdf,5eaa7034412b5029a563ed6e6410466389952351975e8ddc21ecf2bbee5a281b,2026-09-09T13:34:01,,
PA,2027,2026/2027,True,Cargill,Columbia,Statewide Contract,PennDOT / COSTARS,combined,delivered,USD/short ton,10721.0,93.0,997053.0,88.35,4600016880,award,price+volume,printed,PA_live_2026-2027_sodium_chloride_road_salt_season_contract.pdf,6,https://www.pa.gov/content/dam/copapwp-pagov/en/dgs/documents/costars/member-information/documents/2026-2027%20sodium%20chloride%20%28road%20salt%29%20season%20contract.pdf,5eaa7034412b5029a563ed6e6410466389952351975e8ddc21ecf2bbee5a281b,2026-09-09T13:34:01,,
PA,2027,2026/2027,True,Cargill,Lawrence,Statewide Contract,PennDOT / COSTARS,combined,delivered,USD/short ton,25485.0,89.22,2273771.7,84.76,4600016880,award,price+volume,printed,PA_live_2026-2027_sodium_chloride_road_salt_season_contract.pdf,6,https://www.pa.gov/content/dam/copapwp-pagov/en/dgs/documents/costars/member-information/documents/2026-2027%20sodium%20chloride%20%28road%20salt%29%20season%20contract.pdf,5eaa7034412b5029a563ed6e6410466389952351975e8ddc21ecf2bbee5a281b,2026-09-09T13:34:01,,
PA,2027,2026/2027,True,Cargill,Susquehanna,Statewide Contract,PennDOT / COSTARS,combined,delivered,USD/short ton,26724.0,85.26,2278488.24,81.0,4600016880,award,price+volume,printed,PA_live_2026-2027_sodium_chloride_road_salt_season_contract.pdf,6,https://www.pa.gov/content/dam/copapwp-pagov/en/dgs/documents/costars/member-information/documents/2026-2027%20sodium%20chloride%20%28road%20salt%29%20season%20contract.pdf,5eaa7034412b5029a563ed6e6410466389952351975e8ddc21ecf2bbee5a281b,2026-09-09T13:34:01,,
PA,2027,2026/2027,True,Cargill,Wayne,Statewide Contract,PennDOT / COSTARS,combined,delivered,USD/short ton,16230.0,88.39,1434569.7,83.97,4600016880,award,price+volume,printed,PA_live_2026-2027_sodium_chloride_road_salt_season_contract.pdf,6,https://www.pa.gov/content/dam/copapwp-pagov/en/dgs/documents/costars/member-information/documents/2026-2027%20sodium%20chloride%20%28road%20salt%29%20season%20contract.pdf,5eaa7034412b5029a563ed6e6410466389952351975e8ddc21ecf2bbee5a281b,2026-09-09T13:34:01,,
PA,2027,2026/2027,True,Cargill,Wyoming,Statewide Contract,PennDOT / COSTARS,combined,delivered,USD/short ton,6831.0,89.92,614243.52,85.42,4600016880,award,price+volume,printed,PA_live_2026-2027_sodium_chloride_road_salt_season_contract.pdf,6,https://www.pa.gov/content/dam/copapwp-pagov/en/dgs/documents/costars/member-information/documents/2026-2027%20sodium%20chloride%20%28road%20salt%29%20season%20contract.pdf,5eaa7034412b5029a563ed6e6410466389952351975e8ddc21ecf2bbee5a281b,2026-09-09T13:34:01,,
PA,2027,2026/2027,True,Compass Minerals,Erie,Statewide Contract,PennDOT / COSTARS,combined,delivered,USD/short ton,64036.0,91.26,5843925.36,86.7,4600016881,award,price+volume,printed,PA_live_2026-2027_sodium_chloride_road_salt_season_contract.pdf,6,https://www.pa.gov/content/dam/copapwp-pagov/en/dgs/documents/costars/member-information/documents/2026-2027%20sodium%20chloride%20%28road%20salt%29%20season%20contract.pdf,5eaa7034412b5029a563ed6e6410466389952351975e8ddc21ecf2bbee5a281b,2026-09-09T13:34:01,,
PA,2027,2026/2027,True,Compass Minerals,Venango,Statewide Contract,PennDOT / COSTARS,combined,delivered,USD/short ton,22831.0,80.67,1841776.77,76.64,4600016881,award,price+volume,printed,PA_live_2026-2027_sodium_chloride_road_salt_season_contract.pdf,6,https://www.pa.gov/content/dam/copapwp-pagov/en/dgs/documents/costars/member-information/documents/2026-2027%20sodium%20chloride%20%28road%20salt%29%20season%20contract.pdf,5eaa7034412b5029a563ed6e6410466389952351975e8ddc21ecf2bbee5a281b,2026-09-09T13:34:01,,
PA,2027,2026/2027,True,Eastern Salt,Lancaster,Statewide Contract,PennDOT / COSTARS,combined,delivered,USD/short ton,15355.0,89.0,1366595.0,84.55,4600016882,award,price+volume,printed,PA_live_2026-2027_sodium_chloride_road_salt_season_contract.pdf,7,https://www.pa.gov/content/dam/copapwp-pagov/en/dgs/documents/costars/member-information/documents/2026-2027%20sodium%20chloride%20%28road%20salt%29%20season%20contract.pdf,5eaa7034412b5029a563ed6e6410466389952351975e8ddc21ecf2bbee5a281b,2026-09-09T13:34:01,,
PA,2027,2026/2027,True,Morton Salt,Adams,Statewide Contract,PennDOT / COSTARS,combined,delivered,USD/short ton,5917.0,92.42,546849.14,87.8,4600016883,award,price+volume,printed,PA_live_2026-2027_sodium_chloride_road_salt_season_contract.pdf,7,https://www.pa.gov/content/dam/copapwp-pagov/en/dgs/documents/costars/member-information/documents/2026-2027%20sodium%20chloride%20%28road%20salt%29%20season%20contract.pdf,5eaa7034412b5029a563ed6e6410466389952351975e8ddc21ecf2bbee5a281b,2026-09-09T13:34:01,,
PA,2027,2026/2027,True,Morton Salt,Carbon,Statewide Contract,PennDOT / COSTARS,combined,delivered,USD/short ton,14483.0,97.48,1411802.84,92.61,4600016883,award,price+volume,printed,PA_live_2026-2027_sodium_chloride_road_salt_season_contract.pdf,7,https://www.pa.gov/content/dam/copapwp-pagov/en/dgs/documents/costars/member-information/documents/2026-2027%20sodium%20chloride%20%28road%20salt%29%20season%20contract.pdf,5eaa7034412b5029a563ed6e6410466389952351975e8ddc21ecf2bbee5a281b,2026-09-09T13:34:01,,
PA,2027,2026/2027,True,Morton Salt,Clarion,Statewide Contract,PennDOT / COSTARS,combined,delivered,USD/short ton,11080.0,90.38,1001410.3999999999,85.86,4600016883,award,price+volume,printed,PA_live_2026-2027_sodium_chloride_road_salt_season_contract.pdf,7,https://www.pa.gov/content/dam/copapwp-pagov/en/dgs/documents/costars/member-information/documents/2026-2027%20sodium%20chloride%20%28road%20salt%29%20season%20contract.pdf,5eaa7034412b5029a563ed6e6410466389952351975e8ddc21ecf2bbee5a281b,2026-09-09T13:34:01,,
PA,2027,2026/2027,True,Morton Salt,Crawford,Statewide Contract,PennDOT / COSTARS,combined,delivered,USD/short ton,22738.0,83.49,1898395.6199999999,79.32,4600016883,award,price+volume,printed,PA_live_2026-2027_sodium_chloride_road_salt_season_contract.pdf,7,https://www.pa.gov/content/dam/copapwp-pagov/en/dgs/documents/costars/member-information/documents/2026-2027%20sodium%20chloride%20%28road%20salt%29%20season%20contract.pdf,5eaa7034412b5029a563ed6e6410466389952351975e8ddc21ecf2bbee5a281b,2026-09-09T13:34:01,,
PA,2027,2026/2027,True,Morton Salt,Cumberland,Statewide Contract,PennDOT / COSTARS,combined,delivered,USD/short ton,11016.0,97.88,1078246.0799999998,92.99,4600016883,award,price+volume,printed,PA_live_2026-2027_sodium_chloride_road_salt_season_contract.pdf,7,https://www.pa.gov/content/dam/copapwp-pagov/en/dgs/documents/costars/member-information/documents/2026-2027%20sodium%20chloride%20%28road%20salt%29%20season%20contract.pdf,5eaa7034412b5029a563ed6e6410466389952351975e8ddc21ecf2bbee5a281b,2026-09-09T13:34:01,,
PA,2027,2026/2027,True,Morton Salt,Dauphin,Statewide Contract,PennDOT / COSTARS,combined,delivered,USD/short ton,18675.0,95.99,1792613.25,91.19,4600016883,award,price+volume,printed,PA_live_2026-2027_sodium_chloride_road_salt_season_contract.pdf,7,https://www.pa.gov/content/dam/copapwp-pagov/en/dgs/documents/costars/member-information/documents/2026-2027%20sodium%20chloride%20%28road%20salt%29%20season%20contract.pdf,5eaa7034412b5029a563ed6e6410466389952351975e8ddc21ecf2bbee5a281b,2026-09-09T13:34:01,,
PA,2027,2026/2027,True,Morton Salt,Mercer,Statewide Contract,PennDOT / COSTARS,combined,delivered,USD/short ton,33081.0,77.82,2574363.42,73.93,4600016883,award,price+volume,printed,PA_live_2026-2027_sodium_chloride_road_salt_season_contract.pdf,7,https://www.pa.gov/content/dam/copapwp-pagov/en/dgs/documents/costars/member-information/documents/2026-2027%20sodium%20chloride%20%28road%20salt%29%20season%20contract.pdf,5eaa7034412b5029a563ed6e6410466389952351975e8ddc21ecf2bbee5a281b,2026-09-09T13:34:01,,
PA,2027,2026/2027,True,Riverside Construction Materials,Berks,Statewide Contract,PennDOT / COSTARS,combined,delivered,USD/short ton,42827.0,82.5,3533227.5,78.38,4600016886,award,price+volume,printed,PA_live_2026-2027_sodium_chloride_road_salt_season_contract.pdf,7,https://www.pa.gov/content/dam/copapwp-pagov/en/dgs/documents/costars/member-information/documents/2026-2027%20sodium%20chloride%20%28road%20salt%29%20season%20contract.pdf,5eaa7034412b5029a563ed6e6410466389952351975e8ddc21ecf2bbee5a281b,2026-09-09T13:34:01,,
PA,2027,2026/2027,True,Riverside Construction Materials,Bucks,Statewide Contract,PennDOT / COSTARS,combined,delivered,USD/short ton,37351.0,75.0,2801325.0,71.25,4600016886,award,price+volume,printed,PA_live_2026-2027_sodium_chloride_road_salt_season_contract.pdf,7,https://www.pa.gov/content/dam/copapwp-pagov/en/dgs/documents/costars/member-information/documents/2026-2027%20sodium%20chloride%20%28road%20salt%29%20season%20contract.pdf,5eaa7034412b5029a563ed6e6410466389952351975e8ddc21ecf2bbee5a281b,2026-09-09T13:34:01,,
PA,2027,2026/2027,True,Riverside Construction Materials,Chester,Statewide Contract,PennDOT / COSTARS,combined,delivered,USD/short ton,42814.0,80.0,3425120.0,76.0,4600016886,award,price+volume,printed,PA_live_2026-2027_sodium_chloride_road_salt_season_contract.pdf,7,https://www.pa.gov/content/dam/copapwp-pagov/en/dgs/documents/costars/member-information/documents/2026-2027%20sodium%20chloride%20%28road%20salt%29%20season%20contract.pdf,5eaa7034412b5029a563ed6e6410466389952351975e8ddc21ecf2bbee5a281b,2026-09-09T13:34:01,,
PA,2027,2026/2027,True,Riverside Construction Materials,Delaware,Statewide Contract,PennDOT / COSTARS,combined,delivered,USD/short ton,25472.0,80.0,2037760.0,76.0,4600016886,award,price+volume,printed,PA_live_2026-2027_sodium_chloride_road_salt_season_contract.pdf,7,https://www.pa.gov/content/dam/copapwp-pagov/en/dgs/documents/costars/member-information/documents/2026-2027%20sodium%20chloride%20%28road%20salt%29%20season%20contract.pdf,5eaa7034412b5029a563ed6e6410466389952351975e8ddc21ecf2bbee5a281b,2026-09-09T13:34:01,,
PA,2027,2026/2027,True,Riverside Construction Materials,Lehigh,Statewide Contract,PennDOT / COSTARS,combined,delivered,USD/short ton,36326.0,85.0,3087710.0,80.75,4600016886,award,price+volume,printed,PA_live_2026-2027_sodium_chloride_road_salt_season_contract.pdf,7,https://www.pa.gov/content/dam/copapwp-pagov/en/dgs/documents/costars/member-information/documents/2026-2027%20sodium%20chloride%20%28road%20salt%29%20season%20contract.pdf,5eaa7034412b5029a563ed6e6410466389952351975e8ddc21ecf2bbee5a281b,2026-09-09T13:34:01,,
PA,2027,2026/2027,True,Riverside Construction Materials,Monroe,Statewide Contract,PennDOT / COSTARS,combined,delivered,USD/short ton,25182.0,90.0,2266380.0,85.5,4600016886,award,price+volume,printed,PA_live_2026-2027_sodium_chloride_road_salt_season_contract.pdf,7,https://www.pa.gov/content/dam/copapwp-pagov/en/dgs/documents/costars/member-information/documents/2026-2027%20sodium%20chloride%20%28road%20salt%29%20season%20contract.pdf,5eaa7034412b5029a563ed6e6410466389952351975e8ddc21ecf2bbee5a281b,2026-09-09T13:34:01,,
PA,2027,2026/2027,True,Riverside Construction Materials,Montgomery,Statewide Contract,PennDOT / COSTARS,combined,delivered,USD/short ton,28693.0,75.0,2151975.0,71.25,4600016886,award,price+volume,printed,PA_live_2026-2027_sodium_chloride_road_salt_season_contract.pdf,8,https://www.pa.gov/content/dam/copapwp-pagov/en/dgs/documents/costars/member-information/documents/2026-2027%20sodium%20chloride%20%28road%20salt%29%20season%20contract.pdf,5eaa7034412b5029a563ed6e6410466389952351975e8ddc21ecf2bbee5a281b,2026-09-09T13:34:01,,
PA,2027,2026/2027,True,Riverside Construction Materials,Northampton,Statewide Contract,PennDOT / COSTARS,combined,delivered,USD/short ton,47429.0,85.0,4031465.0,80.75,4600016886,award,price+volume,printed,PA_live_2026-2027_sodium_chloride_road_salt_season_contract.pdf,8,https://www.pa.gov/content/dam/copapwp-pagov/en/dgs/documents/costars/member-information/documents/2026-2027%20sodium%20chloride%20%28road%20salt%29%20season%20contract.pdf,5eaa7034412b5029a563ed6e6410466389952351975e8ddc21ecf2bbee5a281b,2026-09-09T13:34:01,,
PA,2027,2026/2027,True,Riverside Construction Materials,Philadelphia,Statewide Contract,PennDOT / COSTARS,combined,delivered,USD/short ton,15200.0,75.0,1140000.0,71.25,4600016886,award,price+volume,printed,PA_live_2026-2027_sodium_chloride_road_salt_season_contract.pdf,8,https://www.pa.gov/content/dam/copapwp-pagov/en/dgs/documents/costars/member-information/documents/2026-2027%20sodium%20chloride%20%28road%20salt%29%20season%20contract.pdf,5eaa7034412b5029a563ed6e6410466389952351975e8ddc21ecf2bbee5a281b,2026-09-09T13:34:01,,
PA,2027,2026/2027,True,Riverside Construction Materials,Schuylkill,Statewide Contract,PennDOT / COSTARS,combined,delivered,USD/short ton,30742.0,92.0,2828264.0,87.4,4600016886,award,price+volume,printed,PA_live_2026-2027_sodium_chloride_road_salt_season_contract.pdf,8,https://www.pa.gov/content/dam/copapwp-pagov/en/dgs/documents/costars/member-information/documents/2026-2027%20sodium%20chloride%20%28road%20salt%29%20season%20contract.pdf,5eaa7034412b5029a563ed6e6410466389952351975e8ddc21ecf2bbee5a281b,2026-09-09T13:34:01,,
